#verts = 8534, #faces = 5460
v -0.0009031955 1.603522 -0.01369201 1.0
v -0.001854981 1.604342 -0.003475711 1.0
v -0.002548178 1.603359 0.006737268 1.0
v -0.002838875 1.601713 0.01670175 1.0
v -0.00307258 1.599695 0.02651804 1.0
v -0.003266882 1.59687 0.03588965 1.0
v -0.003338699 1.592946 0.04463185 1.0
v -0.003093033 1.588093 0.05296005 1.0
v -0.002621629 1.582633 0.06090222 1.0
v -0.001995148 1.576636 0.0683682 1.0
v -0.001326543 1.5701 0.0754066 1.0
v -0.0007669755 1.562946 0.08204085 1.0
v -0.0003426214 1.555878 0.08768642 1.0
v 0.0001381237 1.549027 0.09226254 1.0
v 0.0011805 1.540908 0.09653548 1.0
v 0.002479337 1.531167 0.1006096 1.0
v 0.003282662 1.521325 0.1034021 1.0
v 0.003881511 1.511544 0.1052122 1.0
v 0.004572568 1.502069 0.1062482 1.0
v 0.005440769 1.492266 0.1066134 1.0
v 0.006355168 1.482914 0.1060821 1.0
v 0.00758971 1.473527 0.1036961 1.0
v 0.008947543 1.464153 0.1010528 1.0
v 0.01134142 1.45525 0.09886657 1.0
v 0.01631805 1.446681 0.0972234 1.0
v -0.0009031955 1.603522 -0.01369201 1.0
v -0.001854981 1.604342 -0.003475711 1.0
v -0.002548178 1.603359 0.006737268 1.0
v -0.002838875 1.601713 0.01670175 1.0
v -0.00307258 1.599695 0.02651804 1.0
v -0.003266882 1.59687 0.03588965 1.0
v -0.003338699 1.592946 0.04463185 1.0
v -0.003093033 1.588093 0.05296005 1.0
v -0.002621629 1.582633 0.06090222 1.0
v -0.001995148 1.576636 0.0683682 1.0
v -0.001326543 1.5701 0.0754066 1.0
v -0.0007669755 1.562946 0.08204085 1.0
v -0.0003426214 1.555878 0.08768642 1.0
v 0.0001381237 1.549027 0.09226254 1.0
v 0.0011805 1.540908 0.09653548 1.0
v 0.002479337 1.531167 0.1006096 1.0
v 0.003282662 1.521325 0.1034021 1.0
v 0.003881511 1.511544 0.1052122 1.0
v 0.004572568 1.502069 0.1062482 1.0
v 0.005440769 1.492266 0.1066134 1.0
v 0.006355168 1.482914 0.1060821 1.0
v 0.00758971 1.473527 0.1036961 1.0
v 0.008947543 1.464153 0.1010528 1.0
v 0.01134142 1.45525 0.09886657 1.0
v 0.01631805 1.446681 0.0972234 1.0
v -0.0009034981 1.603522 -0.01369211 1.0
v -0.004306518 1.603292 -0.004328594 1.0
v -0.007525017 1.601273 0.004625366 1.0
v -0.01047501 1.598603 0.01380113 1.0
v -0.01304141 1.595653 0.02271066 1.0
v -0.01515046 1.592009 0.03120208 1.0
v -0.01675895 1.587492 0.03915083 1.0
v -0.01796117 1.582099 0.0467793 1.0
v -0.01884342 1.576133 0.05411143 1.0
v -0.01939042 1.569743 0.06101032 1.0
v -0.01962441 1.562965 0.067495 1.0
v -0.01961222 1.555824 0.07354769 1.0
v -0.01927917 1.548419 0.07913429 1.0
v -0.01833787 1.540789 0.08425194 1.0
v -0.01667659 1.532913 0.08886784 1.0
v -0.01475139 1.524732 0.09287679 1.0
v -0.01306773 1.515831 0.09631655 1.0
v -0.01140621 1.507015 0.0988929 1.0
v -0.009270465 1.498251 0.1003859 1.0
v -0.006652769 1.489319 0.1007207 1.0
v -0.003534959 1.480115 0.1004677 1.0
v -0.0002803344 1.470965 0.09984654 1.0
v 0.003674007 1.461925 0.09891242 1.0
v 0.009087054 1.45354 0.09804866 1.0
v 0.01621931 1.446585 0.0972021 1.0
v -0.0009038012 1.603522 -0.01369223 1.0
v -0.006783857 1.604181 -0.005283683 1.0
v -0.01278899 1.603155 0.003099741 1.0
v -0.01848797 1.601477 0.01181992 1.0
v -0.02366262 1.599299 0.02068397 1.0
v -0.02812224 1.596031 0.02966021 1.0
v -0.03170729 1.5915 0.03853518 1.0
v -0.03469031 1.586009 0.04697342 1.0
v -0.0371912 1.579869 0.05506673 1.0
v -0.03912962 1.573113 0.06281244 1.0
v -0.04044728 1.565819 0.07006058 1.0
v -0.04113259 1.558113 0.07665282 1.0
v -0.04097862 1.549382 0.08307986 1.0
v -0.03947096 1.539651 0.08930108 1.0
v -0.03681376 1.530632 0.09442372 1.0
v -0.03386651 1.522581 0.09817684 1.0
v -0.0308508 1.513908 0.1015877 1.0
v -0.02753758 1.5047 0.1042388 1.0
v -0.02361734 1.494944 0.1052643 1.0
v -0.01939286 1.485531 0.1043269 1.0
v -0.01425586 1.476039 0.1028375 1.0
v -0.008230545 1.467152 0.1022065 1.0
v -0.001241748 1.4589 0.100923 1.0
v 0.007181587 1.451633 0.0992355 1.0
v 0.01614628 1.44649 0.09727438 1.0
v -0.0009038012 1.603522 -0.01369223 1.0
v -0.006783857 1.604181 -0.005283683 1.0
v -0.01278899 1.603155 0.003099741 1.0
v -0.01848797 1.601477 0.01181992 1.0
v -0.02366262 1.599299 0.02068397 1.0
v -0.02812224 1.596031 0.02966021 1.0
v -0.03170729 1.5915 0.03853518 1.0
v -0.03469031 1.586009 0.04697342 1.0
v -0.0371912 1.579869 0.05506673 1.0
v -0.03912962 1.573113 0.06281244 1.0
v -0.04044728 1.565819 0.07006058 1.0
v -0.04113259 1.558113 0.07665282 1.0
v -0.04097862 1.549382 0.08307986 1.0
v -0.03947096 1.539651 0.08930108 1.0
v -0.03681376 1.530632 0.09442372 1.0
v -0.03386651 1.522581 0.09817684 1.0
v -0.0308508 1.513908 0.1015877 1.0
v -0.02753758 1.5047 0.1042388 1.0
v -0.02361734 1.494944 0.1052643 1.0
v -0.01939286 1.485531 0.1043269 1.0
v -0.01425586 1.476039 0.1028375 1.0
v -0.008230545 1.467152 0.1022065 1.0
v -0.001241748 1.4589 0.100923 1.0
v 0.007181587 1.451633 0.0992355 1.0
v 0.01614628 1.44649 0.09727438 1.0
v -0.0009034984 1.603522 -0.01369213 1.0
v -0.004332319 1.605232 -0.0044308 1.0
v -0.007812147 1.605241 0.005211643 1.0
v -0.01085183 1.604587 0.01472055 1.0
v -0.01369379 1.603342 0.02449135 1.0
v -0.01623867 1.600892 0.03434778 1.0
v -0.01828704 1.596955 0.0440162 1.0
v -0.01982216 1.592003 0.05315417 1.0
v -0.02096941 1.58637 0.06185751 1.0
v -0.02173435 1.580006 0.07017031 1.0
v -0.02214942 1.572955 0.07797218 1.0
v -0.02228734 1.565235 0.08514599 1.0
v -0.02204208 1.556841 0.09163198 1.0
v -0.02099497 1.547889 0.09731168 1.0
v -0.01895667 1.538626 0.1020914 1.0
v -0.01663577 1.529016 0.1059097 1.0
v -0.0145004 1.519401 0.1086733 1.0
v -0.01224986 1.509229 0.1105581 1.0
v -0.009774305 1.498762 0.1111266 1.0
v -0.007299328 1.488478 0.1102197 1.0
v -0.004365732 1.478838 0.1084519 1.0
v -0.0003605019 1.469713 0.106056 1.0
v 0.004031787 1.461128 0.1030633 1.0
v 0.009435955 1.453343 0.1000534 1.0
v 0.01624501 1.446587 0.09729567 1.0
v -0.0009031955 1.603522 -0.01369201 1.0
v -0.0009034981 1.603522 -0.01369211 1.0
v -0.0009038012 1.603522 -0.01369223 1.0
v -0.0009034984 1.603522 -0.01369213 1.0
v 0.01631805 1.446681 0.0972234 1.0
v 0.01621931 1.446585 0.0972021 1.0
v 0.01614628 1.44649 0.09727438 1.0
v 0.01624501 1.446587 0.09729567 1.0
v -0.001697752 1.603491 -0.01416687 1.0
v -0.001179854 1.604334 -0.00423674 1.0
v -0.0004559215 1.603672 0.00570404 1.0
v 0.0006457034 1.602072 0.01523961 1.0
v 0.001799636 1.600451 0.02472256 1.0
v 0.002904779 1.598279 0.03386902 1.0
v 0.004057621 1.59513 0.04241248 1.0
v 0.005613136 1.590693 0.0504243 1.0
v 0.007356564 1.5854 0.05819455 1.0
v 0.009079334 1.579701 0.06554544 1.0
v 0.01075347 1.573483 0.07245719 1.0
v 0.01211557 1.566324 0.07926285 1.0
v 0.01285431 1.558623 0.08571055 1.0
v 0.01311948 1.551265 0.09103908 1.0
v 0.01338498 1.544067 0.09525822 1.0
v 0.01398956 1.535666 0.09899732 1.0
v 0.01463588 1.525922 0.1023099 1.0
v 0.01471014 1.515858 0.1047513 1.0
v 0.01439629 1.506396 0.106119 1.0
v 0.01440428 1.497921 0.1065149 1.0
v 0.01498871 1.489056 0.1061258 1.0
v 0.01552384 1.478972 0.1047793 1.0
v 0.01522885 1.468826 0.1023139 1.0
v 0.01438628 1.459038 0.09986695 1.0
v 0.01404253 1.449317 0.09799178 1.0
v -0.001697752 1.603491 -0.01416687 1.0
v -0.001179854 1.604334 -0.00423674 1.0
v -0.0004559215 1.603672 0.00570404 1.0
v 0.0006457034 1.602072 0.01523961 1.0
v 0.001799636 1.600451 0.02472256 1.0
v 0.002904779 1.598279 0.03386902 1.0
v 0.004057621 1.59513 0.04241248 1.0
v 0.005613136 1.590693 0.0504243 1.0
v 0.007356564 1.5854 0.05819455 1.0
v 0.009079334 1.579701 0.06554544 1.0
v 0.01075347 1.573483 0.07245719 1.0
v 0.01211557 1.566324 0.07926285 1.0
v 0.01285431 1.558623 0.08571055 1.0
v 0.01311948 1.551265 0.09103908 1.0
v 0.01338498 1.544067 0.09525822 1.0
v 0.01398956 1.535666 0.09899732 1.0
v 0.01463588 1.525922 0.1023099 1.0
v 0.01471014 1.515858 0.1047513 1.0
v 0.01439629 1.506396 0.106119 1.0
v 0.01440428 1.497921 0.1065149 1.0
v 0.01498871 1.489056 0.1061258 1.0
v 0.01552384 1.478972 0.1047793 1.0
v 0.01522885 1.468826 0.1023139 1.0
v 0.01438628 1.459038 0.09986695 1.0
v 0.01404253 1.449317 0.09799178 1.0
v -0.001698065 1.603491 -0.01416692 1.0
v -0.00372104 1.603271 -0.0047405 1.0
v -0.005662944 1.601547 0.004306773 1.0
v -0.007275037 1.598864 0.0134055 1.0
v -0.00846287 1.596071 0.02233269 1.0
v -0.009236804 1.592762 0.03087492 1.0
v -0.009628043 1.588788 0.03889459 1.0
v -0.009690002 1.583936 0.0465074 1.0
v -0.009478675 1.578413 0.05380489 1.0
v -0.009029173 1.572317 0.06087637 1.0
v -0.008357039 1.565976 0.06728444 1.0
v -0.007696059 1.559262 0.073293 1.0
v -0.007152142 1.55222 0.07892123 1.0
v -0.006503514 1.544948 0.08408014 1.0
v -0.005426277 1.537406 0.08867484 1.0
v -0.003924895 1.529531 0.09270951 1.0
v -0.002350307 1.521367 0.09611013 1.0
v -0.001097318 1.512806 0.09883782 1.0
v 6.100856E-05 1.503758 0.1008169 1.0
v 0.001816586 1.495067 0.101712 1.0
v 0.004573431 1.486534 0.1014004 1.0
v 0.007564344 1.477476 0.1005691 1.0
v 0.009715816 1.468088 0.09978095 1.0
v 0.0116404 1.458655 0.09887164 1.0
v 0.01391212 1.449284 0.09795389 1.0
v -0.001698382 1.603491 -0.014167 1.0
v -0.006308302 1.604148 -0.005355993 1.0
v -0.01108212 1.603404 0.003432591 1.0
v -0.01552024 1.601634 0.01254665 1.0
v -0.01936574 1.599383 0.02171793 1.0
v -0.02247531 1.596162 0.03092483 1.0
v -0.02473315 1.591985 0.04012363 1.0
v -0.02638601 1.587157 0.04896865 1.0
v -0.02760904 1.581772 0.05719926 1.0
v -0.02841407 1.575674 0.06502321 1.0
v -0.02870569 1.568978 0.07230856 1.0
v -0.02868097 1.56219 0.07868429 1.0
v -0.02837152 1.554979 0.08435104 1.0
v -0.02740144 1.546535 0.08992439 1.0
v -0.02541592 1.537132 0.09514924 1.0
v -0.02270613 1.528319 0.09933546 1.0
v -0.01987661 1.520241 0.1023777 1.0
v -0.01720977 1.511851 0.1046375 1.0
v -0.01442888 1.502457 0.1061949 1.0
v -0.01075857 1.492079 0.1064661 1.0
v -0.005964836 1.482617 0.1046817 1.0
v -0.0008837476 1.474629 0.1025286 1.0
v 0.004051746 1.46645 0.1013908 1.0
v 0.00898942 1.457854 0.09987511 1.0
v 0.01379316 1.449238 0.09801157 1.0
v -0.001698382 1.603491 -0.014167 1.0
v -0.006308302 1.604148 -0.005355993 1.0
v -0.01108212 1.603404 0.003432591 1.0
v -0.01552024 1.601634 0.01254665 1.0
v -0.01936574 1.599383 0.02171793 1.0
v -0.02247531 1.596162 0.03092483 1.0
v -0.02473315 1.591985 0.04012363 1.0
v -0.02638601 1.587157 0.04896865 1.0
v -0.02760904 1.581772 0.05719926 1.0
v -0.02841407 1.575674 0.06502321 1.0
v -0.02870569 1.568978 0.07230856 1.0
v -0.02868097 1.56219 0.07868429 1.0
v -0.02837152 1.554979 0.08435104 1.0
v -0.02740144 1.546535 0.08992439 1.0
v -0.02541592 1.537132 0.09514924 1.0
v -0.02270613 1.528319 0.09933546 1.0
v -0.01987661 1.520241 0.1023777 1.0
v -0.01720977 1.511851 0.1046375 1.0
v -0.01442888 1.502457 0.1061949 1.0
v -0.01075857 1.492079 0.1064661 1.0
v -0.005964836 1.482617 0.1046817 1.0
v -0.0008837476 1.474629 0.1025286 1.0
v 0.004051746 1.46645 0.1013908 1.0
v 0.00898942 1.457854 0.09987511 1.0
v 0.01379316 1.449238 0.09801157 1.0
v -0.00169807 1.603492 -0.01416695 1.0
v -0.003767116 1.605211 -0.004852233 1.0
v -0.005875093 1.605529 0.004829857 1.0
v -0.007599501 1.604842 0.01438076 1.0
v -0.009103229 1.603763 0.0241078 1.0
v -0.01033372 1.601679 0.03391892 1.0
v -0.01104749 1.598327 0.04364152 1.0
v -0.01108287 1.593914 0.05288555 1.0
v -0.0107738 1.588759 0.06158892 1.0
v -0.01030556 1.583058 0.06969228 1.0
v -0.009595184 1.576485 0.07748131 1.0
v -0.008869341 1.569251 0.08465413 1.0
v -0.008365069 1.561383 0.09114037 1.0
v -0.007778452 1.552852 0.09688333 1.0
v -0.006604667 1.543793 0.1017326 1.0
v -0.004791673 1.534455 0.1056233 1.0
v -0.002890423 1.524796 0.1085775 1.0
v -0.001402316 1.514903 0.110551 1.0
v -9.359248E-05 1.505095 0.1114971 1.0
v 0.001829125 1.494933 0.1112691 1.0
v 0.004450441 1.485138 0.1094071 1.0
v 0.007075753 1.476125 0.1067389 1.0
v 0.009564783 1.467189 0.1039237 1.0
v 0.0117353 1.458237 0.1008704 1.0
v 0.01392358 1.449271 0.09804947 1.0
v -0.001697752 1.603491 -0.01416687 1.0
v -0.001698065 1.603491 -0.01416692 1.0
v -0.001698382 1.603491 -0.014167 1.0
v -0.00169807 1.603492 -0.01416695 1.0
v 0.01404253 1.449317 0.09799178 1.0
v 0.01391212 1.449284 0.09795389 1.0
v 0.01379316 1.449238 0.09801157 1.0
v 0.01392358 1.449271 0.09804947 1.0
v 0.0001305075 1.603545 -0.01305654 1.0
v 0.00254262 1.604275 -0.003149275 1.0
v 0.005104069 1.603359 0.006782623 1.0
v 0.007259098 1.601709 0.01698083 1.0
v 0.008616902 1.599595 0.02717035 1.0
v 0.01003096 1.597116 0.03581377 1.0
v 0.01217977 1.593832 0.04294249 1.0
v 0.01503374 1.589077 0.0504556 1.0
v 0.01787799 1.582938 0.05865866 1.0
v 0.0201067 1.576791 0.06618015 1.0
v 0.02207114 1.571282 0.07215463 1.0
v 0.02416403 1.566219 0.07695488 1.0
v 0.02692368 1.559612 0.08214861 1.0
v 0.0297525 1.551484 0.08733232 1.0
v 0.03203986 1.543164 0.09139865 1.0
v 0.03442687 1.532626 0.09527574 1.0
v 0.03522785 1.52184 0.09829658 1.0
v 0.034607 1.510908 0.1005328 1.0
v 0.03357806 1.501599 0.101308 1.0
v 0.0320932 1.49153 0.1007484 1.0
v 0.03046707 1.482878 0.09967145 1.0
v 0.03012271 1.474711 0.09840144 1.0
v 0.0314921 1.465259 0.096035 1.0
v 0.0339855 1.455839 0.09322024 1.0
v 0.0001305075 1.603545 -0.01305654 1.0
v 0.00254262 1.604275 -0.003149275 1.0
v 0.005104069 1.603359 0.006782623 1.0
v 0.007259098 1.601709 0.01698083 1.0
v 0.008616902 1.599595 0.02717035 1.0
v 0.01003096 1.597116 0.03581377 1.0
v 0.01217977 1.593832 0.04294249 1.0
v 0.01503374 1.589077 0.0504556 1.0
v 0.01787799 1.582938 0.05865866 1.0
v 0.0201067 1.576791 0.06618015 1.0
v 0.02207114 1.571282 0.07215463 1.0
v 0.02416403 1.566219 0.07695488 1.0
v 0.02692368 1.559612 0.08214861 1.0
v 0.0297525 1.551484 0.08733232 1.0
v 0.03203986 1.543164 0.09139865 1.0
v 0.03442687 1.532626 0.09527574 1.0
v 0.03522785 1.52184 0.09829658 1.0
v 0.034607 1.510908 0.1005328 1.0
v 0.03357806 1.501599 0.101308 1.0
v 0.0320932 1.49153 0.1007484 1.0
v 0.03046707 1.482878 0.09967145 1.0
v 0.03012271 1.474711 0.09840144 1.0
v 0.0314921 1.465259 0.096035 1.0
v 0.0339855 1.455839 0.09322024 1.0
v 0.0001301817 1.603545 -0.01305653 1.0
v -0.0002224894 1.603312 -0.003193861 1.0
v -0.0005602546 1.601293 0.006204754 1.0
v -0.001197338 1.598567 0.01572282 1.0
v -0.002307423 1.595676 0.02484963 1.0
v -0.00296713 1.592165 0.03352337 1.0
v -0.002520579 1.587831 0.04157652 1.0
v -0.001379438 1.582637 0.04920855 1.0
v -0.0002509369 1.576836 0.05650117 1.0
v 0.0007001079 1.570607 0.06336085 1.0
v 0.00195638 1.564002 0.0697765 1.0
v 0.00411985 1.557172 0.07562589 1.0
v 0.007100986 1.550226 0.08085526 1.0
v 0.01019607 1.543044 0.08547235 1.0
v 0.01326934 1.535416 0.08943873 1.0
v 0.0162218 1.527324 0.09277755 1.0
v 0.01813263 1.518401 0.09574544 1.0
v 0.01891352 1.509429 0.09810251 1.0
v 0.01959691 1.500354 0.0994556 1.0
v 0.02004063 1.491151 0.09965498 1.0
v 0.02108395 1.481583 0.09904211 1.0
v 0.02420798 1.472416 0.09767654 1.0
v 0.02875656 1.463901 0.09562839 1.0
v 0.03386597 1.455769 0.09320066 1.0
v 0.0001298639 1.603545 -0.01305656 1.0
v -0.002946161 1.604378 -0.003335023 1.0
v -0.006246365 1.603377 0.006300567 1.0
v -0.009759194 1.601665 0.0154736 1.0
v -0.01341373 1.599746 0.02443375 1.0
v -0.01636963 1.596414 0.03453765 1.0
v -0.01753679 1.591633 0.04532364 1.0
v -0.01775391 1.58649 0.054635 1.0
v -0.01800052 1.581385 0.06240038 1.0
v -0.01823274 1.575081 0.07001911 1.0
v -0.01763175 1.567081 0.07814813 1.0
v -0.01525286 1.557825 0.08609746 1.0
v -0.01176169 1.549472 0.09209524 1.0
v -0.008035741 1.541725 0.09656355 1.0
v -0.003799574 1.533216 0.1003939 1.0
v -4.550902E-05 1.526103 0.1027605 1.0
v 0.003017434 1.518256 0.1048059 1.0
v 0.005281407 1.509924 0.106367 1.0
v 0.00775128 1.499655 0.1071789 1.0
v 0.0102065 1.490084 0.1066374 1.0
v 0.01372211 1.479386 0.1046185 1.0
v 0.01973387 1.469385 0.1010773 1.0
v 0.02675862 1.462151 0.09719027 1.0
v 0.03378071 1.455683 0.09327041 1.0
v 0.0001298639 1.603545 -0.01305656 1.0
v -0.002946161 1.604378 -0.003335023 1.0
v -0.006246365 1.603377 0.006300567 1.0
v -0.009759194 1.601665 0.0154736 1.0
v -0.01341373 1.599746 0.02443375 1.0
v -0.01636963 1.596414 0.03453765 1.0
v -0.01753679 1.591633 0.04532364 1.0
v -0.01775391 1.58649 0.054635 1.0
v -0.01800052 1.581385 0.06240038 1.0
v -0.01823274 1.575081 0.07001911 1.0
v -0.01763175 1.567081 0.07814813 1.0
v -0.01525286 1.557825 0.08609746 1.0
v -0.01176169 1.549472 0.09209524 1.0
v -0.008035741 1.541725 0.09656355 1.0
v -0.003799574 1.533216 0.1003939 1.0
v -4.550902E-05 1.526103 0.1027605 1.0
v 0.003017434 1.518256 0.1048059 1.0
v 0.005281407 1.509924 0.106367 1.0
v 0.00775128 1.499655 0.1071789 1.0
v 0.0102065 1.490084 0.1066374 1.0
v 0.01372211 1.479386 0.1046185 1.0
v 0.01973387 1.469385 0.1010773 1.0
v 0.02675862 1.462151 0.09719027 1.0
v 0.03378071 1.455683 0.09327041 1.0
v 0.0001301898 1.603545 -0.01305656 1.0
v -0.0001810511 1.605342 -0.003290437 1.0
v -0.0005820417 1.605443 0.006878434 1.0
v -0.001302758 1.604807 0.01673161 1.0
v -0.002489401 1.603664 0.02675448 1.0
v -0.003371538 1.601365 0.03682805 1.0
v -0.002836447 1.597634 0.0466896 1.0
v -0.001340735 1.59293 0.05588205 1.0
v 0.0001284104 1.587486 0.06455786 1.0
v 0.001173846 1.581265 0.07283842 1.0
v 0.002483012 1.574361 0.08052628 1.0
v 0.004791319 1.566872 0.08742645 1.0
v 0.008061011 1.558858 0.09338859 1.0
v 0.01152069 1.550165 0.09842351 1.0
v 0.01497095 1.540964 0.1023538 1.0
v 0.01815956 1.531405 0.1052587 1.0
v 0.02011265 1.521695 0.107357 1.0
v 0.02097489 1.511404 0.1087973 1.0
v 0.02173243 1.500901 0.1090313 1.0
v 0.02225907 1.490462 0.1077308 1.0
v 0.02310524 1.480682 0.1052478 1.0
v 0.02564859 1.471679 0.1018022 1.0
v 0.02949416 1.463509 0.09759688 1.0
v 0.03390024 1.455753 0.09328999 1.0
v 0.0001305075 1.603545 -0.01305654 1.0
v 0.0001301817 1.603545 -0.01305653 1.0
v 0.0001298639 1.603545 -0.01305656 1.0
v 0.0001301898 1.603545 -0.01305656 1.0
v 0.0339855 1.455839 0.09322024 1.0
v 0.03386597 1.455769 0.09320066 1.0
v 0.03378071 1.455683 0.09327041 1.0
v 0.03390024 1.455753 0.09328999 1.0
v 0.0006190097 1.603493 -0.01061016 1.0
v 0.006640592 1.603947 -0.00231911 1.0
v 0.01280652 1.602993 0.005838577 1.0
v 0.0189612 1.601325 0.01353879 1.0
v 0.02493811 1.599234 0.02118956 1.0
v 0.03049758 1.596236 0.02900445 1.0
v 0.03559857 1.591936 0.03640115 1.0
v 0.0403813 1.586551 0.04330691 1.0
v 0.04476811 1.580236 0.05009992 1.0
v 0.04838597 1.573571 0.05657812 1.0
v 0.05107672 1.567375 0.06187689 1.0
v 0.0536306 1.560625 0.06684113 1.0
v 0.05597807 1.5536 0.07128602 1.0
v 0.05813809 1.544876 0.07580608 1.0
v 0.05946721 1.535901 0.07956143 1.0
v 0.06021499 1.526221 0.08273287 1.0
v 0.06005243 1.515574 0.08531135 1.0
v 0.05864035 1.505822 0.08704592 1.0
v 0.05674554 1.49734 0.0882609 1.0
v 0.05501426 1.487928 0.08846562 1.0
v 0.05328125 1.47784 0.08767127 1.0
v 0.05196736 1.467844 0.08623774 1.0
v 0.0006190097 1.603493 -0.01061016 1.0
v 0.006640592 1.603947 -0.00231911 1.0
v 0.01280652 1.602993 0.005838577 1.0
v 0.0189612 1.601325 0.01353879 1.0
v 0.02493811 1.599234 0.02118956 1.0
v 0.03049758 1.596236 0.02900445 1.0
v 0.03559857 1.591936 0.03640115 1.0
v 0.0403813 1.586551 0.04330691 1.0
v 0.04476811 1.580236 0.05009992 1.0
v 0.04838597 1.573571 0.05657812 1.0
v 0.05107672 1.567375 0.06187689 1.0
v 0.0536306 1.560625 0.06684113 1.0
v 0.05597807 1.5536 0.07128602 1.0
v 0.05813809 1.544876 0.07580608 1.0
v 0.05946721 1.535901 0.07956143 1.0
v 0.06021499 1.526221 0.08273287 1.0
v 0.06005243 1.515574 0.08531135 1.0
v 0.05864035 1.505822 0.08704592 1.0
v 0.05674554 1.49734 0.0882609 1.0
v 0.05501426 1.487928 0.08846562 1.0
v 0.05328125 1.47784 0.08767127 1.0
v 0.05196736 1.467844 0.08623774 1.0
v 0.0006187073 1.603493 -0.01061004 1.0
v 0.003785597 1.602833 -0.001326423 1.0
v 0.006794539 1.600686 0.007509002 1.0
v 0.01009298 1.597784 0.01626337 1.0
v 0.01353361 1.594616 0.02455588 1.0
v 0.01689544 1.590899 0.03237842 1.0
v 0.0199357 1.58638 0.03971034 1.0
v 0.02277716 1.581045 0.04666825 1.0
v 0.02540325 1.575151 0.05331861 1.0
v 0.02771234 1.568882 0.05960814 1.0
v 0.02996992 1.562243 0.06548339 1.0
v 0.03280109 1.554995 0.07088161 1.0
v 0.03595914 1.547715 0.07537188 1.0
v 0.03889414 1.540126 0.07926832 1.0
v 0.04147216 1.532069 0.08259777 1.0
v 0.04370043 1.523581 0.08532486 1.0
v 0.04521652 1.514776 0.08752794 1.0
v 0.0458762 1.505635 0.08924092 1.0
v 0.04667127 1.496281 0.09011044 1.0
v 0.04818769 1.486854 0.08961134 1.0
v 0.04997263 1.47729 0.08818112 1.0
v 0.05183119 1.467818 0.08625604 1.0
v 0.0006184003 1.603493 -0.01060995 1.0
v 0.0009172354 1.603954 -0.000381541 1.0
v 0.001005278 1.602935 0.00989306 1.0
v 0.001584902 1.601012 0.0202384 1.0
v 0.002794028 1.598522 0.03022351 1.0
v 0.004418815 1.595208 0.03949549 1.0
v 0.006177139 1.591109 0.04839814 1.0
v 0.007931956 1.586265 0.05686071 1.0
v 0.009630261 1.580996 0.06464425 1.0
v 0.01133251 1.574884 0.07202775 1.0
v 0.0137373 1.567153 0.0795275 1.0
v 0.01705672 1.558884 0.08567637 1.0
v 0.0212497 1.549976 0.09055775 1.0
v 0.0251345 1.541793 0.09385519 1.0
v 0.02894166 1.532945 0.09637965 1.0
v 0.03243088 1.524101 0.09794024 1.0
v 0.03530275 1.515664 0.0987788 1.0
v 0.03760583 1.505973 0.099204 1.0
v 0.04028769 1.4949 0.09807143 1.0
v 0.04389116 1.485064 0.09484601 1.0
v 0.04787406 1.476334 0.09066967 1.0
v 0.0517442 1.467773 0.08635585 1.0
v 0.0006184003 1.603493 -0.01060995 1.0
v 0.0009172354 1.603954 -0.000381541 1.0
v 0.001005278 1.602935 0.00989306 1.0
v 0.001584902 1.601012 0.0202384 1.0
v 0.002794028 1.598522 0.03022351 1.0
v 0.004418815 1.595208 0.03949549 1.0
v 0.006177139 1.591109 0.04839814 1.0
v 0.007931956 1.586265 0.05686071 1.0
v 0.009630261 1.580996 0.06464425 1.0
v 0.01133251 1.574884 0.07202775 1.0
v 0.0137373 1.567153 0.0795275 1.0
v 0.01705672 1.558884 0.08567637 1.0
v 0.0212497 1.549976 0.09055775 1.0
v 0.0251345 1.541793 0.09385519 1.0
v 0.02894166 1.532945 0.09637965 1.0
v 0.03243088 1.524101 0.09794024 1.0
v 0.03530275 1.515664 0.0987788 1.0
v 0.03760583 1.505973 0.099204 1.0
v 0.04028769 1.4949 0.09807143 1.0
v 0.04389116 1.485064 0.09484601 1.0
v 0.04787406 1.476334 0.09066967 1.0
v 0.0517442 1.467773 0.08635585 1.0
v 0.0006187028 1.603493 -0.01061006 1.0
v 0.00377223 1.605068 -0.001374227 1.0
v 0.007017259 1.605242 0.008222632 1.0
v 0.01045312 1.604552 0.01751382 1.0
v 0.01419854 1.603139 0.02685721 1.0
v 0.01802096 1.600545 0.03612152 1.0
v 0.02184001 1.596664 0.04508895 1.0
v 0.02553609 1.591771 0.05349937 1.0
v 0.02899513 1.58608 0.06142557 1.0
v 0.03200613 1.579572 0.06899773 1.0
v 0.0348441 1.572285 0.075921 1.0
v 0.03788623 1.564514 0.08163588 1.0
v 0.04126864 1.555861 0.08647189 1.0
v 0.04437846 1.546543 0.09039295 1.0
v 0.04693671 1.536777 0.0933433 1.0
v 0.04894543 1.526741 0.09534825 1.0
v 0.05013867 1.516463 0.09656222 1.0
v 0.05036997 1.506161 0.097009 1.0
v 0.05036196 1.495959 0.09622189 1.0
v 0.05071773 1.486137 0.09370027 1.0
v 0.05118268 1.476884 0.09015983 1.0
v 0.05188037 1.467799 0.08633753 1.0
v 0.0006190097 1.603493 -0.01061016 1.0
v 0.0006187073 1.603493 -0.01061004 1.0
v 0.0006184003 1.603493 -0.01060995 1.0
v 0.0006187028 1.603493 -0.01061006 1.0
v 0.05196736 1.467844 0.08623774 1.0
v 0.05183119 1.467818 0.08625604 1.0
v 0.0517442 1.467773 0.08635585 1.0
v 0.05188037 1.467799 0.08633753 1.0
v -0.001075324 1.603527 -0.01201418 1.0
v 0.007007155 1.604298 -0.0057675 1.0
v 0.01533087 1.603905 0.0002295561 1.0
v 0.02355864 1.601856 0.006393354 1.0
v 0.03136156 1.59912 0.0135534 1.0
v 0.03789807 1.595663 0.02076533 1.0
v 0.04331399 1.591858 0.02636573 1.0
v 0.048995 1.587018 0.031291 1.0
v 0.0540971 1.581886 0.03498534 1.0
v 0.05842229 1.577632 0.03721272 1.0
v 0.06359782 1.573119 0.03903189 1.0
v 0.07008734 1.566913 0.0407927 1.0
v 0.0759468 1.560062 0.04225497 1.0
v 0.08087294 1.553324 0.04299548 1.0
v 0.08641804 1.543526 0.04355259 1.0
v 0.09033916 1.531851 0.04450306 1.0
v 0.09193689 1.521288 0.04553483 1.0
v 0.0925963 1.511101 0.04636439 1.0
v 0.09237269 1.50087 0.04724089 1.0
v 0.09108528 1.493615 0.0478957 1.0
v 0.09018727 1.483522 0.04608074 1.0
v 0.08934892 1.473305 0.04456109 1.0
v 0.08885318 1.463195 0.04287482 1.0
v -0.001075324 1.603527 -0.01201418 1.0
v 0.007007155 1.604298 -0.0057675 1.0
v 0.01533087 1.603905 0.0002295561 1.0
v 0.02355864 1.601856 0.006393354 1.0
v 0.03136156 1.59912 0.0135534 1.0
v 0.03789807 1.595663 0.02076533 1.0
v 0.04331399 1.591858 0.02636573 1.0
v 0.048995 1.587018 0.031291 1.0
v 0.0540971 1.581886 0.03498534 1.0
v 0.05842229 1.577632 0.03721272 1.0
v 0.06359782 1.573119 0.03903189 1.0
v 0.07008734 1.566913 0.0407927 1.0
v 0.0759468 1.560062 0.04225497 1.0
v 0.08087294 1.553324 0.04299548 1.0
v 0.08641804 1.543526 0.04355259 1.0
v 0.09033916 1.531851 0.04450306 1.0
v 0.09193689 1.521288 0.04553483 1.0
v 0.0925963 1.511101 0.04636439 1.0
v 0.09237269 1.50087 0.04724089 1.0
v 0.09108528 1.493615 0.0478957 1.0
v 0.09018727 1.483522 0.04608074 1.0
v 0.08934892 1.473305 0.04456109 1.0
v 0.08885318 1.463195 0.04287482 1.0
v -0.001075572 1.603527 -0.01201399 1.0
v 0.004756844 1.603107 -0.004055667 1.0
v 0.01049519 1.601561 0.003596328 1.0
v 0.01585118 1.598667 0.01094903 1.0
v 0.02082567 1.595398 0.01865514 1.0
v 0.02499975 1.591698 0.02617537 1.0
v 0.02913087 1.587266 0.0332515 1.0
v 0.03350258 1.582117 0.0394857 1.0
v 0.03805112 1.57624 0.04504481 1.0
v 0.04323866 1.569876 0.04947905 1.0
v 0.04924162 1.563383 0.05226516 1.0
v 0.0556707 1.556593 0.05394638 1.0
v 0.06155034 1.549815 0.05485634 1.0
v 0.06730481 1.542797 0.05480636 1.0
v 0.07235597 1.535314 0.0544943 1.0
v 0.07603278 1.527154 0.05458789 1.0
v 0.07866836 1.518304 0.0547364 1.0
v 0.08071999 1.509103 0.05456898 1.0
v 0.08203917 1.499729 0.05422119 1.0
v 0.08322352 1.490557 0.05304369 1.0
v 0.08501137 1.481393 0.04973209 1.0
v 0.08691727 1.472248 0.04640459 1.0
v 0.08875095 1.463148 0.04295794 1.0
v -0.001075844 1.603527 -0.01201381 1.0
v 0.002375023 1.60404 -0.002361784 1.0
v 0.005824494 1.603596 0.007372225 1.0
v 0.009049651 1.601891 0.01675197 1.0
v 0.01171439 1.599884 0.02556496 1.0
v 0.01441749 1.597093 0.03455804 1.0
v 0.01826957 1.592759 0.04427501 1.0
v 0.0226716 1.587673 0.05301403 1.0
v 0.02801736 1.58124 0.0613194 1.0
v 0.03520992 1.572767 0.068671 1.0
v 0.04298494 1.563894 0.07315999 1.0
v 0.04977509 1.556086 0.07521481 1.0
v 0.05645255 1.547917 0.0758673 1.0
v 0.0634598 1.539012 0.07493874 1.0
v 0.06817459 1.532061 0.07338453 1.0
v 0.07146532 1.52546 0.0720439 1.0
v 0.07453192 1.516915 0.07056634 1.0
v 0.07707965 1.507719 0.06861114 1.0
v 0.07878518 1.498384 0.06623837 1.0
v 0.08110819 1.486485 0.06179624 1.0
v 0.08380438 1.47864 0.05570031 1.0
v 0.08644095 1.470919 0.04930907 1.0
v 0.08873489 1.46309 0.04308444 1.0
v -0.001075844 1.603527 -0.01201381 1.0
v 0.002375023 1.60404 -0.002361784 1.0
v 0.005824494 1.603596 0.007372225 1.0
v 0.009049651 1.601891 0.01675197 1.0
v 0.01171439 1.599884 0.02556496 1.0
v 0.01441749 1.597093 0.03455804 1.0
v 0.01826957 1.592759 0.04427501 1.0
v 0.0226716 1.587673 0.05301403 1.0
v 0.02801736 1.58124 0.0613194 1.0
v 0.03520992 1.572767 0.068671 1.0
v 0.04298494 1.563894 0.07315999 1.0
v 0.04977509 1.556086 0.07521481 1.0
v 0.05645255 1.547917 0.0758673 1.0
v 0.0634598 1.539012 0.07493874 1.0
v 0.06817459 1.532061 0.07338453 1.0
v 0.07146532 1.52546 0.0720439 1.0
v 0.07453192 1.516915 0.07056634 1.0
v 0.07707965 1.507719 0.06861114 1.0
v 0.07878518 1.498384 0.06623837 1.0
v 0.08110819 1.486485 0.06179624 1.0
v 0.08380438 1.47864 0.05570031 1.0
v 0.08644095 1.470919 0.04930907 1.0
v 0.08873489 1.46309 0.04308444 1.0
v -0.001075596 1.603527 -0.012014 1.0
v 0.004625334 1.605232 -0.004073617 1.0
v 0.01066017 1.60594 0.004005451 1.0
v 0.01675712 1.60508 0.0121963 1.0
v 0.02225029 1.603606 0.02046323 1.0
v 0.02731582 1.601058 0.029148 1.0
v 0.03245269 1.597352 0.03738923 1.0
v 0.03816403 1.592574 0.04481933 1.0
v 0.04406335 1.586886 0.05125993 1.0
v 0.05039355 1.580522 0.05640467 1.0
v 0.05734114 1.573629 0.05992672 1.0
v 0.06419173 1.566406 0.06206112 1.0
v 0.07084901 1.558164 0.06326594 1.0
v 0.07702793 1.549539 0.06312786 1.0
v 0.08223667 1.540273 0.06244283 1.0
v 0.0857717 1.530157 0.06195907 1.0
v 0.08780045 1.519899 0.06136476 1.0
v 0.08895595 1.509716 0.06040655 1.0
v 0.0891187 1.499526 0.05925807 1.0
v 0.08896995 1.489543 0.05664825 1.0
v 0.08898029 1.480769 0.05204896 1.0
v 0.08887261 1.471976 0.04746557 1.0
v 0.08883712 1.463137 0.04300134 1.0
v -0.001075324 1.603527 -0.01201418 1.0
v -0.001075572 1.603527 -0.01201399 1.0
v -0.001075844 1.603527 -0.01201381 1.0
v -0.001075596 1.603527 -0.012014 1.0
v 0.08885318 1.463195 0.04287482 1.0
v 0.08875095 1.463148 0.04295794 1.0
v 0.08873489 1.46309 0.04308444 1.0
v 0.08883712 1.463137 0.04300134 1.0
v -0.001174362 1.603527 -0.01219991 1.0
v 0.007939014 1.604377 -0.008090438 1.0
v 0.01717347 1.603586 -0.004236665 1.0
v 0.02622386 1.601688 -0.000600541 1.0
v 0.03501092 1.599549 0.003324345 1.0
v 0.04277603 1.596969 0.006758229 1.0
v 0.04951233 1.594102 0.008925661 1.0
v 0.05732082 1.589833 0.01061905 1.0
v 0.06550459 1.584253 0.01254182 1.0
v 0.07404374 1.576412 0.01610617 1.0
v 0.08014548 1.56891 0.01976749 1.0
v 0.08410953 1.562683 0.02252033 1.0
v 0.08774672 1.555914 0.02494053 1.0
v 0.09141967 1.547686 0.02728147 1.0
v 0.0943208 1.538689 0.02948343 1.0
v 0.09592412 1.52938 0.03118481 1.0
v 0.0967807 1.519445 0.03275846 1.0
v 0.09686007 1.509069 0.034649 1.0
v 0.0958289 1.499238 0.03708322 1.0
v 0.09404121 1.489831 0.03990258 1.0
v 0.0917334 1.480395 0.04265568 1.0
v 0.08919705 1.470934 0.0448724 1.0
v -0.001174362 1.603527 -0.01219991 1.0
v 0.007939014 1.604377 -0.008090438 1.0
v 0.01717347 1.603586 -0.004236665 1.0
v 0.02622386 1.601688 -0.000600541 1.0
v 0.03501092 1.599549 0.003324345 1.0
v 0.04277603 1.596969 0.006758229 1.0
v 0.04951233 1.594102 0.008925661 1.0
v 0.05732082 1.589833 0.01061905 1.0
v 0.06550459 1.584253 0.01254182 1.0
v 0.07404374 1.576412 0.01610617 1.0
v 0.08014548 1.56891 0.01976749 1.0
v 0.08410953 1.562683 0.02252033 1.0
v 0.08774672 1.555914 0.02494053 1.0
v 0.09141967 1.547686 0.02728147 1.0
v 0.0943208 1.538689 0.02948343 1.0
v 0.09592412 1.52938 0.03118481 1.0
v 0.0967807 1.519445 0.03275846 1.0
v 0.09686007 1.509069 0.034649 1.0
v 0.0958289 1.499238 0.03708322 1.0
v 0.09404121 1.489831 0.03990258 1.0
v 0.0917334 1.480395 0.04265568 1.0
v 0.08919705 1.470934 0.0448724 1.0
v -0.001174561 1.603527 -0.01219967 1.0
v 0.005997655 1.60313 -0.005842176 1.0
v 0.01281044 1.601173 0.0001679994 1.0
v 0.0197559 1.598244 0.006100848 1.0
v 0.02648408 1.595242 0.01177781 1.0
v 0.03307187 1.591754 0.0169329 1.0
v 0.03970619 1.587575 0.02110691 1.0
v 0.04676859 1.582488 0.02426536 1.0
v 0.05327959 1.576959 0.02698331 1.0
v 0.05896018 1.570953 0.0302922 1.0
v 0.06384713 1.564583 0.03392674 1.0
v 0.06840785 1.557865 0.03708508 1.0
v 0.07294726 1.5507 0.03928899 1.0
v 0.07723287 1.543125 0.0408026 1.0
v 0.08090571 1.535264 0.04197446 1.0
v 0.08388916 1.526591 0.04275191 1.0
v 0.08610719 1.517823 0.04320358 1.0
v 0.08759014 1.508817 0.04369232 1.0
v 0.08844233 1.499568 0.04425009 1.0
v 0.08902063 1.490081 0.0447809 1.0
v 0.08931509 1.480573 0.04502831 1.0
v 0.08909769 1.47094 0.04497058 1.0
v -0.001174788 1.603527 -0.01219943 1.0
v 0.00392141 1.604115 -0.003584713 1.0
v 0.008953817 1.603314 0.00514815 1.0
v 0.01423643 1.601573 0.01365452 1.0
v 0.01972833 1.599479 0.02173404 1.0
v 0.02629087 1.596228 0.02953788 1.0
v 0.03432873 1.59139 0.03671665 1.0
v 0.04168159 1.586254 0.04191361 1.0
v 0.04798796 1.580966 0.04614459 1.0
v 0.05221865 1.57657 0.04982581 1.0
v 0.05713817 1.570566 0.05402749 1.0
v 0.0632508 1.562014 0.05801556 1.0
v 0.06917726 1.552855 0.06010322 1.0
v 0.07411988 1.544254 0.06065 1.0
v 0.07833416 1.535609 0.06044037 1.0
v 0.08199558 1.526548 0.05956955 1.0
v 0.08471349 1.517693 0.05816004 1.0
v 0.08642769 1.509033 0.05659112 1.0
v 0.08749981 1.499737 0.05450279 1.0
v 0.08837605 1.490032 0.05175578 1.0
v 0.08900174 1.480422 0.04840295 1.0
v 0.08908544 1.470935 0.04510977 1.0
v -0.001174788 1.603527 -0.01219943 1.0
v 0.00392141 1.604115 -0.003584713 1.0
v 0.008953817 1.603314 0.00514815 1.0
v 0.01423643 1.601573 0.01365452 1.0
v 0.01972833 1.599479 0.02173404 1.0
v 0.02629087 1.596228 0.02953788 1.0
v 0.03432873 1.59139 0.03671665 1.0
v 0.04168159 1.586254 0.04191361 1.0
v 0.04798796 1.580966 0.04614459 1.0
v 0.05221865 1.57657 0.04982581 1.0
v 0.05713817 1.570566 0.05402749 1.0
v 0.0632508 1.562014 0.05801556 1.0
v 0.06917726 1.552855 0.06010322 1.0
v 0.07411988 1.544254 0.06065 1.0
v 0.07833416 1.535609 0.06044037 1.0
v 0.08199558 1.526548 0.05956955 1.0
v 0.08471349 1.517693 0.05816004 1.0
v 0.08642769 1.509033 0.05659112 1.0
v 0.08749981 1.499737 0.05450279 1.0
v 0.08837605 1.490032 0.05175578 1.0
v 0.08900174 1.480422 0.04840295 1.0
v 0.08908544 1.470935 0.04510977 1.0
v -0.001174589 1.603527 -0.01219967 1.0
v 0.005862769 1.605362 -0.005832975 1.0
v 0.01331686 1.605726 0.000743486 1.0
v 0.0207044 1.605017 0.006953129 1.0
v 0.02825518 1.603785 0.01328057 1.0
v 0.03599503 1.601443 0.01936321 1.0
v 0.04413487 1.597916 0.0245354 1.0
v 0.05223382 1.593598 0.02826731 1.0
v 0.06021295 1.58826 0.0317031 1.0
v 0.06730222 1.582029 0.03563979 1.0
v 0.07343652 1.574892 0.03986823 1.0
v 0.07895248 1.566832 0.04345082 1.0
v 0.08397673 1.558069 0.04575475 1.0
v 0.08830668 1.548815 0.04712886 1.0
v 0.09174926 1.539034 0.04794934 1.0
v 0.09403054 1.529338 0.04800245 1.0
v 0.095387 1.519315 0.04771492 1.0
v 0.09569763 1.509284 0.04754779 1.0
v 0.09488638 1.499407 0.04733592 1.0
v 0.09339663 1.489782 0.04687746 1.0
v 0.09142005 1.480243 0.04603032 1.0
v 0.0891848 1.470928 0.04501159 1.0
v -0.001174362 1.603527 -0.01219991 1.0
v -0.001174561 1.603527 -0.01219967 1.0
v -0.001174788 1.603527 -0.01219943 1.0
v -0.001174589 1.603527 -0.01219967 1.0
v 0.08919705 1.470934 0.0448724 1.0
v 0.08909769 1.47094 0.04497058 1.0
v 0.08908544 1.470935 0.04510977 1.0
v 0.0891848 1.470928 0.04501159 1.0
v -0.009037471 1.603233 -0.009150654 1.0
v 0.000500326 1.604484 -0.01163786 1.0
v 0.01008802 1.604256 -0.01433892 1.0
v 0.01982517 1.602963 -0.01687467 1.0
v 0.0295283 1.601467 -0.01914095 1.0
v 0.03935266 1.599129 -0.02101537 1.0
v 0.04925506 1.595512 -0.02219856 1.0
v 0.05861196 1.590733 -0.02254628 1.0
v 0.06694904 1.585277 -0.02248364 1.0
v 0.0744326 1.579395 -0.02252692 1.0
v 0.08176272 1.572649 -0.0226227 1.0
v 0.08853136 1.565133 -0.02249385 1.0
v 0.09489543 1.556059 -0.02160875 1.0
v 0.09990716 1.546401 -0.01996365 1.0
v 0.1032625 1.537329 -0.01829112 1.0
v 0.1054553 1.528599 -0.01688175 1.0
v 0.1068427 1.519108 -0.01534293 1.0
v 0.1075375 1.509048 -0.01345497 1.0
v 0.1074848 1.499132 -0.01126123 1.0
v 0.106686 1.489322 -0.008859094 1.0
v 0.1053867 1.47959 -0.006216472 1.0
v 0.1038195 1.470176 -0.003358082 1.0
v 0.1017993 1.46074 -0.0002808413 1.0
v 0.0995093 1.451454 0.002985651 1.0
v 0.09727413 1.442632 0.00616872 1.0
v 0.09450383 1.433045 0.00982704 1.0
v 0.09069236 1.423505 0.01472902 1.0
v 0.08601818 1.415616 0.02038144 1.0
v 0.08085001 1.408622 0.02704975 1.0
v 0.07554522 1.402989 0.03513275 1.0
v 0.07064518 1.399978 0.04372313 1.0
v 0.0657848 1.397479 0.0519798 1.0
v -0.009037471 1.603233 -0.009150654 1.0
v 0.000500326 1.604484 -0.01163786 1.0
v 0.01008802 1.604256 -0.01433892 1.0
v 0.01982517 1.602963 -0.01687467 1.0
v 0.0295283 1.601467 -0.01914095 1.0
v 0.03935266 1.599129 -0.02101537 1.0
v 0.04925506 1.595512 -0.02219856 1.0
v 0.05861196 1.590733 -0.02254628 1.0
v 0.06694904 1.585277 -0.02248364 1.0
v 0.0744326 1.579395 -0.02252692 1.0
v 0.08176272 1.572649 -0.0226227 1.0
v 0.08853136 1.565133 -0.02249385 1.0
v 0.09489543 1.556059 -0.02160875 1.0
v 0.09990716 1.546401 -0.01996365 1.0
v 0.1032625 1.537329 -0.01829112 1.0
v 0.1054553 1.528599 -0.01688175 1.0
v 0.1068427 1.519108 -0.01534293 1.0
v 0.1075375 1.509048 -0.01345497 1.0
v 0.1074848 1.499132 -0.01126123 1.0
v 0.106686 1.489322 -0.008859094 1.0
v 0.1053867 1.47959 -0.006216472 1.0
v 0.1038195 1.470176 -0.003358082 1.0
v 0.1017993 1.46074 -0.0002808413 1.0
v 0.0995093 1.451454 0.002985651 1.0
v 0.09727413 1.442632 0.00616872 1.0
v 0.09450383 1.433045 0.00982704 1.0
v 0.09069236 1.423505 0.01472902 1.0
v 0.08601818 1.415616 0.02038144 1.0
v 0.08085001 1.408622 0.02704975 1.0
v 0.07554522 1.402989 0.03513275 1.0
v 0.07064518 1.399978 0.04372313 1.0
v 0.0657848 1.397479 0.0519798 1.0
v -0.009037437 1.603233 -0.009150337 1.0
v 0.0006816541 1.603688 -0.009655528 1.0
v 0.01015397 1.602598 -0.01022762 1.0
v 0.01962419 1.600431 -0.01060757 1.0
v 0.02892041 1.598058 -0.01081809 1.0
v 0.0378515 1.595051 -0.01081413 1.0
v 0.04624419 1.591236 -0.01038475 1.0
v 0.05413629 1.58657 -0.009425556 1.0
v 0.06152304 1.581186 -0.008196044 1.0
v 0.06837837 1.57516 -0.007074776 1.0
v 0.07470366 1.568584 -0.006167589 1.0
v 0.08057662 1.561291 -0.005131057 1.0
v 0.08527192 1.553844 -0.003701155 1.0
v 0.08897764 1.546021 -0.001767694 1.0
v 0.09186978 1.537823 0.0002672365 1.0
v 0.09398579 1.529415 0.001944215 1.0
v 0.09534508 1.52067 0.003362286 1.0
v 0.09616984 1.511548 0.004811941 1.0
v 0.09647653 1.502525 0.006383682 1.0
v 0.09620888 1.493317 0.008049048 1.0
v 0.09554645 1.483996 0.009849565 1.0
v 0.09455036 1.474658 0.01174324 1.0
v 0.09319667 1.465447 0.0137281 1.0
v 0.09161096 1.456182 0.01587234 1.0
v 0.08995838 1.446853 0.01796863 1.0
v 0.08808406 1.43777 0.02022205 1.0
v 0.08565065 1.429195 0.02323479 1.0
v 0.08250085 1.421098 0.02715924 1.0
v 0.07886663 1.413512 0.03182819 1.0
v 0.07486274 1.406928 0.03756149 1.0
v 0.07040194 1.402009 0.04465609 1.0
v 0.06576519 1.397603 0.05203974 1.0
v -0.009037438 1.603233 -0.009150011 1.0
v 0.0007234074 1.604373 -0.007624649 1.0
v 0.01053373 1.604 -0.006038896 1.0
v 0.0200618 1.602546 -0.004199263 1.0
v 0.02955191 1.600777 -0.002246492 1.0
v 0.03859261 1.598325 -0.0002462091 1.0
v 0.04688666 1.595133 0.0019161 1.0
v 0.05473324 1.591055 0.004323998 1.0
v 0.06254196 1.585952 0.006856008 1.0
v 0.07017245 1.579803 0.00931368 1.0
v 0.07688197 1.573217 0.01146518 1.0
v 0.08285263 1.566183 0.01358768 1.0
v 0.0873829 1.55944 0.01585462 1.0
v 0.0910816 1.552215 0.01842889 1.0
v 0.09447074 1.543556 0.02111962 1.0
v 0.09718274 1.533805 0.02332523 1.0
v 0.09873462 1.524292 0.02480779 1.0
v 0.09952477 1.515168 0.02590213 1.0
v 0.09980454 1.505882 0.02691887 1.0
v 0.09949838 1.496531 0.02780938 1.0
v 0.09879845 1.487206 0.02865076 1.0
v 0.09760043 1.477703 0.02950499 1.0
v 0.09604127 1.468398 0.03032992 1.0
v 0.09427156 1.459092 0.03121063 1.0
v 0.09229077 1.449335 0.0320744 1.0
v 0.09027053 1.440575 0.03282978 1.0
v 0.08790233 1.432657 0.03386889 1.0
v 0.0848496 1.424314 0.03567399 1.0
v 0.08121512 1.416405 0.03789413 1.0
v 0.07689671 1.40939 0.04097941 1.0
v 0.07143986 1.403341 0.04614146 1.0
v 0.06582605 1.397686 0.05213435 1.0
v -0.009037438 1.603233 -0.009150011 1.0
v 0.0007234074 1.604373 -0.007624649 1.0
v 0.01053373 1.604 -0.006038896 1.0
v 0.0200618 1.602546 -0.004199263 1.0
v 0.02955191 1.600777 -0.002246492 1.0
v 0.03859261 1.598325 -0.0002462091 1.0
v 0.04688666 1.595133 0.0019161 1.0
v 0.05473324 1.591055 0.004323998 1.0
v 0.06254196 1.585952 0.006856008 1.0
v 0.07017245 1.579803 0.00931368 1.0
v 0.07688197 1.573217 0.01146518 1.0
v 0.08285263 1.566183 0.01358768 1.0
v 0.0873829 1.55944 0.01585462 1.0
v 0.0910816 1.552215 0.01842889 1.0
v 0.09447074 1.543556 0.02111962 1.0
v 0.09718274 1.533805 0.02332523 1.0
v 0.09873462 1.524292 0.02480779 1.0
v 0.09952477 1.515168 0.02590213 1.0
v 0.09980454 1.505882 0.02691887 1.0
v 0.09949838 1.496531 0.02780938 1.0
v 0.09879845 1.487206 0.02865076 1.0
v 0.09760043 1.477703 0.02950499 1.0
v 0.09604127 1.468398 0.03032992 1.0
v 0.09427156 1.459092 0.03121063 1.0
v 0.09229077 1.449335 0.0320744 1.0
v 0.09027053 1.440575 0.03282978 1.0
v 0.08790233 1.432657 0.03386889 1.0
v 0.0848496 1.424314 0.03567399 1.0
v 0.08121512 1.416405 0.03789413 1.0
v 0.07689671 1.40939 0.04097941 1.0
v 0.07143986 1.403341 0.04614146 1.0
v 0.06582605 1.397686 0.05213435 1.0
v -0.009037472 1.603233 -0.009150329 1.0
v 0.0005420794 1.605169 -0.009606978 1.0
v 0.01046779 1.605658 -0.0101502 1.0
v 0.02026278 1.605078 -0.01046636 1.0
v 0.0301598 1.604186 -0.01056935 1.0
v 0.04009377 1.602403 -0.01044745 1.0
v 0.04989753 1.59941 -0.009897706 1.0
v 0.0592089 1.595218 -0.008796725 1.0
v 0.06796795 1.590043 -0.007431591 1.0
v 0.0762267 1.584039 -0.006138463 1.0
v 0.08394103 1.577283 -0.004989933 1.0
v 0.09080737 1.570025 -0.003775116 1.0
v 0.0970064 1.561656 -0.002052975 1.0
v 0.1020111 1.552594 0.0002329387 1.0
v 0.1058635 1.543062 0.002561267 1.0
v 0.1086522 1.532988 0.004499259 1.0
v 0.1102322 1.52273 0.006102579 1.0
v 0.1108924 1.512668 0.007635219 1.0
v 0.1108128 1.502489 0.009273961 1.0
v 0.1099755 1.492535 0.01090124 1.0
v 0.1086387 1.4828 0.01258473 1.0
v 0.1068696 1.473221 0.01440366 1.0
v 0.1046439 1.46369 0.01632098 1.0
v 0.1021699 1.454364 0.01832394 1.0
v 0.09960654 1.445114 0.02027449 1.0
v 0.0966903 1.435849 0.02243478 1.0
v 0.09294404 1.426967 0.02536312 1.0
v 0.08836693 1.418832 0.02889619 1.0
v 0.0831985 1.411515 0.03311568 1.0
v 0.07757919 1.405451 0.03855067 1.0
v 0.0716831 1.40131 0.04520849 1.0
v 0.06584567 1.397562 0.05207441 1.0
v -0.009037471 1.603233 -0.009150654 1.0
v -0.009037437 1.603233 -0.009150337 1.0
v -0.009037438 1.603233 -0.009150011 1.0
v -0.009037472 1.603233 -0.009150329 1.0
v 0.0657848 1.397479 0.0519798 1.0
v 0.06576519 1.397603 0.05203974 1.0
v 0.06582605 1.397686 0.05213435 1.0
v 0.06584567 1.397562 0.05207441 1.0
v -0.002730685 1.603434 -0.009632209 1.0
v 0.007238109 1.604365 -0.00905184 1.0
v 0.0173043 1.603678 -0.008763793 1.0
v 0.02762079 1.601771 -0.007880843 1.0
v 0.03767931 1.599221 -0.006183452 1.0
v 0.0468098 1.595877 -0.00435035 1.0
v 0.05488349 1.591995 -0.002958525 1.0
v 0.0630471 1.587318 -0.001773972 1.0
v 0.07157099 1.581324 -0.0004145103 1.0
v 0.07997116 1.573675 0.001781855 1.0
v 0.08649219 1.565753 0.004335226 1.0
v 0.09154038 1.557874 0.00663936 1.0
v 0.09556688 1.550188 0.00831501 1.0
v 0.09910322 1.541658 0.00996232 1.0
v 0.1018041 1.532656 0.01159276 1.0
v 0.1034083 1.523859 0.01292999 1.0
v 0.1043178 1.513938 0.01419749 1.0
v 0.1044845 1.502879 0.01597223 1.0
v 0.1036039 1.492375 0.01821506 1.0
v 0.1018552 1.482337 0.02068134 1.0
v 0.09957328 1.47263 0.02333245 1.0
v 0.09672672 1.463087 0.02612756 1.0
v 0.09348525 1.453716 0.02925004 1.0
v 0.0901951 1.44496 0.03295173 1.0
v 0.08676207 1.436239 0.03725446 1.0
v 0.08262566 1.427657 0.04259392 1.0
v 0.07739305 1.420641 0.04938814 1.0
v 0.07219911 1.415238 0.05615228 1.0
v -0.002730685 1.603434 -0.009632209 1.0
v 0.007238109 1.604365 -0.00905184 1.0
v 0.0173043 1.603678 -0.008763793 1.0
v 0.02762079 1.601771 -0.007880843 1.0
v 0.03767931 1.599221 -0.006183452 1.0
v 0.0468098 1.595877 -0.00435035 1.0
v 0.05488349 1.591995 -0.002958525 1.0
v 0.0630471 1.587318 -0.001773972 1.0
v 0.07157099 1.581324 -0.0004145103 1.0
v 0.07997116 1.573675 0.001781855 1.0
v 0.08649219 1.565753 0.004335226 1.0
v 0.09154038 1.557874 0.00663936 1.0
v 0.09556688 1.550188 0.00831501 1.0
v 0.09910322 1.541658 0.00996232 1.0
v 0.1018041 1.532656 0.01159276 1.0
v 0.1034083 1.523859 0.01292999 1.0
v 0.1043178 1.513938 0.01419749 1.0
v 0.1044845 1.502879 0.01597223 1.0
v 0.1036039 1.492375 0.01821506 1.0
v 0.1018552 1.482337 0.02068134 1.0
v 0.09957328 1.47263 0.02333245 1.0
v 0.09672672 1.463087 0.02612756 1.0
v 0.09348525 1.453716 0.02925004 1.0
v 0.0901951 1.44496 0.03295173 1.0
v 0.08676207 1.436239 0.03725446 1.0
v 0.08262566 1.427657 0.04259392 1.0
v 0.07739305 1.420641 0.04938814 1.0
v 0.07219911 1.415238 0.05615228 1.0
v -0.002730764 1.603434 -0.009631904 1.0
v 0.006646881 1.60338 -0.006858383 1.0
v 0.01569205 1.601675 -0.004330664 1.0
v 0.0245607 1.598901 -0.001329662 1.0
v 0.03288048 1.595834 0.002241552 1.0
v 0.04072624 1.592133 0.005872261 1.0
v 0.04823084 1.587719 0.008974148 1.0
v 0.05553685 1.582561 0.01137275 1.0
v 0.06234941 1.576754 0.01356948 1.0
v 0.06831257 1.570429 0.01610165 1.0
v 0.07329602 1.563543 0.01915791 1.0
v 0.07772205 1.555847 0.02227609 1.0
v 0.08148258 1.547987 0.0246486 1.0
v 0.08468798 1.539798 0.02654448 1.0
v 0.08728689 1.531368 0.02807064 1.0
v 0.08915359 1.522805 0.02905837 1.0
v 0.09037624 1.513795 0.02963635 1.0
v 0.09098141 1.504475 0.03039135 1.0
v 0.09083974 1.495271 0.03149702 1.0
v 0.09004086 1.485893 0.0328439 1.0
v 0.08884301 1.476544 0.03437211 1.0
v 0.08717169 1.467223 0.0360184 1.0
v 0.08519355 1.457817 0.03793835 1.0
v 0.08330134 1.448436 0.04025412 1.0
v 0.08155316 1.439128 0.04283325 1.0
v 0.07941427 1.430231 0.04610215 1.0
v 0.07614255 1.422439 0.05079195 1.0
v 0.07213471 1.415335 0.05622903 1.0
v -0.00273087 1.603434 -0.009631594 1.0
v 0.005944934 1.604109 -0.004598628 1.0
v 0.01456894 1.603179 0.0004379032 1.0
v 0.02240082 1.60133 0.005738068 1.0
v 0.0298451 1.599313 0.01141555 1.0
v 0.03761733 1.596447 0.01715288 1.0
v 0.04601612 1.592207 0.02238601 1.0
v 0.0538124 1.586959 0.02652377 1.0
v 0.06031221 1.581505 0.03014494 1.0
v 0.06539857 1.57625 0.03368417 1.0
v 0.07032082 1.569846 0.03787046 1.0
v 0.07508197 1.562141 0.04209957 1.0
v 0.07969525 1.553099 0.0456408 1.0
v 0.08340618 1.54397 0.04815864 1.0
v 0.08637793 1.534571 0.04981555 1.0
v 0.08862032 1.524336 0.05054799 1.0
v 0.08979814 1.514865 0.05040324 1.0
v 0.09017199 1.506451 0.05009495 1.0
v 0.08991162 1.497569 0.04997889 1.0
v 0.08912914 1.488386 0.04996414 1.0
v 0.08801898 1.479041 0.05003781 1.0
v 0.08649836 1.469756 0.05013814 1.0
v 0.08476926 1.460518 0.05033113 1.0
v 0.08303098 1.450811 0.05060863 1.0
v 0.08144087 1.44117 0.05073338 1.0
v 0.07954318 1.432106 0.05117299 1.0
v 0.07644196 1.423779 0.05300084 1.0
v 0.07215387 1.415407 0.05634769 1.0
v -0.00273087 1.603434 -0.009631594 1.0
v 0.005944934 1.604109 -0.004598628 1.0
v 0.01456894 1.603179 0.0004379032 1.0
v 0.02240082 1.60133 0.005738068 1.0
v 0.0298451 1.599313 0.01141555 1.0
v 0.03761733 1.596447 0.01715288 1.0
v 0.04601612 1.592207 0.02238601 1.0
v 0.0538124 1.586959 0.02652377 1.0
v 0.06031221 1.581505 0.03014494 1.0
v 0.06539857 1.57625 0.03368417 1.0
v 0.07032082 1.569846 0.03787046 1.0
v 0.07508197 1.562141 0.04209957 1.0
v 0.07969525 1.553099 0.0456408 1.0
v 0.08340618 1.54397 0.04815864 1.0
v 0.08637793 1.534571 0.04981555 1.0
v 0.08862032 1.524336 0.05054799 1.0
v 0.08979814 1.514865 0.05040324 1.0
v 0.09017199 1.506451 0.05009495 1.0
v 0.08991162 1.497569 0.04997889 1.0
v 0.08912914 1.488386 0.04996414 1.0
v 0.08801898 1.479041 0.05003781 1.0
v 0.08649836 1.469756 0.05013814 1.0
v 0.08476926 1.460518 0.05033113 1.0
v 0.08303098 1.450811 0.05060863 1.0
v 0.08144087 1.44117 0.05073338 1.0
v 0.07954318 1.432106 0.05117299 1.0
v 0.07644196 1.423779 0.05300084 1.0
v 0.07215387 1.415407 0.05634769 1.0
v -0.002730792 1.603434 -0.009631899 1.0
v 0.006536162 1.605094 -0.006792084 1.0
v 0.01618119 1.605182 -0.003995225 1.0
v 0.0254609 1.6042 -0.0008131117 1.0
v 0.03464393 1.6027 0.002990549 1.0
v 0.04370089 1.600192 0.006930272 1.0
v 0.05266877 1.596484 0.01045334 1.0
v 0.06132265 1.591717 0.01337706 1.0
v 0.06953378 1.586075 0.01616096 1.0
v 0.07705716 1.579496 0.01936437 1.0
v 0.08351699 1.572056 0.02304778 1.0
v 0.0889003 1.564168 0.02646283 1.0
v 0.09377956 1.555299 0.02930721 1.0
v 0.09782141 1.545831 0.03157648 1.0
v 0.1008951 1.535859 0.03333768 1.0
v 0.102875 1.52539 0.0344196 1.0
v 0.1037397 1.515008 0.03496439 1.0
v 0.1036751 1.504855 0.03567584 1.0
v 0.1026758 1.494673 0.03669693 1.0
v 0.1009434 1.48483 0.03780159 1.0
v 0.09874924 1.475127 0.03899815 1.0
v 0.0960534 1.46562 0.0402473 1.0
v 0.09306096 1.456417 0.04164281 1.0
v 0.08992474 1.447335 0.04330624 1.0
v 0.08664978 1.438282 0.04515459 1.0
v 0.08275457 1.429532 0.04766476 1.0
v 0.07769246 1.421981 0.05159702 1.0
v 0.07221828 1.415309 0.05627093 1.0
v -0.002730685 1.603434 -0.009632209 1.0
v -0.002730764 1.603434 -0.009631904 1.0
v -0.00273087 1.603434 -0.009631594 1.0
v -0.002730792 1.603434 -0.009631899 1.0
v 0.07219911 1.415238 0.05615228 1.0
v 0.07213471 1.415335 0.05622903 1.0
v 0.07215387 1.415407 0.05634769 1.0
v 0.07221828 1.415309 0.05627093 1.0
v -0.003420574 1.60344 -0.01103202 1.0
v 0.006170406 1.604427 -0.0136389 1.0
v 0.0157608 1.604011 -0.01643917 1.0
v 0.02517219 1.602064 -0.01929906 1.0
v 0.03452661 1.599799 -0.02205676 1.0
v 0.04365129 1.596756 -0.02462206 1.0
v 0.05242552 1.592785 -0.02692842 1.0
v 0.06078752 1.588003 -0.0289524 1.0
v 0.0687496 1.582403 -0.03080484 1.0
v 0.07615051 1.576035 -0.03254498 1.0
v 0.08254716 1.569205 -0.03427601 1.0
v 0.08884367 1.560888 -0.03574953 1.0
v 0.09498227 1.550698 -0.03612181 1.0
v 0.09982022 1.540372 -0.03516557 1.0
v 0.1031095 1.530829 -0.03367098 1.0
v 0.1051137 1.521767 -0.03208679 1.0
v 0.106105 1.512099 -0.03015186 1.0
v 0.1061304 1.502803 -0.02807711 1.0
v 0.1058983 1.493895 -0.02605407 1.0
v 0.105393 1.484345 -0.0240372 1.0
v 0.1044912 1.474532 -0.02177168 1.0
v 0.1033452 1.464767 -0.01910282 1.0
v 0.101877 1.45496 -0.01625361 1.0
v 0.09954869 1.443858 -0.01192497 1.0
v 0.09649923 1.433468 -0.005318611 1.0
v 0.09345833 1.425828 0.001998337 1.0
v 0.0902403 1.419755 0.009173602 1.0
v 0.08610879 1.414009 0.0165559 1.0
v 0.08156562 1.408813 0.02415359 1.0
v 0.07704095 1.404148 0.03201077 1.0
v 0.07234035 1.400372 0.04021363 1.0
v -0.003420574 1.60344 -0.01103202 1.0
v 0.006170406 1.604427 -0.0136389 1.0
v 0.0157608 1.604011 -0.01643917 1.0
v 0.02517219 1.602064 -0.01929906 1.0
v 0.03452661 1.599799 -0.02205676 1.0
v 0.04365129 1.596756 -0.02462206 1.0
v 0.05242552 1.592785 -0.02692842 1.0
v 0.06078752 1.588003 -0.0289524 1.0
v 0.0687496 1.582403 -0.03080484 1.0
v 0.07615051 1.576035 -0.03254498 1.0
v 0.08254716 1.569205 -0.03427601 1.0
v 0.08884367 1.560888 -0.03574953 1.0
v 0.09498227 1.550698 -0.03612181 1.0
v 0.09982022 1.540372 -0.03516557 1.0
v 0.1031095 1.530829 -0.03367098 1.0
v 0.1051137 1.521767 -0.03208679 1.0
v 0.106105 1.512099 -0.03015186 1.0
v 0.1061304 1.502803 -0.02807711 1.0
v 0.1058983 1.493895 -0.02605407 1.0
v 0.105393 1.484345 -0.0240372 1.0
v 0.1044912 1.474532 -0.02177168 1.0
v 0.1033452 1.464767 -0.01910282 1.0
v 0.101877 1.45496 -0.01625361 1.0
v 0.09954869 1.443858 -0.01192497 1.0
v 0.09649923 1.433468 -0.005318611 1.0
v 0.09345833 1.425828 0.001998337 1.0
v 0.0902403 1.419755 0.009173602 1.0
v 0.08610879 1.414009 0.0165559 1.0
v 0.08156562 1.408813 0.02415359 1.0
v 0.07704095 1.404148 0.03201077 1.0
v 0.07234035 1.400372 0.04021363 1.0
v -0.003420541 1.60344 -0.0110317 1.0
v 0.006340051 1.603603 -0.01158693 1.0
v 0.01582699 1.602345 -0.01216381 1.0
v 0.02503361 1.599627 -0.01274559 1.0
v 0.03420958 1.596628 -0.01331679 1.0
v 0.04288271 1.593022 -0.01386654 1.0
v 0.05108893 1.588676 -0.01439916 1.0
v 0.05881492 1.583606 -0.01496027 1.0
v 0.06601649 1.577867 -0.01552212 1.0
v 0.07279093 1.571282 -0.01603332 1.0
v 0.07856495 1.564301 -0.01662358 1.0
v 0.08360437 1.556793 -0.01704133 1.0
v 0.08790623 1.548863 -0.01666492 1.0
v 0.09149919 1.540629 -0.01534499 1.0
v 0.09436199 1.532246 -0.01359278 1.0
v 0.09633446 1.523904 -0.01194426 1.0
v 0.09728099 1.515296 -0.01041123 1.0
v 0.09754854 1.506018 -0.00879031 1.0
v 0.09762637 1.49659 -0.007355312 1.0
v 0.09740427 1.487175 -0.006243526 1.0
v 0.09685761 1.477594 -0.005036262 1.0
v 0.09607678 1.468128 -0.003583645 1.0
v 0.09504125 1.458722 -0.002078222 1.0
v 0.09363368 1.449589 0.0004014755 1.0
v 0.09186264 1.441118 0.004659398 1.0
v 0.08988696 1.43349 0.01010445 1.0
v 0.08748937 1.426291 0.01577054 1.0
v 0.08435043 1.419245 0.02141486 1.0
v 0.08063882 1.412408 0.02726179 1.0
v 0.07666836 1.405937 0.03345189 1.0
v 0.07231595 1.400491 0.04028305 1.0
v -0.003420536 1.60344 -0.01103138 1.0
v 0.006409794 1.604314 -0.009487186 1.0
v 0.01627435 1.603841 -0.007848957 1.0
v 0.02597144 1.601923 -0.006206976 1.0
v 0.03559544 1.599685 -0.004640433 1.0
v 0.04500002 1.596661 -0.003260529 1.0
v 0.05403797 1.592702 -0.002121161 1.0
v 0.06256475 1.587734 -0.001252691 1.0
v 0.0704527 1.581964 -0.0005172342 1.0
v 0.07769563 1.575433 0.0002525225 1.0
v 0.08445689 1.567869 0.0008140802 1.0
v 0.08973879 1.560475 0.001479686 1.0
v 0.09352523 1.553878 0.002707536 1.0
v 0.0969125 1.546714 0.004550302 1.0
v 0.1001487 1.538214 0.006718861 1.0
v 0.102652 1.528612 0.008678321 1.0
v 0.1035903 1.519152 0.01015834 1.0
v 0.1037594 1.509188 0.01139253 1.0
v 0.1036294 1.498769 0.01225463 1.0
v 0.1030152 1.488947 0.0125667 1.0
v 0.1020658 1.47946 0.01277139 1.0
v 0.1007864 1.470068 0.01312058 1.0
v 0.09923451 1.460823 0.01340788 1.0
v 0.09774364 1.453461 0.01410859 1.0
v 0.09623951 1.44688 0.01593862 1.0
v 0.0940873 1.43913 0.01946972 1.0
v 0.09096117 1.430656 0.02368902 1.0
v 0.0871317 1.422448 0.02742496 1.0
v 0.08262912 1.414522 0.03113699 1.0
v 0.07768714 1.406992 0.03525953 1.0
v 0.07237374 1.400569 0.0403838 1.0
v -0.003420536 1.60344 -0.01103138 1.0
v 0.006409794 1.604314 -0.009487186 1.0
v 0.01627435 1.603841 -0.007848957 1.0
v 0.02597144 1.601923 -0.006206976 1.0
v 0.03559544 1.599685 -0.004640433 1.0
v 0.04500002 1.596661 -0.003260529 1.0
v 0.05403797 1.592702 -0.002121161 1.0
v 0.06256475 1.587734 -0.001252691 1.0
v 0.0704527 1.581964 -0.0005172342 1.0
v 0.07769563 1.575433 0.0002525225 1.0
v 0.08445689 1.567869 0.0008140802 1.0
v 0.08973879 1.560475 0.001479686 1.0
v 0.09352523 1.553878 0.002707536 1.0
v 0.0969125 1.546714 0.004550302 1.0
v 0.1001487 1.538214 0.006718861 1.0
v 0.102652 1.528612 0.008678321 1.0
v 0.1035903 1.519152 0.01015834 1.0
v 0.1037594 1.509188 0.01139253 1.0
v 0.1036294 1.498769 0.01225463 1.0
v 0.1030152 1.488947 0.0125667 1.0
v 0.1020658 1.47946 0.01277139 1.0
v 0.1007864 1.470068 0.01312058 1.0
v 0.09923451 1.460823 0.01340788 1.0
v 0.09774364 1.453461 0.01410859 1.0
v 0.09623951 1.44688 0.01593862 1.0
v 0.0940873 1.43913 0.01946972 1.0
v 0.09096117 1.430656 0.02368902 1.0
v 0.0871317 1.422448 0.02742496 1.0
v 0.08262912 1.414522 0.03113699 1.0
v 0.07768714 1.406992 0.03525953 1.0
v 0.07237374 1.400569 0.0403838 1.0
v -0.003420569 1.60344 -0.0110317 1.0
v 0.00624015 1.605138 -0.01153916 1.0
v 0.01620817 1.605507 -0.01212432 1.0
v 0.02611002 1.60436 -0.01276045 1.0
v 0.03591246 1.602856 -0.0133804 1.0
v 0.04576862 1.600395 -0.01401605 1.0
v 0.05537457 1.596811 -0.01465042 1.0
v 0.06453733 1.59213 -0.01524482 1.0
v 0.0731858 1.5865 -0.01579995 1.0
v 0.08105522 1.580186 -0.01625913 1.0
v 0.0884391 1.572773 -0.01683836 1.0
v 0.09497809 1.564571 -0.01722851 1.0
v 0.1006013 1.555713 -0.01674935 1.0
v 0.1052335 1.546458 -0.01527027 1.0
v 0.1088961 1.536797 -0.01335934 1.0
v 0.1114312 1.526475 -0.01146421 1.0
v 0.1124142 1.515954 -0.009582294 1.0
v 0.1123413 1.505973 -0.007894263 1.0
v 0.1119014 1.496074 -0.006444121 1.0
v 0.111004 1.486117 -0.00522698 1.0
v 0.1096993 1.476398 -0.003964027 1.0
v 0.1080548 1.466706 -0.002398589 1.0
v 0.1060702 1.457061 -0.0007675006 1.0
v 0.1036587 1.44773 0.001782148 1.0
v 0.1008761 1.43923 0.005960613 1.0
v 0.09765866 1.431469 0.01136361 1.0
v 0.09371211 1.42412 0.01709208 1.0
v 0.08889005 1.417212 0.02256599 1.0
v 0.08355591 1.410926 0.02802879 1.0
v 0.07805973 1.405203 0.03381841 1.0
v 0.07239813 1.40045 0.04031439 1.0
v -0.003420574 1.60344 -0.01103202 1.0
v -0.003420541 1.60344 -0.0110317 1.0
v -0.003420536 1.60344 -0.01103138 1.0
v -0.003420569 1.60344 -0.0110317 1.0
v 0.07234035 1.400372 0.04021363 1.0
v 0.07231595 1.400491 0.04028305 1.0
v 0.07237374 1.400569 0.0403838 1.0
v 0.07239813 1.40045 0.04031439 1.0
v -0.004445031 1.604567 -0.01092239 1.0
v 0.002454692 1.605484 -0.01825409 1.0
v 0.009078555 1.604118 -0.02587266 1.0
v 0.01740275 1.60175 -0.03302624 1.0
v 0.02735471 1.599699 -0.03848848 1.0
v 0.03625474 1.597428 -0.04253926 1.0
v 0.04279191 1.594839 -0.04625037 1.0
v 0.04934382 1.591206 -0.05084122 1.0
v 0.05678707 1.586017 -0.0559848 1.0
v 0.06516149 1.578445 -0.0603064 1.0
v 0.07137613 1.570588 -0.06247429 1.0
v 0.07497749 1.563894 -0.06367606 1.0
v 0.07834633 1.556824 -0.06528392 1.0
v 0.08207648 1.548484 -0.06725544 1.0
v 0.08586462 1.53985 -0.06900795 1.0
v 0.08915451 1.531432 -0.07037708 1.0
v 0.09289248 1.522341 -0.07188519 1.0
v 0.09749581 1.512845 -0.0734149 1.0
v 0.1021075 1.503742 -0.07434723 1.0
v 0.1064855 1.495433 -0.07508484 1.0
v 0.1112116 1.487555 -0.07647681 1.0
v 0.1166017 1.479837 -0.07824516 1.0
v 0.122923 1.472987 -0.08083674 1.0
v 0.1296678 1.468666 -0.08497806 1.0
v 0.1369545 1.465978 -0.09098041 1.0
v 0.1430901 1.464572 -0.09838858 1.0
v -0.004445031 1.604567 -0.01092239 1.0
v 0.002454692 1.605484 -0.01825409 1.0
v 0.009078555 1.604118 -0.02587266 1.0
v 0.01740275 1.60175 -0.03302624 1.0
v 0.02735471 1.599699 -0.03848848 1.0
v 0.03625474 1.597428 -0.04253926 1.0
v 0.04279191 1.594839 -0.04625037 1.0
v 0.04934382 1.591206 -0.05084122 1.0
v 0.05678707 1.586017 -0.0559848 1.0
v 0.06516149 1.578445 -0.0603064 1.0
v 0.07137613 1.570588 -0.06247429 1.0
v 0.07497749 1.563894 -0.06367606 1.0
v 0.07834633 1.556824 -0.06528392 1.0
v 0.08207648 1.548484 -0.06725544 1.0
v 0.08586462 1.53985 -0.06900795 1.0
v 0.08915451 1.531432 -0.07037708 1.0
v 0.09289248 1.522341 -0.07188519 1.0
v 0.09749581 1.512845 -0.0734149 1.0
v 0.1021075 1.503742 -0.07434723 1.0
v 0.1064855 1.495433 -0.07508484 1.0
v 0.1112116 1.487555 -0.07647681 1.0
v 0.1166017 1.479837 -0.07824516 1.0
v 0.122923 1.472987 -0.08083674 1.0
v 0.1296678 1.468666 -0.08497806 1.0
v 0.1369545 1.465978 -0.09098041 1.0
v 0.1430901 1.464572 -0.09838858 1.0
v -0.004444849 1.604567 -0.01092213 1.0
v 0.003857013 1.604535 -0.01617245 1.0
v 0.01159118 1.602275 -0.02127535 1.0
v 0.02013529 1.599274 -0.02548127 1.0
v 0.02927382 1.59684 -0.02803145 1.0
v 0.03822699 1.594118 -0.02985827 1.0
v 0.04650995 1.59068 -0.0322455 1.0
v 0.05415314 1.586429 -0.03556163 1.0
v 0.06100325 1.58153 -0.03878789 1.0
v 0.0669873 1.575949 -0.04090502 1.0
v 0.0726032 1.569147 -0.04177574 1.0
v 0.07804394 1.561355 -0.04243295 1.0
v 0.08271712 1.55349 -0.0439388 1.0
v 0.08683946 1.54504 -0.04606954 1.0
v 0.09069937 1.53653 -0.04835029 1.0
v 0.09413663 1.52803 -0.05065556 1.0
v 0.09757448 1.519117 -0.05322409 1.0
v 0.1014021 1.510249 -0.05584336 1.0
v 0.1054991 1.501524 -0.05814227 1.0
v 0.1101098 1.492684 -0.06068557 1.0
v 0.1153381 1.484337 -0.0641399 1.0
v 0.1211105 1.476862 -0.06828174 1.0
v 0.1271377 1.47057 -0.07351723 1.0
v 0.1333737 1.466364 -0.08106651 1.0
v 0.1389939 1.46481 -0.08941939 1.0
v 0.1432121 1.464518 -0.09834707 1.0
v -0.004444692 1.604567 -0.01092185 1.0
v 0.005193566 1.605446 -0.01403164 1.0
v 0.01476828 1.6042 -0.01714668 1.0
v 0.02361788 1.602542 -0.01857369 1.0
v 0.03228325 1.601485 -0.01851434 1.0
v 0.04218158 1.599692 -0.01850271 1.0
v 0.05353734 1.596264 -0.02013408 1.0
v 0.06344096 1.592041 -0.02284749 1.0
v 0.07142379 1.587545 -0.02504483 1.0
v 0.07753675 1.582969 -0.02589165 1.0
v 0.08428263 1.576271 -0.02612772 1.0
v 0.09211783 1.56713 -0.02708073 1.0
v 0.09863364 1.557649 -0.02926887 1.0
v 0.1031682 1.548736 -0.03181808 1.0
v 0.1069269 1.539811 -0.03467428 1.0
v 0.1102263 1.530302 -0.03795543 1.0
v 0.1127396 1.521359 -0.04115992 1.0
v 0.1150765 1.513036 -0.0441815 1.0
v 0.1178544 1.50437 -0.04726726 1.0
v 0.1214155 1.495271 -0.05101518 1.0
v 0.125597 1.486802 -0.05587798 1.0
v 0.1300663 1.479361 -0.06180119 1.0
v 0.1342804 1.472769 -0.06889897 1.0
v 0.1382812 1.467802 -0.07820641 1.0
v 0.1413828 1.465552 -0.08811493 1.0
v 0.1433399 1.46456 -0.09830952 1.0
v -0.004444692 1.604567 -0.01092185 1.0
v 0.005193566 1.605446 -0.01403164 1.0
v 0.01476828 1.6042 -0.01714668 1.0
v 0.02361788 1.602542 -0.01857369 1.0
v 0.03228325 1.601485 -0.01851434 1.0
v 0.04218158 1.599692 -0.01850271 1.0
v 0.05353734 1.596264 -0.02013408 1.0
v 0.06344096 1.592041 -0.02284749 1.0
v 0.07142379 1.587545 -0.02504483 1.0
v 0.07753675 1.582969 -0.02589165 1.0
v 0.08428263 1.576271 -0.02612772 1.0
v 0.09211783 1.56713 -0.02708073 1.0
v 0.09863364 1.557649 -0.02926887 1.0
v 0.1031682 1.548736 -0.03181808 1.0
v 0.1069269 1.539811 -0.03467428 1.0
v 0.1102263 1.530302 -0.03795543 1.0
v 0.1127396 1.521359 -0.04115992 1.0
v 0.1150765 1.513036 -0.0441815 1.0
v 0.1178544 1.50437 -0.04726726 1.0
v 0.1214155 1.495271 -0.05101518 1.0
v 0.125597 1.486802 -0.05587798 1.0
v 0.1300663 1.479361 -0.06180119 1.0
v 0.1342804 1.472769 -0.06889897 1.0
v 0.1382812 1.467802 -0.07820641 1.0
v 0.1413828 1.465552 -0.08811493 1.0
v 0.1433399 1.46456 -0.09830952 1.0
v -0.004444873 1.604567 -0.01092211 1.0
v 0.003791246 1.606395 -0.01611328 1.0
v 0.01225565 1.606043 -0.02174399 1.0
v 0.02088533 1.605018 -0.02611865 1.0
v 0.03036414 1.604344 -0.02897138 1.0
v 0.04020933 1.603002 -0.0311837 1.0
v 0.0498193 1.600423 -0.03413894 1.0
v 0.05863163 1.596819 -0.03812708 1.0
v 0.0672076 1.592032 -0.04224173 1.0
v 0.07571094 1.585465 -0.04529304 1.0
v 0.08305556 1.577711 -0.04682627 1.0
v 0.08905138 1.56967 -0.04832384 1.0
v 0.09426286 1.560983 -0.05061399 1.0
v 0.09840523 1.55218 -0.05300399 1.0
v 0.1020922 1.543131 -0.05533194 1.0
v 0.1052442 1.533704 -0.05767695 1.0
v 0.1080576 1.524584 -0.05982102 1.0
v 0.1111702 1.515632 -0.06175304 1.0
v 0.1144628 1.506588 -0.06347221 1.0
v 0.1177912 1.49802 -0.06541444 1.0
v 0.1214706 1.490019 -0.06821489 1.0
v 0.1255575 1.482336 -0.0717646 1.0
v 0.1300657 1.475186 -0.07621848 1.0
v 0.1345753 1.470104 -0.08211796 1.0
v 0.1393434 1.46672 -0.08967594 1.0
v 0.1432179 1.464614 -0.09835103 1.0
v -0.004445031 1.604567 -0.01092239 1.0
v -0.004444849 1.604567 -0.01092213 1.0
v -0.004444692 1.604567 -0.01092185 1.0
v -0.004444873 1.604567 -0.01092211 1.0
v 0.1430901 1.464572 -0.09838858 1.0
v 0.1432121 1.464518 -0.09834707 1.0
v 0.1433399 1.46456 -0.09830952 1.0
v 0.1432179 1.464614 -0.09835103 1.0
v -0.004489329 1.604573 -0.01161492 1.0
v 0.003985888 1.605413 -0.01688934 1.0
v 0.01230201 1.60391 -0.02237841 1.0
v 0.02122208 1.601974 -0.02753443 1.0
v 0.03046759 1.600294 -0.03199296 1.0
v 0.03922747 1.598072 -0.03588507 1.0
v 0.04770124 1.59494 -0.03949678 1.0
v 0.0558124 1.591079 -0.04285901 1.0
v 0.06293464 1.586378 -0.04611298 1.0
v 0.06916765 1.580419 -0.04935427 1.0
v 0.07496494 1.573288 -0.05250444 1.0
v 0.0804271 1.565393 -0.0552453 1.0
v 0.08494991 1.55702 -0.05730298 1.0
v 0.08905116 1.548332 -0.05880911 1.0
v 0.09310594 1.539566 -0.05985233 1.0
v 0.09698451 1.530646 -0.06047965 1.0
v 0.1012041 1.521593 -0.06092277 1.0
v 0.1059508 1.512519 -0.06107239 1.0
v 0.1097145 1.504936 -0.06085507 1.0
v 0.1134993 1.497399 -0.061366 1.0
v 0.1179076 1.489343 -0.06282182 1.0
v 0.1222536 1.482878 -0.06505786 1.0
v 0.12727 1.477353 -0.0686927 1.0
v 0.1327483 1.472281 -0.07344088 1.0
v 0.1376262 1.468195 -0.07906292 1.0
v 0.141138 1.466112 -0.08700529 1.0
v 0.143787 1.464994 -0.09663232 1.0
v -0.004489329 1.604573 -0.01161492 1.0
v 0.003985888 1.605413 -0.01688934 1.0
v 0.01230201 1.60391 -0.02237841 1.0
v 0.02122208 1.601974 -0.02753443 1.0
v 0.03046759 1.600294 -0.03199296 1.0
v 0.03922747 1.598072 -0.03588507 1.0
v 0.04770124 1.59494 -0.03949678 1.0
v 0.0558124 1.591079 -0.04285901 1.0
v 0.06293464 1.586378 -0.04611298 1.0
v 0.06916765 1.580419 -0.04935427 1.0
v 0.07496494 1.573288 -0.05250444 1.0
v 0.0804271 1.565393 -0.0552453 1.0
v 0.08494991 1.55702 -0.05730298 1.0
v 0.08905116 1.548332 -0.05880911 1.0
v 0.09310594 1.539566 -0.05985233 1.0
v 0.09698451 1.530646 -0.06047965 1.0
v 0.1012041 1.521593 -0.06092277 1.0
v 0.1059508 1.512519 -0.06107239 1.0
v 0.1097145 1.504936 -0.06085507 1.0
v 0.1134993 1.497399 -0.061366 1.0
v 0.1179076 1.489343 -0.06282182 1.0
v 0.1222536 1.482878 -0.06505786 1.0
v 0.12727 1.477353 -0.0686927 1.0
v 0.1327483 1.472281 -0.07344088 1.0
v 0.1376262 1.468195 -0.07906292 1.0
v 0.141138 1.466112 -0.08700529 1.0
v 0.143787 1.464994 -0.09663232 1.0
v -0.004489217 1.604573 -0.01161462 1.0
v 0.004766178 1.60449 -0.01461493 1.0
v 0.01346116 1.602125 -0.0174906 1.0
v 0.02270818 1.599359 -0.02003687 1.0
v 0.03183416 1.596929 -0.0220034 1.0
v 0.04060709 1.59405 -0.02375435 1.0
v 0.04912082 1.590524 -0.02555953 1.0
v 0.05713858 1.586501 -0.02729337 1.0
v 0.06414688 1.581727 -0.02897029 1.0
v 0.07029625 1.575736 -0.03077621 1.0
v 0.07601998 1.568543 -0.03271186 1.0
v 0.08108739 1.56111 -0.03438644 1.0
v 0.0854031 1.553434 -0.03570338 1.0
v 0.0895803 1.545098 -0.03697739 1.0
v 0.09363913 1.536701 -0.0382517 1.0
v 0.09754015 1.528026 -0.0394999 1.0
v 0.1017594 1.51906 -0.04086845 1.0
v 0.1061963 1.510408 -0.0421194 1.0
v 0.1110576 1.501604 -0.04347607 1.0
v 0.1162268 1.493183 -0.04587735 1.0
v 0.1214787 1.485364 -0.04910927 1.0
v 0.126974 1.478023 -0.05391354 1.0
v 0.1326475 1.472201 -0.06063404 1.0
v 0.1380331 1.468179 -0.06825535 1.0
v 0.1421159 1.465531 -0.07696775 1.0
v 0.1435404 1.464875 -0.0868466 1.0
v 0.143915 1.46494 -0.09661925 1.0
v -0.004489133 1.604573 -0.01161431 1.0
v 0.005496803 1.605354 -0.0123009 1.0
v 0.01541476 1.603943 -0.01287578 1.0
v 0.02493612 1.602293 -0.01284747 1.0
v 0.03448044 1.600815 -0.01247016 1.0
v 0.04431737 1.598611 -0.01232333 1.0
v 0.05392656 1.595666 -0.01266654 1.0
v 0.06333311 1.591999 -0.01327873 1.0
v 0.07250793 1.586889 -0.01412359 1.0
v 0.08052786 1.580304 -0.01519414 1.0
v 0.08720216 1.573081 -0.01628808 1.0
v 0.09304989 1.565568 -0.01733077 1.0
v 0.09830699 1.5574 -0.01845888 1.0
v 0.1029108 1.548885 -0.01979244 1.0
v 0.107051 1.540174 -0.02142509 1.0
v 0.1106869 1.531281 -0.02325509 1.0
v 0.1141525 1.522596 -0.0252861 1.0
v 0.117594 1.514117 -0.02728472 1.0
v 0.1223437 1.504365 -0.03006217 1.0
v 0.127487 1.495259 -0.03430115 1.0
v 0.1322886 1.487421 -0.03933502 1.0
v 0.137328 1.479414 -0.04610914 1.0
v 0.1418491 1.473265 -0.05475205 1.0
v 0.1455716 1.469291 -0.06457072 1.0
v 0.1475186 1.466553 -0.07578098 1.0
v 0.1461744 1.465497 -0.08683379 1.0
v 0.1440485 1.464981 -0.09661654 1.0
v -0.004489133 1.604573 -0.01161431 1.0
v 0.005496803 1.605354 -0.0123009 1.0
v 0.01541476 1.603943 -0.01287578 1.0
v 0.02493612 1.602293 -0.01284747 1.0
v 0.03448044 1.600815 -0.01247016 1.0
v 0.04431737 1.598611 -0.01232333 1.0
v 0.05392656 1.595666 -0.01266654 1.0
v 0.06333311 1.591999 -0.01327873 1.0
v 0.07250793 1.586889 -0.01412359 1.0
v 0.08052786 1.580304 -0.01519414 1.0
v 0.08720216 1.573081 -0.01628808 1.0
v 0.09304989 1.565568 -0.01733077 1.0
v 0.09830699 1.5574 -0.01845888 1.0
v 0.1029108 1.548885 -0.01979244 1.0
v 0.107051 1.540174 -0.02142509 1.0
v 0.1106869 1.531281 -0.02325509 1.0
v 0.1141525 1.522596 -0.0252861 1.0
v 0.117594 1.514117 -0.02728472 1.0
v 0.1223437 1.504365 -0.03006217 1.0
v 0.127487 1.495259 -0.03430115 1.0
v 0.1322886 1.487421 -0.03933502 1.0
v 0.137328 1.479414 -0.04610914 1.0
v 0.1418491 1.473265 -0.05475205 1.0
v 0.1455716 1.469291 -0.06457072 1.0
v 0.1475186 1.466553 -0.07578098 1.0
v 0.1461744 1.465497 -0.08683379 1.0
v 0.1440485 1.464981 -0.09661654 1.0
v -0.004489245 1.604573 -0.01161461 1.0
v 0.004716514 1.606277 -0.01457532 1.0
v 0.0142556 1.605728 -0.0177636 1.0
v 0.02345003 1.604908 -0.02034502 1.0
v 0.03311387 1.60418 -0.02245972 1.0
v 0.04293774 1.602633 -0.02445405 1.0
v 0.05250698 1.600083 -0.02660379 1.0
v 0.06200692 1.596578 -0.02884438 1.0
v 0.07129569 1.59154 -0.03126629 1.0
v 0.07939927 1.584987 -0.0337722 1.0
v 0.08614712 1.577826 -0.03608066 1.0
v 0.09238961 1.569852 -0.03818963 1.0
v 0.09785382 1.560986 -0.04005849 1.0
v 0.1023817 1.552119 -0.04162415 1.0
v 0.1065179 1.54304 -0.04302572 1.0
v 0.1101313 1.5339 -0.04423483 1.0
v 0.1135972 1.525129 -0.04534042 1.0
v 0.1173486 1.516227 -0.0462377 1.0
v 0.1210006 1.507696 -0.04744116 1.0
v 0.1247596 1.499475 -0.0497898 1.0
v 0.1287175 1.4914 -0.05304758 1.0
v 0.1326076 1.484269 -0.05725346 1.0
v 0.1364716 1.478416 -0.06281072 1.0
v 0.1402869 1.473392 -0.06975624 1.0
v 0.1430289 1.469216 -0.07787617 1.0
v 0.143772 1.466734 -0.08699247 1.0
v 0.1439204 1.465036 -0.0966296 1.0
v -0.004489329 1.604573 -0.01161492 1.0
v -0.004489217 1.604573 -0.01161462 1.0
v -0.004489133 1.604573 -0.01161431 1.0
v -0.004489245 1.604573 -0.01161461 1.0
v 0.143787 1.464994 -0.09663232 1.0
v 0.143915 1.46494 -0.09661925 1.0
v 0.1440485 1.464981 -0.09661654 1.0
v 0.1439204 1.465036 -0.0966296 1.0
v 0.003933923 1.604567 -0.01092186 1.0
v -0.005704388 1.605445 -0.01403169 1.0
v -0.01527784 1.604193 -0.01714583 1.0
v -0.02412517 1.602515 -0.01857079 1.0
v -0.03278676 1.601435 -0.01850824 1.0
v -0.04267913 1.599633 -0.01849407 1.0
v -0.05403515 1.596227 -0.02012676 1.0
v -0.06394199 1.592019 -0.02284198 1.0
v -0.07191949 1.58752 -0.02503651 1.0
v -0.07799552 1.582913 -0.02586575 1.0
v -0.08469552 1.576191 -0.02608097 1.0
v -0.09254143 1.567065 -0.02703449 1.0
v -0.09909186 1.557615 -0.02923861 1.0
v -0.1036415 1.548713 -0.03179567 1.0
v -0.1074203 1.539801 -0.03466359 1.0
v -0.1107804 1.530325 -0.03798295 1.0
v -0.1133342 1.521403 -0.04121306 1.0
v -0.1156915 1.513094 -0.04424522 1.0
v -0.1184937 1.504443 -0.04734473 1.0
v -0.1220741 1.495374 -0.0511079 1.0
v -0.1262328 1.486918 -0.05596275 1.0
v -0.1306331 1.479431 -0.0618456 1.0
v -0.1348057 1.472792 -0.06891233 1.0
v -0.1388109 1.467862 -0.07822341 1.0
v -0.1419062 1.465626 -0.08812539 1.0
v -0.143851 1.464565 -0.09830979 1.0
v 0.003933923 1.604567 -0.01092186 1.0
v -0.005704388 1.605445 -0.01403169 1.0
v -0.01527784 1.604193 -0.01714583 1.0
v -0.02412517 1.602515 -0.01857079 1.0
v -0.03278676 1.601435 -0.01850824 1.0
v -0.04267913 1.599633 -0.01849407 1.0
v -0.05403515 1.596227 -0.02012676 1.0
v -0.06394199 1.592019 -0.02284198 1.0
v -0.07191949 1.58752 -0.02503651 1.0
v -0.07799552 1.582913 -0.02586575 1.0
v -0.08469552 1.576191 -0.02608097 1.0
v -0.09254143 1.567065 -0.02703449 1.0
v -0.09909186 1.557615 -0.02923861 1.0
v -0.1036415 1.548713 -0.03179567 1.0
v -0.1074203 1.539801 -0.03466359 1.0
v -0.1107804 1.530325 -0.03798295 1.0
v -0.1133342 1.521403 -0.04121306 1.0
v -0.1156915 1.513094 -0.04424522 1.0
v -0.1184937 1.504443 -0.04734473 1.0
v -0.1220741 1.495374 -0.0511079 1.0
v -0.1262328 1.486918 -0.05596275 1.0
v -0.1306331 1.479431 -0.0618456 1.0
v -0.1348057 1.472792 -0.06891233 1.0
v -0.1388109 1.467862 -0.07822341 1.0
v -0.1419062 1.465626 -0.08812539 1.0
v -0.143851 1.464565 -0.09830979 1.0
v 0.00393408 1.604567 -0.01092214 1.0
v -0.004367521 1.604535 -0.01617287 1.0
v -0.01210053 1.602275 -0.02127752 1.0
v -0.02064213 1.599273 -0.02549042 1.0
v -0.02978017 1.596839 -0.02804964 1.0
v -0.03873241 1.594116 -0.02988026 1.0
v -0.04701496 1.59068 -0.03225955 1.0
v -0.05465962 1.586429 -0.03556988 1.0
v -0.06150907 1.581529 -0.03879806 1.0
v -0.06748795 1.575945 -0.04093301 1.0
v -0.07309754 1.56914 -0.0418223 1.0
v -0.07853629 1.561352 -0.04247264 1.0
v -0.08321536 1.553489 -0.04396128 1.0
v -0.08734096 1.54504 -0.04608529 1.0
v -0.09120579 1.53653 -0.04835751 1.0
v -0.09465872 1.52803 -0.05063826 1.0
v -0.09810712 1.519116 -0.05319054 1.0
v -0.1019389 1.510249 -0.05580075 1.0
v -0.1060411 1.501526 -0.05808919 1.0
v -0.1106605 1.492684 -0.06062213 1.0
v -0.1158896 1.484336 -0.06408232 1.0
v -0.1216448 1.476861 -0.0682534 1.0
v -0.1276562 1.47057 -0.07350928 1.0
v -0.1339034 1.466362 -0.08105183 1.0
v -0.1395281 1.464809 -0.08940449 1.0
v -0.1437245 1.464518 -0.09834663 1.0
v 0.003934262 1.604567 -0.01092241 1.0
v -0.002965425 1.605485 -0.01825405 1.0
v -0.009590536 1.604125 -0.02587351 1.0
v -0.01791699 1.601776 -0.03302915 1.0
v -0.02787276 1.599749 -0.03849462 1.0
v -0.03677879 1.597488 -0.042548 1.0
v -0.0433157 1.594877 -0.04625777 1.0
v -0.04986425 1.591228 -0.05084677 1.0
v -0.05731272 1.586042 -0.05599307 1.0
v -0.06572402 1.578501 -0.06033228 1.0
v -0.07198467 1.570668 -0.06252104 1.0
v -0.07557548 1.56396 -0.06372234 1.0
v -0.07890975 1.556859 -0.06531422 1.0
v -0.08262485 1.548507 -0.06727789 1.0
v -0.08639291 1.53986 -0.06901864 1.0
v -0.08962198 1.53141 -0.07034962 1.0
v -0.09331954 1.522298 -0.07183217 1.0
v -0.09790254 1.512787 -0.07335137 1.0
v -0.1024899 1.503669 -0.07426991 1.0
v -0.1068485 1.495329 -0.0749922 1.0
v -0.1115976 1.487439 -0.0763921 1.0
v -0.1170567 1.479768 -0.07820081 1.0
v -0.1234195 1.472965 -0.08082348 1.0
v -0.1301599 1.468606 -0.08496113 1.0
v -0.1374529 1.465905 -0.09097008 1.0
v -0.1436007 1.464568 -0.09838843 1.0
v 0.003934262 1.604567 -0.01092241 1.0
v -0.002965425 1.605485 -0.01825405 1.0
v -0.009590536 1.604125 -0.02587351 1.0
v -0.01791699 1.601776 -0.03302915 1.0
v -0.02787276 1.599749 -0.03849462 1.0
v -0.03677879 1.597488 -0.042548 1.0
v -0.0433157 1.594877 -0.04625777 1.0
v -0.04986425 1.591228 -0.05084677 1.0
v -0.05731272 1.586042 -0.05599307 1.0
v -0.06572402 1.578501 -0.06033228 1.0
v -0.07198467 1.570668 -0.06252104 1.0
v -0.07557548 1.56396 -0.06372234 1.0
v -0.07890975 1.556859 -0.06531422 1.0
v -0.08262485 1.548507 -0.06727789 1.0
v -0.08639291 1.53986 -0.06901864 1.0
v -0.08962198 1.53141 -0.07034962 1.0
v -0.09331954 1.522298 -0.07183217 1.0
v -0.09790254 1.512787 -0.07335137 1.0
v -0.1024899 1.503669 -0.07426991 1.0
v -0.1068485 1.495329 -0.0749922 1.0
v -0.1115976 1.487439 -0.0763921 1.0
v -0.1170567 1.479768 -0.07820081 1.0
v -0.1234195 1.472965 -0.08082348 1.0
v -0.1301599 1.468606 -0.08496113 1.0
v -0.1374529 1.465905 -0.09097008 1.0
v -0.1436007 1.464568 -0.09838843 1.0
v 0.003934104 1.604567 -0.01092212 1.0
v -0.004302292 1.606395 -0.01611286 1.0
v -0.01276785 1.606043 -0.02174182 1.0
v -0.02140003 1.605019 -0.02610951 1.0
v -0.03087935 1.604346 -0.02895322 1.0
v -0.04072552 1.603004 -0.0311618 1.0
v -0.05033589 1.600424 -0.03412499 1.0
v -0.05914664 1.596819 -0.03811887 1.0
v -0.06772315 1.592032 -0.04223152 1.0
v -0.07623159 1.585469 -0.04526502 1.0
v -0.08358265 1.577718 -0.04677971 1.0
v -0.08958063 1.569673 -0.0482842 1.0
v -0.09478625 1.560984 -0.05059155 1.0
v -0.09892542 1.55218 -0.05298827 1.0
v -0.1026074 1.543131 -0.05532473 1.0
v -0.1057437 1.533705 -0.0576943 1.0
v -0.1085466 1.524585 -0.0598547 1.0
v -0.1116551 1.515632 -0.06179583 1.0
v -0.1149424 1.506587 -0.06352545 1.0
v -0.1182621 1.49802 -0.06547797 1.0
v -0.1219407 1.490021 -0.06827252 1.0
v -0.126045 1.482337 -0.07179302 1.0
v -0.130569 1.475186 -0.07622653 1.0
v -0.1350674 1.470106 -0.08213272 1.0
v -0.1398311 1.466722 -0.08969096 1.0
v -0.1437272 1.464615 -0.09835159 1.0
v 0.003933923 1.604567 -0.01092186 1.0
v 0.00393408 1.604567 -0.01092214 1.0
v 0.003934262 1.604567 -0.01092241 1.0
v 0.003934104 1.604567 -0.01092212 1.0
v -0.143851 1.464565 -0.09830979 1.0
v -0.1437245 1.464518 -0.09834663 1.0
v -0.1436007 1.464568 -0.09838843 1.0
v -0.1437272 1.464615 -0.09835159 1.0
v 0.004249004 1.604572 -0.01176162 1.0
v -0.005790522 1.605431 -0.01236563 1.0
v -0.01580011 1.604198 -0.01288285 1.0
v -0.02542148 1.602523 -0.01287599 1.0
v -0.0350182 1.601109 -0.01251739 1.0
v -0.0448441 1.599096 -0.01232841 1.0
v -0.05463567 1.596323 -0.0126578 1.0
v -0.06414517 1.593014 -0.01324262 1.0
v -0.07349186 1.588268 -0.01404156 1.0
v -0.08175643 1.581524 -0.01511594 1.0
v -0.08821787 1.574003 -0.01615486 1.0
v -0.09383558 1.566357 -0.0171252 1.0
v -0.09905002 1.558112 -0.01818709 1.0
v -0.1037748 1.549432 -0.0195489 1.0
v -0.1079604 1.540429 -0.02130501 1.0
v -0.1115937 1.531422 -0.0233088 1.0
v -0.1149543 1.52286 -0.0254368 1.0
v -0.1186017 1.513983 -0.02768654 1.0
v -0.1232968 1.504188 -0.03096974 1.0
v -0.1278706 1.495421 -0.03523424 1.0
v -0.132487 1.486787 -0.04034777 1.0
v -0.1372414 1.478597 -0.04691446 1.0
v -0.1419611 1.473024 -0.05485283 1.0
v -0.1462249 1.469169 -0.06386557 1.0
v -0.1489539 1.466117 -0.07516542 1.0
v -0.1473903 1.465036 -0.08675902 1.0
v -0.144802 1.46457 -0.09653807 1.0
v 0.004249004 1.604572 -0.01176162 1.0
v -0.005790522 1.605431 -0.01236563 1.0
v -0.01580011 1.604198 -0.01288285 1.0
v -0.02542148 1.602523 -0.01287599 1.0
v -0.0350182 1.601109 -0.01251739 1.0
v -0.0448441 1.599096 -0.01232841 1.0
v -0.05463567 1.596323 -0.0126578 1.0
v -0.06414517 1.593014 -0.01324262 1.0
v -0.07349186 1.588268 -0.01404156 1.0
v -0.08175643 1.581524 -0.01511594 1.0
v -0.08821787 1.574003 -0.01615486 1.0
v -0.09383558 1.566357 -0.0171252 1.0
v -0.09905002 1.558112 -0.01818709 1.0
v -0.1037748 1.549432 -0.0195489 1.0
v -0.1079604 1.540429 -0.02130501 1.0
v -0.1115937 1.531422 -0.0233088 1.0
v -0.1149543 1.52286 -0.0254368 1.0
v -0.1186017 1.513983 -0.02768654 1.0
v -0.1232968 1.504188 -0.03096974 1.0
v -0.1278706 1.495421 -0.03523424 1.0
v -0.132487 1.486787 -0.04034777 1.0
v -0.1372414 1.478597 -0.04691446 1.0
v -0.1419611 1.473024 -0.05485283 1.0
v -0.1462249 1.469169 -0.06386557 1.0
v -0.1489539 1.466117 -0.07516542 1.0
v -0.1473903 1.465036 -0.08675902 1.0
v -0.144802 1.46457 -0.09653807 1.0
v 0.004249085 1.604572 -0.01176193 1.0
v -0.005089814 1.60457 -0.01468989 1.0
v -0.01390644 1.602379 -0.01752213 1.0
v -0.02317593 1.599591 -0.02006087 1.0
v -0.03239295 1.597183 -0.02203996 1.0
v -0.04134253 1.594398 -0.0237696 1.0
v -0.05004126 1.591048 -0.02557435 1.0
v -0.05838518 1.587272 -0.02734463 1.0
v -0.0655539 1.582788 -0.02900612 1.0
v -0.07142747 1.577052 -0.03066158 1.0
v -0.07672073 1.569848 -0.03246226 1.0
v -0.08167479 1.562193 -0.0341147 1.0
v -0.08624898 1.554016 -0.0354778 1.0
v -0.09047976 1.545647 -0.03676173 1.0
v -0.0944304 1.537235 -0.03809236 1.0
v -0.09830336 1.528458 -0.03949229 1.0
v -0.1024802 1.51955 -0.04100417 1.0
v -0.1068273 1.510779 -0.04234361 1.0
v -0.1115725 1.501894 -0.04409244 1.0
v -0.1164221 1.493517 -0.04665408 1.0
v -0.1214878 1.485244 -0.05000477 1.0
v -0.1270096 1.477528 -0.05492806 1.0
v -0.133127 1.471743 -0.06123377 1.0
v -0.1390938 1.467772 -0.06820597 1.0
v -0.143651 1.464991 -0.07666634 1.0
v -0.1447628 1.46439 -0.08668877 1.0
v -0.1446694 1.464525 -0.09653406 1.0
v 0.004249195 1.604572 -0.01176223 1.0
v -0.004324447 1.605495 -0.01696854 1.0
v -0.01275409 1.604175 -0.02240712 1.0
v -0.02167642 1.602208 -0.02755515 1.0
v -0.03098539 1.600518 -0.03203407 1.0
v -0.03993909 1.598341 -0.03592341 1.0
v -0.04849372 1.595449 -0.03950286 1.0
v -0.05689757 1.591891 -0.04288397 1.0
v -0.0643308 1.587451 -0.04614509 1.0
v -0.07040588 1.5816 -0.0492794 1.0
v -0.0759432 1.574196 -0.05235861 1.0
v -0.08130065 1.566027 -0.05506783 1.0
v -0.08585453 1.557567 -0.05708442 1.0
v -0.089949 1.548978 -0.05857885 1.0
v -0.09380006 1.540333 -0.05965816 1.0
v -0.09758068 1.531409 -0.06042298 1.0
v -0.1019179 1.522159 -0.06104854 1.0
v -0.1062161 1.513286 -0.06124 1.0
v -0.1097584 1.505635 -0.06134478 1.0
v -0.1136867 1.497506 -0.06220111 1.0
v -0.1177431 1.489787 -0.06349427 1.0
v -0.122237 1.483133 -0.06569172 1.0
v -0.1279254 1.476913 -0.06939512 1.0
v -0.13427 1.471569 -0.07403318 1.0
v -0.1392952 1.467516 -0.07917505 1.0
v -0.1423457 1.465604 -0.08678497 1.0
v -0.1445398 1.464578 -0.09653912 1.0
v 0.004249195 1.604572 -0.01176223 1.0
v -0.004324447 1.605495 -0.01696854 1.0
v -0.01275409 1.604175 -0.02240712 1.0
v -0.02167642 1.602208 -0.02755515 1.0
v -0.03098539 1.600518 -0.03203407 1.0
v -0.03993909 1.598341 -0.03592341 1.0
v -0.04849372 1.595449 -0.03950286 1.0
v -0.05689757 1.591891 -0.04288397 1.0
v -0.0643308 1.587451 -0.04614509 1.0
v -0.07040588 1.5816 -0.0492794 1.0
v -0.0759432 1.574196 -0.05235861 1.0
v -0.08130065 1.566027 -0.05506783 1.0
v -0.08585453 1.557567 -0.05708442 1.0
v -0.089949 1.548978 -0.05857885 1.0
v -0.09380006 1.540333 -0.05965816 1.0
v -0.09758068 1.531409 -0.06042298 1.0
v -0.1019179 1.522159 -0.06104854 1.0
v -0.1062161 1.513286 -0.06124 1.0
v -0.1097584 1.505635 -0.06134478 1.0
v -0.1136867 1.497506 -0.06220111 1.0
v -0.1177431 1.489787 -0.06349427 1.0
v -0.122237 1.483133 -0.06569172 1.0
v -0.1279254 1.476913 -0.06939512 1.0
v -0.13427 1.471569 -0.07403318 1.0
v -0.1392952 1.467516 -0.07917505 1.0
v -0.1423457 1.465604 -0.08678497 1.0
v -0.1445398 1.464578 -0.09653912 1.0
v 0.004249114 1.604572 -0.01176192 1.0
v -0.005025154 1.606356 -0.01464428 1.0
v -0.01464775 1.605995 -0.01776785 1.0
v -0.02392198 1.605139 -0.02037027 1.0
v -0.03361064 1.604444 -0.0225115 1.0
v -0.04344067 1.60304 -0.02448221 1.0
v -0.05308812 1.600724 -0.02658629 1.0
v -0.06265756 1.597632 -0.02878196 1.0
v -0.07226875 1.592931 -0.03118053 1.0
v -0.08073483 1.586072 -0.03373376 1.0
v -0.08744034 1.57835 -0.03605122 1.0
v -0.09346143 1.570192 -0.03807833 1.0
v -0.09865556 1.561662 -0.03979371 1.0
v -0.103244 1.552763 -0.04136602 1.0
v -0.1073301 1.543528 -0.04287081 1.0
v -0.110871 1.534373 -0.04423948 1.0
v -0.114392 1.525468 -0.04548118 1.0
v -0.1179905 1.51649 -0.04658293 1.0
v -0.1214828 1.50793 -0.04822209 1.0
v -0.1251352 1.499411 -0.05078128 1.0
v -0.1287423 1.491329 -0.05383727 1.0
v -0.1324688 1.484202 -0.05767813 1.0
v -0.1367594 1.478195 -0.06301419 1.0
v -0.141401 1.472966 -0.06969279 1.0
v -0.1445982 1.468642 -0.07767413 1.0
v -0.1449732 1.466249 -0.08685522 1.0
v -0.1446724 1.464622 -0.09654313 1.0
v 0.004249004 1.604572 -0.01176162 1.0
v 0.004249085 1.604572 -0.01176193 1.0
v 0.004249195 1.604572 -0.01176223 1.0
v 0.004249114 1.604572 -0.01176192 1.0
v -0.144802 1.46457 -0.09653807 1.0
v -0.1446694 1.464525 -0.09653406 1.0
v -0.1445398 1.464578 -0.09653912 1.0
v -0.1446724 1.464622 -0.09654313 1.0
v 0.0005650719 1.603527 -0.01201381 1.0
v -0.002885792 1.604041 -0.002361788 1.0
v -0.006335299 1.603597 0.007372269 1.0
v -0.00956072 1.601893 0.01675235 1.0
v -0.01222841 1.599903 0.02556902 1.0
v -0.01494127 1.597145 0.03457451 1.0
v -0.01880911 1.592846 0.04431033 1.0
v -0.02321816 1.587753 0.05305455 1.0
v -0.02855616 1.58129 0.06134821 1.0
v -0.03572854 1.572779 0.06867857 1.0
v -0.04349551 1.563893 0.07315967 1.0
v -0.05027954 1.556078 0.07520864 1.0
v -0.05695283 1.547908 0.07585763 1.0
v -0.06395994 1.539004 0.07492963 1.0
v -0.06867981 1.532058 0.07338005 1.0
v -0.07197071 1.525458 0.07203977 1.0
v -0.07503404 1.516913 0.07055996 1.0
v -0.07757147 1.507718 0.06859754 1.0
v -0.07925666 1.498386 0.06621014 1.0
v -0.08158062 1.486492 0.06177189 1.0
v -0.08430381 1.478642 0.05569351 1.0
v -0.08695351 1.470919 0.04930989 1.0
v -0.08924622 1.46309 0.04308456 1.0
v 0.0005650719 1.603527 -0.01201381 1.0
v -0.002885792 1.604041 -0.002361788 1.0
v -0.006335299 1.603597 0.007372269 1.0
v -0.00956072 1.601893 0.01675235 1.0
v -0.01222841 1.599903 0.02556902 1.0
v -0.01494127 1.597145 0.03457451 1.0
v -0.01880911 1.592846 0.04431033 1.0
v -0.02321816 1.587753 0.05305455 1.0
v -0.02855616 1.58129 0.06134821 1.0
v -0.03572854 1.572779 0.06867857 1.0
v -0.04349551 1.563893 0.07315967 1.0
v -0.05027954 1.556078 0.07520864 1.0
v -0.05695283 1.547908 0.07585763 1.0
v -0.06395994 1.539004 0.07492963 1.0
v -0.06867981 1.532058 0.07338005 1.0
v -0.07197071 1.525458 0.07203977 1.0
v -0.07503404 1.516913 0.07055996 1.0
v -0.07757147 1.507718 0.06859754 1.0
v -0.07925666 1.498386 0.06621014 1.0
v -0.08158062 1.486492 0.06177189 1.0
v -0.08430381 1.478642 0.05569351 1.0
v -0.08695351 1.470919 0.04930989 1.0
v -0.08924622 1.46309 0.04308456 1.0
v 0.0005648002 1.603527 -0.01201399 1.0
v -0.005267586 1.603107 -0.004055641 1.0
v -0.01100581 1.601561 0.003596438 1.0
v -0.01636136 1.598667 0.01094948 1.0
v -0.02133037 1.595398 0.01865884 1.0
v -0.02549264 1.591699 0.02618587 1.0
v -0.02961226 1.587267 0.03327256 1.0
v -0.03398587 1.582118 0.03950845 1.0
v -0.03854527 1.57624 0.04506156 1.0
v -0.04374593 1.569876 0.04948373 1.0
v -0.04975256 1.563383 0.05226494 1.0
v -0.05618362 1.556594 0.05394277 1.0
v -0.06206427 1.549817 0.05485102 1.0
v -0.0678182 1.542799 0.05480156 1.0
v -0.07286818 1.535315 0.05449199 1.0
v -0.07654505 1.527154 0.05458578 1.0
v -0.07918153 1.518305 0.05473309 1.0
v -0.08123582 1.509105 0.05456188 1.0
v -0.08256047 1.499731 0.05420665 1.0
v -0.08374362 1.490564 0.05303087 1.0
v -0.08552483 1.481395 0.0497282 1.0
v -0.08742784 1.472248 0.04640505 1.0
v -0.08926181 1.463148 0.04295799 1.0
v 0.0005645517 1.603527 -0.01201419 1.0
v -0.007517934 1.604298 -0.005767507 1.0
v -0.01584162 1.603905 0.0002294872 1.0
v -0.02406914 1.601854 0.006392951 1.0
v -0.03186912 1.599101 0.0135493 1.0
v -0.03839588 1.595611 0.02074883 1.0
v -0.04379601 1.591772 0.02633039 1.0
v -0.04946997 1.586939 0.03125044 1.0
v -0.05457981 1.581836 0.03495649 1.0
v -0.05892519 1.57762 0.03720513 1.0
v -0.06410883 1.573119 0.03903213 1.0
v -0.07060453 1.56692 0.04079873 1.0
v -0.07646824 1.560072 0.04226452 1.0
v -0.08139442 1.553332 0.04300451 1.0
v -0.08693447 1.543529 0.04355707 1.0
v -0.09085544 1.531853 0.04450719 1.0
v -0.09245652 1.52129 0.04554119 1.0
v -0.09312628 1.511102 0.0463779 1.0
v -0.092923 1.500869 0.04726899 1.0
v -0.09163465 1.493609 0.0479199 1.0
v -0.09070969 1.48352 0.04608738 1.0
v -0.0898582 1.473305 0.04456012 1.0
v -0.08936373 1.463195 0.04287456 1.0
v 0.0005645517 1.603527 -0.01201419 1.0
v -0.007517934 1.604298 -0.005767507 1.0
v -0.01584162 1.603905 0.0002294872 1.0
v -0.02406914 1.601854 0.006392951 1.0
v -0.03186912 1.599101 0.0135493 1.0
v -0.03839588 1.595611 0.02074883 1.0
v -0.04379601 1.591772 0.02633039 1.0
v -0.04946997 1.586939 0.03125044 1.0
v -0.05457981 1.581836 0.03495649 1.0
v -0.05892519 1.57762 0.03720513 1.0
v -0.06410883 1.573119 0.03903213 1.0
v -0.07060453 1.56692 0.04079873 1.0
v -0.07646824 1.560072 0.04226452 1.0
v -0.08139442 1.553332 0.04300451 1.0
v -0.08693447 1.543529 0.04355707 1.0
v -0.09085544 1.531853 0.04450719 1.0
v -0.09245652 1.52129 0.04554119 1.0
v -0.09312628 1.511102 0.0463779 1.0
v -0.092923 1.500869 0.04726899 1.0
v -0.09163465 1.493609 0.0479199 1.0
v -0.09070969 1.48352 0.04608738 1.0
v -0.0898582 1.473305 0.04456012 1.0
v -0.08936373 1.463195 0.04287456 1.0
v 0.0005648234 1.603527 -0.012014 1.0
v -0.00513614 1.605232 -0.004073654 1.0
v -0.01117111 1.60594 0.004005318 1.0
v -0.01726851 1.60508 0.01219583 1.0
v -0.02276717 1.603606 0.02045948 1.0
v -0.0278445 1.601057 0.02913747 1.0
v -0.03299286 1.597351 0.03736816 1.0
v -0.03870227 1.592574 0.04479655 1.0
v -0.0445907 1.586886 0.05124314 1.0
v -0.0509078 1.580523 0.05639996 1.0
v -0.05785178 1.573629 0.05992686 1.0
v -0.06470046 1.566405 0.0620646 1.0
v -0.0713568 1.558162 0.06327113 1.0
v -0.07753615 1.549537 0.06313258 1.0
v -0.08274608 1.540272 0.06244512 1.0
v -0.0862811 1.530157 0.06196118 1.0
v -0.08830903 1.519898 0.06136805 1.0
v -0.08946193 1.509715 0.06041357 1.0
v -0.0896192 1.499524 0.05927248 1.0
v -0.08947165 1.489537 0.05666092 1.0
v -0.08948867 1.480767 0.0520527 1.0
v -0.08938386 1.471976 0.04746495 1.0
v -0.08934814 1.463138 0.04300113 1.0
v 0.0005650719 1.603527 -0.01201381 1.0
v 0.0005648002 1.603527 -0.01201399 1.0
v 0.0005645517 1.603527 -0.01201419 1.0
v 0.0005648234 1.603527 -0.012014 1.0
v -0.08924622 1.46309 0.04308456 1.0
v -0.08926181 1.463148 0.04295799 1.0
v -0.08936373 1.463195 0.04287456 1.0
v -0.08934814 1.463138 0.04300113 1.0
v 0.0006640161 1.603527 -0.01219943 1.0
v -0.004432204 1.604115 -0.003584712 1.0
v -0.009464414 1.603312 0.005147953 1.0
v -0.01474692 1.601571 0.01365427 1.0
v -0.0202391 1.599479 0.02173402 1.0
v -0.02680118 1.596227 0.02953745 1.0
v -0.0348317 1.591372 0.03671052 1.0
v -0.04218035 1.586229 0.04190472 1.0
v -0.04848447 1.580943 0.04613478 1.0
v -0.05271975 1.576557 0.04981955 1.0
v -0.05764022 1.570556 0.05402204 1.0
v -0.06374613 1.562001 0.05800622 1.0
v -0.06966569 1.55284 0.06009001 1.0
v -0.07460571 1.544241 0.06063558 1.0
v -0.07882079 1.5356 0.06042689 1.0
v -0.08248822 1.526543 0.05955996 1.0
v -0.08521796 1.517692 0.05815683 1.0
v -0.08694545 1.509033 0.0565943 1.0
v -0.08801236 1.499737 0.05450353 1.0
v -0.08888378 1.490032 0.05175423 1.0
v -0.08951235 1.480422 0.04840277 1.0
v -0.08959644 1.470935 0.04510978 1.0
v 0.0006640161 1.603527 -0.01219943 1.0
v -0.004432204 1.604115 -0.003584712 1.0
v -0.009464414 1.603312 0.005147953 1.0
v -0.01474692 1.601571 0.01365427 1.0
v -0.0202391 1.599479 0.02173402 1.0
v -0.02680118 1.596227 0.02953745 1.0
v -0.0348317 1.591372 0.03671052 1.0
v -0.04218035 1.586229 0.04190472 1.0
v -0.04848447 1.580943 0.04613478 1.0
v -0.05271975 1.576557 0.04981955 1.0
v -0.05764022 1.570556 0.05402204 1.0
v -0.06374613 1.562001 0.05800622 1.0
v -0.06966569 1.55284 0.06009001 1.0
v -0.07460571 1.544241 0.06063558 1.0
v -0.07882079 1.5356 0.06042689 1.0
v -0.08248822 1.526543 0.05955996 1.0
v -0.08521796 1.517692 0.05815683 1.0
v -0.08694545 1.509033 0.0565943 1.0
v -0.08801236 1.499737 0.05450353 1.0
v -0.08888378 1.490032 0.05175423 1.0
v -0.08951235 1.480422 0.04840277 1.0
v -0.08959644 1.470935 0.04510978 1.0
v 0.0006637893 1.603527 -0.01219967 1.0
v -0.00650851 1.60313 -0.005842273 1.0
v -0.01332163 1.601173 0.0001675524 1.0
v -0.02026719 1.598244 0.006100253 1.0
v -0.0269949 1.595242 0.01177777 1.0
v -0.03358303 1.591754 0.01693234 1.0
v -0.04022074 1.587576 0.02110013 1.0
v -0.04728421 1.582489 0.02425588 1.0
v -0.05379549 1.57696 0.02697377 1.0
v -0.05947457 1.570953 0.03028681 1.0
v -0.06436084 1.564583 0.03392246 1.0
v -0.06892291 1.557865 0.03707796 1.0
v -0.07346334 1.550701 0.03927916 1.0
v -0.07774915 1.543126 0.04079219 1.0
v -0.08142155 1.535265 0.04196489 1.0
v -0.08440357 1.526592 0.0427448 1.0
v -0.08661925 1.517823 0.04320109 1.0
v -0.08809984 1.508817 0.04369479 1.0
v -0.08895293 1.499568 0.04425064 1.0
v -0.08953209 1.490081 0.04477969 1.0
v -0.08982605 1.480573 0.04502815 1.0
v -0.08960859 1.47094 0.04497057 1.0
v 0.0006635897 1.603527 -0.01219991 1.0
v -0.008449767 1.604377 -0.008090432 1.0
v -0.01768444 1.603587 -0.004236445 1.0
v -0.02673494 1.60169 -0.0006002616 1.0
v -0.03552174 1.599549 0.003324372 1.0
v -0.04328734 1.59697 0.006758635 1.0
v -0.050031 1.59412 0.008931747 1.0
v -0.05784375 1.589858 0.01062791 1.0
v -0.06602983 1.584277 0.01255162 1.0
v -0.07456441 1.576425 0.01611247 1.0
v -0.08066512 1.568919 0.01977297 1.0
v -0.08463588 1.562697 0.02252972 1.0
v -0.08828004 1.555929 0.02495372 1.0
v -0.09195564 1.547698 0.02729579 1.0
v -0.09485602 1.538698 0.02949678 1.0
v -0.09645339 1.529385 0.03119424 1.0
v -0.09729804 1.519446 0.03276151 1.0
v -0.09736413 1.509068 0.03464567 1.0
v -0.09633814 1.499238 0.03708237 1.0
v -0.09455527 1.48983 0.03990405 1.0
v -0.09224459 1.480395 0.04265577 1.0
v -0.08970789 1.470934 0.04487232 1.0
v 0.0006635897 1.603527 -0.01219991 1.0
v -0.008449767 1.604377 -0.008090432 1.0
v -0.01768444 1.603587 -0.004236445 1.0
v -0.02673494 1.60169 -0.0006002616 1.0
v -0.03552174 1.599549 0.003324372 1.0
v -0.04328734 1.59697 0.006758635 1.0
v -0.050031 1.59412 0.008931747 1.0
v -0.05784375 1.589858 0.01062791 1.0
v -0.06602983 1.584277 0.01255162 1.0
v -0.07456441 1.576425 0.01611247 1.0
v -0.08066512 1.568919 0.01977297 1.0
v -0.08463588 1.562697 0.02252972 1.0
v -0.08828004 1.555929 0.02495372 1.0
v -0.09195564 1.547698 0.02729579 1.0
v -0.09485602 1.538698 0.02949678 1.0
v -0.09645339 1.529385 0.03119424 1.0
v -0.09729804 1.519446 0.03276151 1.0
v -0.09736413 1.509068 0.03464567 1.0
v -0.09633814 1.499238 0.03708237 1.0
v -0.09455527 1.48983 0.03990405 1.0
v -0.09224459 1.480395 0.04265577 1.0
v -0.08970789 1.470934 0.04487232 1.0
v 0.0006638166 1.603527 -0.01219967 1.0
v -0.006373461 1.605362 -0.005832871 1.0
v -0.01382722 1.605726 0.0007439563 1.0
v -0.02121467 1.605017 0.006953752 1.0
v -0.02876595 1.603785 0.01328062 1.0
v -0.03650548 1.601443 0.01936375 1.0
v -0.04464194 1.597916 0.02454215 1.0
v -0.05273989 1.593597 0.02827675 1.0
v -0.06071882 1.588259 0.03171262 1.0
v -0.06780959 1.582029 0.03564521 1.0
v -0.07394449 1.574893 0.03987255 1.0
v -0.07945909 1.566832 0.04345798 1.0
v -0.08448237 1.558068 0.04576456 1.0
v -0.0888122 1.548814 0.04713917 1.0
v -0.09225526 1.539033 0.04795877 1.0
v -0.09453803 1.529337 0.04800939 1.0
v -0.09589675 1.519315 0.04771725 1.0
v -0.09620973 1.509284 0.04754518 1.0
v -0.09539757 1.499407 0.04733525 1.0
v -0.09390696 1.489782 0.0468786 1.0
v -0.0919309 1.480243 0.04603039 1.0
v -0.08969574 1.470928 0.04501153 1.0
v 0.0006640161 1.603527 -0.01219943 1.0
v 0.0006637893 1.603527 -0.01219967 1.0
v 0.0006635897 1.603527 -0.01219991 1.0
v 0.0006638166 1.603527 -0.01219967 1.0
v -0.08959644 1.470935 0.04510978 1.0
v -0.08960859 1.47094 0.04497057 1.0
v -0.08970789 1.470934 0.04487232 1.0
v -0.08969574 1.470928 0.04501153 1.0
v 0.008526665 1.603233 -0.009150013 1.0
v -0.001234176 1.604373 -0.007624659 1.0
v -0.01104454 1.604001 -0.006038911 1.0
v -0.02057264 1.602546 -0.004199277 1.0
v -0.0300628 1.600777 -0.002246505 1.0
v -0.03910352 1.598325 -0.0002462277 1.0
v -0.04739726 1.595133 0.001916033 1.0
v -0.05524294 1.591053 0.004323814 1.0
v -0.06305074 1.585949 0.006855716 1.0
v -0.07067939 1.579799 0.009313175 1.0
v -0.07738537 1.57321 0.0114642 1.0
v -0.08335219 1.566173 0.01358617 1.0
v -0.08787999 1.559431 0.01585267 1.0
v -0.09158033 1.552208 0.01842701 1.0
v -0.09497129 1.543552 0.02111787 1.0
v -0.09768393 1.533802 0.02332347 1.0
v -0.09923656 1.524291 0.0248061 1.0
v -0.1000289 1.515167 0.02590082 1.0
v -0.1003161 1.505882 0.02691898 1.0
v -0.1000183 1.49653 0.0278112 1.0
v -0.09932505 1.487204 0.02865392 1.0
v -0.09811741 1.477702 0.0295062 1.0
v -0.09654912 1.468398 0.03032916 1.0
v -0.09477367 1.459094 0.03120854 1.0
v -0.09279927 1.449335 0.03207379 1.0
v -0.09078763 1.440573 0.03283131 1.0
v -0.08842742 1.432653 0.03387291 1.0
v -0.08537816 1.424307 0.03567911 1.0
v -0.08174228 1.416398 0.03789887 1.0
v -0.07741129 1.409388 0.0409807 1.0
v -0.07194567 1.403344 0.04613921 1.0
v -0.06633625 1.397687 0.05213398 1.0
v 0.008526665 1.603233 -0.009150013 1.0
v -0.001234176 1.604373 -0.007624659 1.0
v -0.01104454 1.604001 -0.006038911 1.0
v -0.02057264 1.602546 -0.004199277 1.0
v -0.0300628 1.600777 -0.002246505 1.0
v -0.03910352 1.598325 -0.0002462277 1.0
v -0.04739726 1.595133 0.001916033 1.0
v -0.05524294 1.591053 0.004323814 1.0
v -0.06305074 1.585949 0.006855716 1.0
v -0.07067939 1.579799 0.009313175 1.0
v -0.07738537 1.57321 0.0114642 1.0
v -0.08335219 1.566173 0.01358617 1.0
v -0.08787999 1.559431 0.01585267 1.0
v -0.09158033 1.552208 0.01842701 1.0
v -0.09497129 1.543552 0.02111787 1.0
v -0.09768393 1.533802 0.02332347 1.0
v -0.09923656 1.524291 0.0248061 1.0
v -0.1000289 1.515167 0.02590082 1.0
v -0.1003161 1.505882 0.02691898 1.0
v -0.1000183 1.49653 0.0278112 1.0
v -0.09932505 1.487204 0.02865392 1.0
v -0.09811741 1.477702 0.0295062 1.0
v -0.09654912 1.468398 0.03032916 1.0
v -0.09477367 1.459094 0.03120854 1.0
v -0.09279927 1.449335 0.03207379 1.0
v -0.09078763 1.440573 0.03283131 1.0
v -0.08842742 1.432653 0.03387291 1.0
v -0.08537816 1.424307 0.03567911 1.0
v -0.08174228 1.416398 0.03789887 1.0
v -0.07741129 1.409388 0.0409807 1.0
v -0.07194567 1.403344 0.04613921 1.0
v -0.06633625 1.397687 0.05213398 1.0
v 0.008526664 1.603233 -0.009150339 1.0
v -0.001192427 1.603688 -0.00965552 1.0
v -0.01066474 1.602598 -0.01022754 1.0
v -0.02013495 1.600431 -0.01060742 1.0
v -0.02943118 1.598058 -0.0108179 1.0
v -0.03836226 1.595051 -0.01081399 1.0
v -0.04675499 1.591236 -0.01038497 1.0
v -0.05464722 1.58657 -0.009426383 1.0
v -0.06203404 1.581186 -0.008197333 1.0
v -0.06888946 1.57516 -0.007076952 1.0
v -0.07521499 1.568584 -0.006171345 1.0
v -0.08108822 1.561291 -0.005136487 1.0
v -0.08578396 1.553843 -0.003707163 1.0
v -0.08948959 1.54602 -0.001772616 1.0
v -0.09238152 1.537822 0.0002632029 1.0
v -0.09449738 1.529415 0.001940517 1.0
v -0.09585656 1.52067 0.003358967 1.0
v -0.09668119 1.511548 0.004809463 1.0
v -0.09698732 1.502525 0.006383888 1.0
v -0.09671911 1.493318 0.008052282 1.0
v -0.09605628 1.483998 0.009855175 1.0
v -0.09506082 1.474659 0.01174537 1.0
v -0.09370776 1.465447 0.01372692 1.0
v -0.09212242 1.456182 0.01586909 1.0
v -0.09046942 1.446853 0.01796771 1.0
v -0.08859457 1.437771 0.02022424 1.0
v -0.08616086 1.429197 0.02323978 1.0
v -0.08301134 1.421101 0.02716545 1.0
v -0.07937779 1.413517 0.0318337 1.0
v -0.07537395 1.40693 0.03756254 1.0
v -0.07091248 1.402008 0.04465474 1.0
v -0.06627613 1.397603 0.0520395 1.0
v 0.008526699 1.603233 -0.009150656 1.0
v -0.0010111 1.604484 -0.01163787 1.0
v -0.01059876 1.604256 -0.01433895 1.0
v -0.02033586 1.602963 -0.01687472 1.0
v -0.03003893 1.601467 -0.01914101 1.0
v -0.03986329 1.599129 -0.02101543 1.0
v -0.04976602 1.595512 -0.02219858 1.0
v -0.05912381 1.590735 -0.02254619 1.0
v -0.0674618 1.58528 -0.02248346 1.0
v -0.07494725 1.5794 -0.0225265 1.0
v -0.08228091 1.572656 -0.02262178 1.0
v -0.08905335 1.565142 -0.02249237 1.0
v -0.09541994 1.556069 -0.02160684 1.0
v -0.10043 1.546407 -0.01996185 1.0
v -0.1037836 1.537333 -0.0182895 1.0
v -0.1059758 1.528602 -0.01688014 1.0
v -0.1073624 1.519109 -0.01534133 1.0
v -0.1080551 1.509049 -0.01345371 1.0
v -0.1079949 1.499132 -0.01126142 1.0
v -0.1071879 1.489322 -0.008861074 1.0
v -0.105882 1.479592 -0.006219848 1.0
v -0.1043243 1.470177 -0.003359478 1.0
v -0.1023132 1.460739 -0.0002802126 1.0
v -0.1000289 1.451452 0.002987645 1.0
v -0.09778741 1.442632 0.006169232 1.0
v -0.09500859 1.433047 0.009825379 1.0
v -0.09118916 1.423509 0.01472483 1.0
v -0.08651154 1.415623 0.0203762 1.0
v -0.0813448 1.40863 0.02704493 1.0
v -0.07605255 1.402991 0.03513142 1.0
v -0.07116131 1.399975 0.04372533 1.0
v -0.06629658 1.397478 0.05198011 1.0
v 0.008526699 1.603233 -0.009150656 1.0
v -0.0010111 1.604484 -0.01163787 1.0
v -0.01059876 1.604256 -0.01433895 1.0
v -0.02033586 1.602963 -0.01687472 1.0
v -0.03003893 1.601467 -0.01914101 1.0
v -0.03986329 1.599129 -0.02101543 1.0
v -0.04976602 1.595512 -0.02219858 1.0
v -0.05912381 1.590735 -0.02254619 1.0
v -0.0674618 1.58528 -0.02248346 1.0
v -0.07494725 1.5794 -0.0225265 1.0
v -0.08228091 1.572656 -0.02262178 1.0
v -0.08905335 1.565142 -0.02249237 1.0
v -0.09541994 1.556069 -0.02160684 1.0
v -0.10043 1.546407 -0.01996185 1.0
v -0.1037836 1.537333 -0.0182895 1.0
v -0.1059758 1.528602 -0.01688014 1.0
v -0.1073624 1.519109 -0.01534133 1.0
v -0.1080551 1.509049 -0.01345371 1.0
v -0.1079949 1.499132 -0.01126142 1.0
v -0.1071879 1.489322 -0.008861074 1.0
v -0.105882 1.479592 -0.006219848 1.0
v -0.1043243 1.470177 -0.003359478 1.0
v -0.1023132 1.460739 -0.0002802126 1.0
v -0.1000289 1.451452 0.002987645 1.0
v -0.09778741 1.442632 0.006169232 1.0
v -0.09500859 1.433047 0.009825379 1.0
v -0.09118916 1.423509 0.01472483 1.0
v -0.08651154 1.415623 0.0203762 1.0
v -0.0813448 1.40863 0.02704493 1.0
v -0.07605255 1.402991 0.03513142 1.0
v -0.07116131 1.399975 0.04372533 1.0
v -0.06629658 1.397478 0.05198011 1.0
v 0.0085267 1.603233 -0.009150331 1.0
v -0.001052849 1.605169 -0.00960701 1.0
v -0.01097855 1.605658 -0.01015032 1.0
v -0.02077355 1.605078 -0.01046657 1.0
v -0.03067056 1.604186 -0.01056962 1.0
v -0.04060456 1.602403 -0.01044767 1.0
v -0.05040829 1.59941 -0.009897579 1.0
v -0.05971955 1.595218 -0.008795997 1.0
v -0.06847851 1.590043 -0.00743041 1.0
v -0.07673717 1.584039 -0.006136378 1.0
v -0.0844513 1.577283 -0.004986236 1.0
v -0.09131733 1.570025 -0.003769716 1.0
v -0.09751598 1.561656 -0.002047002 1.0
v -0.1025208 1.552595 0.0002377741 1.0
v -0.1063734 1.543063 0.002565167 1.0
v -0.1091623 1.532989 0.004502822 1.0
v -0.1107424 1.522731 0.006105808 1.0
v -0.1114028 1.512668 0.007637649 1.0
v -0.1113237 1.502489 0.009273663 1.0
v -0.1104871 1.492535 0.01089784 1.0
v -0.1091507 1.482799 0.0125789 1.0
v -0.1073809 1.473221 0.01440135 1.0
v -0.1051546 1.463691 0.01632203 1.0
v -0.1026802 1.454365 0.0183271 1.0
v -0.1001173 1.445114 0.02027532 1.0
v -0.09720165 1.435849 0.02243245 1.0
v -0.09345572 1.426965 0.02535795 1.0
v -0.08887838 1.418829 0.02888985 1.0
v -0.08370928 1.411511 0.0331101 1.0
v -0.07808989 1.40545 0.03854958 1.0
v -0.07219451 1.401312 0.0452098 1.0
v -0.06635671 1.397562 0.05207458 1.0
v 0.008526665 1.603233 -0.009150013 1.0
v 0.008526664 1.603233 -0.009150339 1.0
v 0.008526699 1.603233 -0.009150656 1.0
v 0.0085267 1.603233 -0.009150331 1.0
v -0.06633625 1.397687 0.05213398 1.0
v -0.06627613 1.397603 0.0520395 1.0
v -0.06629658 1.397478 0.05198011 1.0
v -0.06635671 1.397562 0.05207458 1.0
v 0.002220097 1.603434 -0.009631589 1.0
v -0.006455388 1.604114 -0.00459844 1.0
v -0.01508329 1.603204 0.0004402809 1.0
v -0.02292041 1.601382 0.005742912 1.0
v -0.03036756 1.599358 0.01142036 1.0
v -0.03813737 1.596472 0.01715609 1.0
v -0.04653042 1.592214 0.02238711 1.0
v -0.05432821 1.586967 0.02652546 1.0
v -0.06082943 1.581514 0.03014723 1.0
v -0.06591593 1.576257 0.0336866 1.0
v -0.07083888 1.569852 0.0378732 1.0
v -0.07560128 1.562148 0.04210271 1.0
v -0.08021202 1.553102 0.04564301 1.0
v -0.08391577 1.54397 0.04815811 1.0
v -0.08687948 1.534568 0.0498119 1.0
v -0.08912377 1.524335 0.05054504 1.0
v -0.09030477 1.514865 0.05040151 1.0
v -0.09067596 1.506451 0.05009202 1.0
v -0.09039511 1.497571 0.04996677 1.0
v -0.08959516 1.48839 0.04994355 1.0
v -0.08848839 1.479046 0.05001824 1.0
v -0.08699203 1.469759 0.05012978 1.0
v -0.08528269 1.460518 0.05033218 1.0
v -0.08355546 1.450809 0.05061479 1.0
v -0.08196884 1.441168 0.05074109 1.0
v -0.08006936 1.432103 0.05118011 1.0
v -0.07693532 1.423784 0.05299164 1.0
v -0.07266227 1.415408 0.05634633 1.0
v 0.002220097 1.603434 -0.009631589 1.0
v -0.006455388 1.604114 -0.00459844 1.0
v -0.01508329 1.603204 0.0004402809 1.0
v -0.02292041 1.601382 0.005742912 1.0
v -0.03036756 1.599358 0.01142036 1.0
v -0.03813737 1.596472 0.01715609 1.0
v -0.04653042 1.592214 0.02238711 1.0
v -0.05432821 1.586967 0.02652546 1.0
v -0.06082943 1.581514 0.03014723 1.0
v -0.06591593 1.576257 0.0336866 1.0
v -0.07083888 1.569852 0.0378732 1.0
v -0.07560128 1.562148 0.04210271 1.0
v -0.08021202 1.553102 0.04564301 1.0
v -0.08391577 1.54397 0.04815811 1.0
v -0.08687948 1.534568 0.0498119 1.0
v -0.08912377 1.524335 0.05054504 1.0
v -0.09030477 1.514865 0.05040151 1.0
v -0.09067596 1.506451 0.05009202 1.0
v -0.09039511 1.497571 0.04996677 1.0
v -0.08959516 1.48839 0.04994355 1.0
v -0.08848839 1.479046 0.05001824 1.0
v -0.08699203 1.469759 0.05012978 1.0
v -0.08528269 1.460518 0.05033218 1.0
v -0.08355546 1.450809 0.05061479 1.0
v -0.08196884 1.441168 0.05074109 1.0
v -0.08006936 1.432103 0.05118011 1.0
v -0.07693532 1.423784 0.05299164 1.0
v -0.07266227 1.415408 0.05634633 1.0
v 0.00221999 1.603434 -0.0096319 1.0
v -0.007157139 1.60338 -0.006856624 1.0
v -0.01620009 1.601674 -0.004321491 1.0
v -0.02506456 1.598901 -0.001311537 1.0
v -0.03338423 1.595834 0.002257406 1.0
v -0.04123317 1.592133 0.005881324 1.0
v -0.04874068 1.587719 0.008976825 1.0
v -0.05604655 1.582561 0.01137606 1.0
v -0.06285887 1.576754 0.01357319 1.0
v -0.06882191 1.57043 0.01610493 1.0
v -0.07380527 1.563544 0.01916115 1.0
v -0.07823122 1.555847 0.02227976 1.0
v -0.08199239 1.547987 0.02465102 1.0
v -0.08519907 1.539798 0.02654393 1.0
v -0.0877992 1.531368 0.028067 1.0
v -0.08966553 1.522805 0.02905554 1.0
v -0.09088772 1.513795 0.02963473 1.0
v -0.09149335 1.504475 0.03038875 1.0
v -0.09135497 1.49527 0.03148689 1.0
v -0.090559 1.48589 0.03282729 1.0
v -0.08936059 1.47654 0.03435669 1.0
v -0.08768537 1.467221 0.03601189 1.0
v -0.08570413 1.457817 0.03793916 1.0
v -0.08381028 1.448437 0.040259 1.0
v -0.08206168 1.43913 0.0428394 1.0
v -0.07992327 1.430234 0.04610753 1.0
v -0.076655 1.422434 0.05078636 1.0
v -0.07264588 1.415335 0.05622816 1.0
v 0.002219911 1.603434 -0.009632206 1.0
v -0.007749196 1.60436 -0.009052023 1.0
v -0.01781149 1.603652 -0.008766167 1.0
v -0.02812273 1.601719 -0.007885698 1.0
v -0.0381784 1.599176 -0.006188325 1.0
v -0.04731137 1.595852 -0.004353659 1.0
v -0.05539082 1.591988 -0.002959745 1.0
v -0.06355289 1.58731 -0.001775752 1.0
v -0.0720754 1.581315 -0.0004168358 1.0
v -0.0804754 1.573669 0.001779387 1.0
v -0.08699574 1.565747 0.00433244 1.0
v -0.09204277 1.557868 0.006636176 1.0
v -0.09607182 1.550184 0.008312736 1.0
v -0.09961536 1.541659 0.009962764 1.0
v -0.1023242 1.532659 0.01159632 1.0
v -0.1039265 1.52386 0.01293282 1.0
v -0.1048328 1.513938 0.01419912 1.0
v -0.1050023 1.502879 0.01597504 1.0
v -0.1041422 1.492374 0.01822704 1.0
v -0.102411 1.482333 0.02070173 1.0
v -0.1001257 1.472624 0.02335181 1.0
v -0.09725497 1.463084 0.02613569 1.0
v -0.09399372 1.453716 0.02924878 1.0
v -0.0906925 1.444962 0.03294545 1.0
v -0.08725598 1.436242 0.03724673 1.0
v -0.08312132 1.42766 0.04258683 1.0
v -0.0779216 1.420636 0.04939734 1.0
v -0.07271265 1.415237 0.05615356 1.0
v 0.002219911 1.603434 -0.009632206 1.0
v -0.007749196 1.60436 -0.009052023 1.0
v -0.01781149 1.603652 -0.008766167 1.0
v -0.02812273 1.601719 -0.007885698 1.0
v -0.0381784 1.599176 -0.006188325 1.0
v -0.04731137 1.595852 -0.004353659 1.0
v -0.05539082 1.591988 -0.002959745 1.0
v -0.06355289 1.58731 -0.001775752 1.0
v -0.0720754 1.581315 -0.0004168358 1.0
v -0.0804754 1.573669 0.001779387 1.0
v -0.08699574 1.565747 0.00433244 1.0
v -0.09204277 1.557868 0.006636176 1.0
v -0.09607182 1.550184 0.008312736 1.0
v -0.09961536 1.541659 0.009962764 1.0
v -0.1023242 1.532659 0.01159632 1.0
v -0.1039265 1.52386 0.01293282 1.0
v -0.1048328 1.513938 0.01419912 1.0
v -0.1050023 1.502879 0.01597504 1.0
v -0.1041422 1.492374 0.01822704 1.0
v -0.102411 1.482333 0.02070173 1.0
v -0.1001257 1.472624 0.02335181 1.0
v -0.09725497 1.463084 0.02613569 1.0
v -0.09399372 1.453716 0.02924878 1.0
v -0.0906925 1.444962 0.03294545 1.0
v -0.08725598 1.436242 0.03724673 1.0
v -0.08312132 1.42766 0.04258683 1.0
v -0.0779216 1.420636 0.04939734 1.0
v -0.07271265 1.415237 0.05615356 1.0
v 0.002220018 1.603434 -0.009631895 1.0
v -0.007047445 1.605094 -0.006793839 1.0
v -0.01669469 1.605182 -0.004004394 1.0
v -0.02597859 1.6042 -0.0008312492 1.0
v -0.03516173 1.6027 0.002974631 1.0
v -0.04421556 1.600192 0.006921103 1.0
v -0.05318056 1.596484 0.01045055 1.0
v -0.06183456 1.591717 0.01337364 1.0
v -0.07004596 1.586075 0.0161572 1.0
v -0.07756941 1.579496 0.01936105 1.0
v -0.08402935 1.572056 0.02304449 1.0
v -0.08941284 1.564168 0.02645913 1.0
v -0.09429145 1.555299 0.02930472 1.0
v -0.09833207 1.545831 0.03157695 1.0
v -0.1014045 1.535859 0.03334121 1.0
v -0.1033848 1.52539 0.03442232 1.0
v -0.1042499 1.515008 0.0349659 1.0
v -0.1041849 1.504855 0.03567831 1.0
v -0.1031823 1.494675 0.03670692 1.0
v -0.1014472 1.484834 0.037818 1.0
v -0.09925351 1.475131 0.03901337 1.0
v -0.09656163 1.465622 0.04025358 1.0
v -0.09357228 1.456417 0.04164181 1.0
v -0.09043769 1.447334 0.04330124 1.0
v -0.08716315 1.43828 0.04514841 1.0
v -0.08326741 1.429529 0.04765941 1.0
v -0.07820192 1.421986 0.05160263 1.0
v -0.07272904 1.41531 0.05627172 1.0
v 0.002220097 1.603434 -0.009631589 1.0
v 0.00221999 1.603434 -0.0096319 1.0
v 0.002219911 1.603434 -0.009632206 1.0
v 0.002220018 1.603434 -0.009631895 1.0
v -0.07266227 1.415408 0.05634633 1.0
v -0.07264588 1.415335 0.05622816 1.0
v -0.07271265 1.415237 0.05615356 1.0
v -0.07272904 1.41531 0.05627172 1.0
v 0.002909763 1.60344 -0.01103137 1.0
v -0.0069207 1.604312 -0.009487245 1.0
v -0.01678395 1.603832 -0.007849091 1.0
v -0.0264766 1.601898 -0.006206957 1.0
v -0.03609891 1.599658 -0.004640221 1.0
v -0.04550442 1.596645 -0.003260239 1.0
v -0.05454746 1.592699 -0.002121116 1.0
v -0.06307409 1.587732 -0.001252645 1.0
v -0.07095904 1.581958 -0.000517074 1.0
v -0.07819806 1.575424 0.0002527433 1.0
v -0.08495753 1.56786 0.0008142795 1.0
v -0.09023732 1.560467 0.001479855 1.0
v -0.09402169 1.55387 0.002707593 1.0
v -0.09741137 1.54671 0.004550207 1.0
v -0.100652 1.538211 0.006718726 1.0
v -0.1031592 1.528611 0.00867819 1.0
v -0.1040957 1.519152 0.010158 1.0
v -0.1042637 1.509188 0.01139204 1.0
v -0.1041345 1.498769 0.01225415 1.0
v -0.1035216 1.488948 0.01256625 1.0
v -0.1025731 1.479461 0.01277101 1.0
v -0.1013014 1.470068 0.01312095 1.0
v -0.09976022 1.460821 0.01340963 1.0
v -0.09827604 1.453457 0.01411157 1.0
v -0.09675576 1.446879 0.01593944 1.0
v -0.09458781 1.439133 0.01946808 1.0
v -0.0914557 1.430661 0.02368553 1.0
v -0.08763552 1.422451 0.02742314 1.0
v -0.08314018 1.414522 0.03113703 1.0
v -0.07820275 1.40699 0.03526076 1.0
v -0.07288572 1.400568 0.04038419 1.0
v 0.002909763 1.60344 -0.01103137 1.0
v -0.0069207 1.604312 -0.009487245 1.0
v -0.01678395 1.603832 -0.007849091 1.0
v -0.0264766 1.601898 -0.006206957 1.0
v -0.03609891 1.599658 -0.004640221 1.0
v -0.04550442 1.596645 -0.003260239 1.0
v -0.05454746 1.592699 -0.002121116 1.0
v -0.06307409 1.587732 -0.001252645 1.0
v -0.07095904 1.581958 -0.000517074 1.0
v -0.07819806 1.575424 0.0002527433 1.0
v -0.08495753 1.56786 0.0008142795 1.0
v -0.09023732 1.560467 0.001479855 1.0
v -0.09402169 1.55387 0.002707593 1.0
v -0.09741137 1.54671 0.004550207 1.0
v -0.100652 1.538211 0.006718726 1.0
v -0.1031592 1.528611 0.00867819 1.0
v -0.1040957 1.519152 0.010158 1.0
v -0.1042637 1.509188 0.01139204 1.0
v -0.1041345 1.498769 0.01225415 1.0
v -0.1035216 1.488948 0.01256625 1.0
v -0.1025731 1.479461 0.01277101 1.0
v -0.1013014 1.470068 0.01312095 1.0
v -0.09976022 1.460821 0.01340963 1.0
v -0.09827604 1.453457 0.01411157 1.0
v -0.09675576 1.446879 0.01593944 1.0
v -0.09458781 1.439133 0.01946808 1.0
v -0.0914557 1.430661 0.02368553 1.0
v -0.08763552 1.422451 0.02742314 1.0
v -0.08314018 1.414522 0.03113703 1.0
v -0.07820275 1.40699 0.03526076 1.0
v -0.07288572 1.400568 0.04038419 1.0
v 0.002909768 1.60344 -0.0110317 1.0
v -0.00685079 1.603603 -0.01158765 1.0
v -0.01633755 1.602345 -0.01216745 1.0
v -0.02554382 1.599627 -0.01275498 1.0
v -0.03471973 1.596628 -0.01332708 1.0
v -0.0433931 1.593022 -0.01387306 1.0
v -0.05159966 1.588676 -0.01440026 1.0
v -0.05932567 1.583606 -0.01496126 1.0
v -0.06652719 1.577867 -0.01552471 1.0
v -0.07330154 1.571282 -0.01603789 1.0
v -0.07907557 1.564302 -0.01662857 1.0
v -0.08411504 1.556793 -0.01704687 1.0
v -0.08841728 1.548863 -0.01667096 1.0
v -0.09201039 1.540628 -0.01534973 1.0
v -0.09487306 1.532246 -0.01359562 1.0
v -0.09684539 1.523904 -0.01194563 1.0
v -0.09779196 1.515296 -0.01041328 1.0
v -0.09805954 1.506018 -0.008792811 1.0
v -0.09813736 1.49659 -0.007357541 1.0
v -0.09791524 1.487175 -0.006245289 1.0
v -0.09736858 1.477594 -0.005037647 1.0
v -0.0965875 1.468128 -0.003582147 1.0
v -0.09555165 1.458723 -0.002072766 1.0
v -0.09414406 1.449592 0.0004091552 1.0
v -0.09237352 1.441119 0.004661165 1.0
v -0.09039774 1.433487 0.01010127 1.0
v -0.088 1.426287 0.0157653 1.0
v -0.08486108 1.419243 0.02141253 1.0
v -0.08114974 1.412408 0.02726183 1.0
v -0.07717957 1.405939 0.03345339 1.0
v -0.07282695 1.400491 0.04028334 1.0
v 0.002909801 1.60344 -0.01103202 1.0
v -0.006681054 1.604429 -0.01363884 1.0
v -0.01627276 1.60402 -0.01643904 1.0
v -0.02568861 1.602088 -0.0192991 1.0
v -0.03504473 1.599826 -0.02205701 1.0
v -0.0441685 1.596772 -0.0246224 1.0
v -0.05293769 1.592788 -0.02692854 1.0
v -0.0612998 1.588005 -0.02895249 1.0
v -0.06926487 1.582408 -0.03080502 1.0
v -0.07666975 1.576044 -0.03254521 1.0
v -0.08306821 1.569214 -0.03427624 1.0
v -0.08936678 1.560897 -0.03574975 1.0
v -0.09550745 1.550706 -0.03612192 1.0
v -0.100343 1.540377 -0.0351655 1.0
v -0.1036278 1.530831 -0.03367086 1.0
v -0.1056282 1.521768 -0.0320867 1.0
v -0.1066213 1.512099 -0.03015165 1.0
v -0.1066478 1.502803 -0.02807682 1.0
v -0.1064149 1.493895 -0.02605381 1.0
v -0.1059084 1.484344 -0.02403696 1.0
v -0.1050056 1.474532 -0.02177145 1.0
v -0.1038519 1.464767 -0.01910326 1.0
v -0.102373 1.454962 -0.01625535 1.0
v -0.1000381 1.443862 -0.01192787 1.0
v -0.09700478 1.433469 -0.005319354 1.0
v -0.09397958 1.425825 0.002000003 1.0
v -0.09076756 1.41975 0.009177057 1.0
v -0.08662671 1.414006 0.01655766 1.0
v -0.08207638 1.408813 0.02415354 1.0
v -0.07754717 1.40415 0.03200955 1.0
v -0.07285024 1.400373 0.04021323 1.0
v 0.002909801 1.60344 -0.01103202 1.0
v -0.006681054 1.604429 -0.01363884 1.0
v -0.01627276 1.60402 -0.01643904 1.0
v -0.02568861 1.602088 -0.0192991 1.0
v -0.03504473 1.599826 -0.02205701 1.0
v -0.0441685 1.596772 -0.0246224 1.0
v -0.05293769 1.592788 -0.02692854 1.0
v -0.0612998 1.588005 -0.02895249 1.0
v -0.06926487 1.582408 -0.03080502 1.0
v -0.07666975 1.576044 -0.03254521 1.0
v -0.08306821 1.569214 -0.03427624 1.0
v -0.08936678 1.560897 -0.03574975 1.0
v -0.09550745 1.550706 -0.03612192 1.0
v -0.100343 1.540377 -0.0351655 1.0
v -0.1036278 1.530831 -0.03367086 1.0
v -0.1056282 1.521768 -0.0320867 1.0
v -0.1066213 1.512099 -0.03015165 1.0
v -0.1066478 1.502803 -0.02807682 1.0
v -0.1064149 1.493895 -0.02605381 1.0
v -0.1059084 1.484344 -0.02403696 1.0
v -0.1050056 1.474532 -0.02177145 1.0
v -0.1038519 1.464767 -0.01910326 1.0
v -0.102373 1.454962 -0.01625535 1.0
v -0.1000381 1.443862 -0.01192787 1.0
v -0.09700478 1.433469 -0.005319354 1.0
v -0.09397958 1.425825 0.002000003 1.0
v -0.09076756 1.41975 0.009177057 1.0
v -0.08662671 1.414006 0.01655766 1.0
v -0.08207638 1.408813 0.02415354 1.0
v -0.07754717 1.40415 0.03200955 1.0
v -0.07285024 1.400373 0.04021323 1.0
v 0.002909796 1.60344 -0.01103169 1.0
v -0.006750963 1.605138 -0.01153844 1.0
v -0.01671916 1.605507 -0.01212068 1.0
v -0.02662138 1.604359 -0.01275108 1.0
v -0.03642391 1.602855 -0.01337015 1.0
v -0.04627982 1.600395 -0.01400958 1.0
v -0.05588549 1.596811 -0.01464939 1.0
v -0.06504822 1.59213 -0.01524388 1.0
v -0.07369673 1.5865 -0.01579738 1.0
v -0.08156627 1.580186 -0.01625458 1.0
v -0.08895016 1.572773 -0.01683339 1.0
v -0.09548907 1.564571 -0.01722303 1.0
v -0.1011119 1.555713 -0.01674337 1.0
v -0.105744 1.546458 -0.01526556 1.0
v -0.1094068 1.536797 -0.01335652 1.0
v -0.111942 1.526475 -0.01146288 1.0
v -0.112925 1.515955 -0.009580367 1.0
v -0.112852 1.505973 -0.007891964 1.0
v -0.1124121 1.496074 -0.006442119 1.0
v -0.1115147 1.486117 -0.00522542 1.0
v -0.1102101 1.476399 -0.003962784 1.0
v -0.1085658 1.466706 -0.002400166 1.0
v -0.1065816 1.45706 -0.0007729493 1.0
v -0.1041701 1.447727 0.00177454 1.0
v -0.101387 1.439229 0.005958919 1.0
v -0.09816966 1.431471 0.01136681 1.0
v -0.09422325 1.424124 0.01709729 1.0
v -0.08940116 1.417214 0.02256827 1.0
v -0.08406682 1.410926 0.02802873 1.0
v -0.07857034 1.405201 0.03381691 1.0
v -0.07290901 1.40045 0.04031408 1.0
v 0.002909763 1.60344 -0.01103137 1.0
v 0.002909768 1.60344 -0.0110317 1.0
v 0.002909801 1.60344 -0.01103202 1.0
v 0.002909796 1.60344 -0.01103169 1.0
v -0.07288572 1.400568 0.04038419 1.0
v -0.07282695 1.400491 0.04028334 1.0
v -0.07285024 1.400373 0.04021323 1.0
v -0.07290901 1.40045 0.04031408 1.0
v -0.03109478 1.572371 0.06592427 1.0
v -0.03387364 1.564856 0.07345892 1.0
v -0.03621035 1.556118 0.0796778 1.0
v -0.03873368 1.547709 0.08465554 1.0
v -0.04168589 1.539221 0.08922545 1.0
v -0.04628117 1.528052 0.09241783 1.0
v -0.05283039 1.515897 0.09198711 1.0
v -0.05900501 1.50714 0.08918852 1.0
v -0.06419132 1.500499 0.08517863 1.0
v -0.06921404 1.493373 0.07952385 1.0
v -0.07453404 1.485678 0.07211865 1.0
v -0.079231 1.480745 0.0642446 1.0
v -0.08438865 1.47684 0.0553396 1.0
v -0.08936728 1.473044 0.04621696 1.0
v -0.03109478 1.572371 0.06592427 1.0
v -0.03387364 1.564856 0.07345892 1.0
v -0.03621035 1.556118 0.0796778 1.0
v -0.03873368 1.547709 0.08465554 1.0
v -0.04168589 1.539221 0.08922545 1.0
v -0.04628117 1.528052 0.09241783 1.0
v -0.05283039 1.515897 0.09198711 1.0
v -0.05900501 1.50714 0.08918852 1.0
v -0.06419132 1.500499 0.08517863 1.0
v -0.06921404 1.493373 0.07952385 1.0
v -0.07453404 1.485678 0.07211865 1.0
v -0.079231 1.480745 0.0642446 1.0
v -0.08438865 1.47684 0.0553396 1.0
v -0.08936728 1.473044 0.04621696 1.0
v -0.03109499 1.572371 0.065924 1.0
v -0.03707641 1.565208 0.0692118 1.0
v -0.04188298 1.557356 0.07077416 1.0
v -0.04653801 1.548829 0.07226173 1.0
v -0.05038897 1.540507 0.07374702 1.0
v -0.05425042 1.532275 0.07414125 1.0
v -0.05874742 1.524703 0.07282858 1.0
v -0.06360111 1.517454 0.07054509 1.0
v -0.06829166 1.510192 0.06791199 1.0
v -0.07262558 1.502687 0.06480871 1.0
v -0.07658666 1.495405 0.06126523 1.0
v -0.08047977 1.487955 0.05606844 1.0
v -0.08488601 1.480513 0.0511083 1.0
v -0.08937614 1.473134 0.04611086 1.0
v -0.03109525 1.572371 0.06592388 1.0
v -0.04113434 1.568176 0.06743795 1.0
v -0.05051402 1.562535 0.06735927 1.0
v -0.05874592 1.555335 0.06732028 1.0
v -0.06546204 1.547402 0.06724812 1.0
v -0.07046754 1.541665 0.06612846 1.0
v -0.07447366 1.537512 0.06456842 1.0
v -0.07886712 1.53061 0.06224148 1.0
v -0.08302127 1.521344 0.05969215 1.0
v -0.08576339 1.512228 0.05764618 1.0
v -0.08721311 1.504032 0.05585428 1.0
v -0.08821278 1.494483 0.05182692 1.0
v -0.08875177 1.483905 0.04883051 1.0
v -0.08946977 1.47322 0.04605174 1.0
v -0.03109525 1.572371 0.06592388 1.0
v -0.04113434 1.568176 0.06743795 1.0
v -0.05051402 1.562535 0.06735927 1.0
v -0.05874592 1.555335 0.06732028 1.0
v -0.06546204 1.547402 0.06724812 1.0
v -0.07046754 1.541665 0.06612846 1.0
v -0.07447366 1.537512 0.06456842 1.0
v -0.07886712 1.53061 0.06224148 1.0
v -0.08302127 1.521344 0.05969215 1.0
v -0.08576339 1.512228 0.05764618 1.0
v -0.08721311 1.504032 0.05585428 1.0
v -0.08821278 1.494483 0.05182692 1.0
v -0.08875177 1.483905 0.04883051 1.0
v -0.08946977 1.47322 0.04605174 1.0
v -0.03109503 1.572371 0.06592415 1.0
v -0.03793158 1.567824 0.07168509 1.0
v -0.0448414 1.561298 0.07626291 1.0
v -0.05094158 1.554215 0.0797141 1.0
v -0.05675896 1.546117 0.08272655 1.0
v -0.06249829 1.537442 0.08440505 1.0
v -0.06855664 1.528705 0.08372695 1.0
v -0.07427102 1.520296 0.0808849 1.0
v -0.07892092 1.511651 0.07695879 1.0
v -0.08235186 1.502914 0.07236132 1.0
v -0.08516047 1.494305 0.06670769 1.0
v -0.08696403 1.487272 0.06000308 1.0
v -0.08825441 1.480232 0.05306181 1.0
v -0.08946091 1.473129 0.04615784 1.0
v -0.03109478 1.572371 0.06592427 1.0
v -0.03109499 1.572371 0.065924 1.0
v -0.03109525 1.572371 0.06592388 1.0
v -0.03109503 1.572371 0.06592415 1.0
v -0.08936728 1.473044 0.04621696 1.0
v -0.08937614 1.473134 0.04611086 1.0
v -0.08946977 1.47322 0.04605174 1.0
v -0.08946091 1.473129 0.04615784 1.0
v 0.02941123 1.57234 0.0644872 1.0
v 0.03933766 1.567426 0.06511854 1.0
v 0.04873171 1.561476 0.06490723 1.0
v 0.05686672 1.554184 0.06482819 1.0
v 0.0633714 1.545572 0.06452449 1.0
v 0.06792876 1.539359 0.06298326 1.0
v 0.07131651 1.535359 0.06096227 1.0
v 0.07555547 1.528738 0.05858247 1.0
v 0.08002625 1.519128 0.05585708 1.0
v 0.08328745 1.509401 0.05405687 1.0
v 0.08545437 1.500198 0.0524795 1.0
v 0.08673586 1.491086 0.05041577 1.0
v 0.08738033 1.480605 0.04773503 1.0
v 0.08847073 1.469812 0.04497405 1.0
v 0.02941123 1.57234 0.0644872 1.0
v 0.03933766 1.567426 0.06511854 1.0
v 0.04873171 1.561476 0.06490723 1.0
v 0.05686672 1.554184 0.06482819 1.0
v 0.0633714 1.545572 0.06452449 1.0
v 0.06792876 1.539359 0.06298326 1.0
v 0.07131651 1.535359 0.06096227 1.0
v 0.07555547 1.528738 0.05858247 1.0
v 0.08002625 1.519128 0.05585708 1.0
v 0.08328745 1.509401 0.05405687 1.0
v 0.08545437 1.500198 0.0524795 1.0
v 0.08673586 1.491086 0.05041577 1.0
v 0.08738033 1.480605 0.04773503 1.0
v 0.08847073 1.469812 0.04497405 1.0
v 0.02941097 1.57234 0.06448735 1.0
v 0.03529898 1.564764 0.06735878 1.0
v 0.04008215 1.556654 0.06877005 1.0
v 0.04457177 1.547961 0.06991431 1.0
v 0.04808374 1.539352 0.07120126 1.0
v 0.05157992 1.53071 0.07154398 1.0
v 0.05598759 1.522708 0.07015982 1.0
v 0.06100523 1.515286 0.06766082 1.0
v 0.06592796 1.507856 0.06497162 1.0
v 0.07042282 1.500186 0.0620886 1.0
v 0.07471643 1.492277 0.05869041 1.0
v 0.07902724 1.484586 0.05474302 1.0
v 0.0836546 1.477096 0.05006858 1.0
v 0.08838226 1.469725 0.045038 1.0
v 0.02941079 1.57234 0.06448764 1.0
v 0.03251854 1.564705 0.07190691 1.0
v 0.03475156 1.55576 0.0779226 1.0
v 0.03702815 1.5468 0.08246484 1.0
v 0.03959651 1.538286 0.08681557 1.0
v 0.04398874 1.526947 0.09008005 1.0
v 0.05093062 1.514285 0.08973215 1.0
v 0.05739817 1.50518 0.08663291 1.0
v 0.06262553 1.498836 0.08276569 1.0
v 0.06738636 1.4919 0.07748496 1.0
v 0.07223334 1.484468 0.07091677 1.0
v 0.0776992 1.477738 0.06321277 1.0
v 0.08332784 1.473422 0.05431548 1.0
v 0.08837941 1.469638 0.04514765 1.0
v 0.02941079 1.57234 0.06448764 1.0
v 0.03251854 1.564705 0.07190691 1.0
v 0.03475156 1.55576 0.0779226 1.0
v 0.03702815 1.5468 0.08246484 1.0
v 0.03959651 1.538286 0.08681557 1.0
v 0.04398874 1.526947 0.09008005 1.0
v 0.05093062 1.514285 0.08973215 1.0
v 0.05739817 1.50518 0.08663291 1.0
v 0.06262553 1.498836 0.08276569 1.0
v 0.06738636 1.4919 0.07748496 1.0
v 0.07223334 1.484468 0.07091677 1.0
v 0.0776992 1.477738 0.06321277 1.0
v 0.08332784 1.473422 0.05431548 1.0
v 0.08837941 1.469638 0.04514765 1.0
v 0.02941105 1.57234 0.06448749 1.0
v 0.03655723 1.567367 0.06966668 1.0
v 0.04340112 1.560582 0.07405978 1.0
v 0.0493231 1.553024 0.07737873 1.0
v 0.05488416 1.544506 0.0801388 1.0
v 0.06033758 1.535596 0.08151934 1.0
v 0.06625954 1.526935 0.08053461 1.0
v 0.07194842 1.518632 0.07755456 1.0
v 0.07672382 1.510108 0.07365115 1.0
v 0.08025099 1.501115 0.06945323 1.0
v 0.08297129 1.492389 0.06470586 1.0
v 0.08540781 1.484238 0.05888551 1.0
v 0.08705357 1.476931 0.05198193 1.0
v 0.08846788 1.469725 0.0450837 1.0
v 0.02941123 1.57234 0.0644872 1.0
v 0.02941097 1.57234 0.06448735 1.0
v 0.02941079 1.57234 0.06448764 1.0
v 0.02941105 1.57234 0.06448749 1.0
v 0.08847073 1.469812 0.04497405 1.0
v 0.08838226 1.469725 0.045038 1.0
v 0.08837941 1.469638 0.04514765 1.0
v 0.08846788 1.469725 0.0450837 1.0
v 0.0001423178 1.603488 -0.01020274 1.0
v -0.003893344 1.604349 -0.01937926 1.0
v -0.00809068 1.603323 -0.02849783 1.0
v -0.01195061 1.60126 -0.03789903 1.0
v -0.01531998 1.5989 -0.04739009 1.0
v -0.01821162 1.595637 -0.05671269 1.0
v -0.02056542 1.591066 -0.06576795 1.0
v -0.0223135 1.585478 -0.07408761 1.0
v -0.02376837 1.579386 -0.08143948 1.0
v -0.02533943 1.572585 -0.08823742 1.0
v -0.0267682 1.56454 -0.09496295 1.0
v -0.02743289 1.555314 -0.1015455 1.0
v -0.0272934 1.54653 -0.1067655 1.0
v -0.02712666 1.538189 -0.110834 1.0
v -0.02740522 1.530335 -0.1139235 1.0
v -0.02773445 1.521513 -0.1166661 1.0
v -0.02781157 1.511931 -0.1186447 1.0
v -0.02762109 1.502436 -0.119637 1.0
v -0.02714744 1.492534 -0.1196971 1.0
v -0.02627548 1.482417 -0.1187153 1.0
v -0.02510672 1.47285 -0.1168264 1.0
v -0.02393099 1.463892 -0.1144045 1.0
v -0.02297135 1.455122 -0.1116867 1.0
v -0.02211475 1.445911 -0.108138 1.0
v -0.02098533 1.436944 -0.1032618 1.0
v -0.01953357 1.42895 -0.0973231 1.0
v -0.01786276 1.421539 -0.09082415 1.0
v -0.0158798 1.414393 -0.08407013 1.0
v -0.01361969 1.407375 -0.07725096 1.0
v -0.01115984 1.400382 -0.07042775 1.0
v -0.008571964 1.393601 -0.06336281 1.0
v -0.00600424 1.38683 -0.05628287 1.0
v -0.003746463 1.379576 -0.04968048 1.0
v 0.0001423178 1.603488 -0.01020274 1.0
v -0.003893344 1.604349 -0.01937926 1.0
v -0.00809068 1.603323 -0.02849783 1.0
v -0.01195061 1.60126 -0.03789903 1.0
v -0.01531998 1.5989 -0.04739009 1.0
v -0.01821162 1.595637 -0.05671269 1.0
v -0.02056542 1.591066 -0.06576795 1.0
v -0.0223135 1.585478 -0.07408761 1.0
v -0.02376837 1.579386 -0.08143948 1.0
v -0.02533943 1.572585 -0.08823742 1.0
v -0.0267682 1.56454 -0.09496295 1.0
v -0.02743289 1.555314 -0.1015455 1.0
v -0.0272934 1.54653 -0.1067655 1.0
v -0.02712666 1.538189 -0.110834 1.0
v -0.02740522 1.530335 -0.1139235 1.0
v -0.02773445 1.521513 -0.1166661 1.0
v -0.02781157 1.511931 -0.1186447 1.0
v -0.02762109 1.502436 -0.119637 1.0
v -0.02714744 1.492534 -0.1196971 1.0
v -0.02627548 1.482417 -0.1187153 1.0
v -0.02510672 1.47285 -0.1168264 1.0
v -0.02393099 1.463892 -0.1144045 1.0
v -0.02297135 1.455122 -0.1116867 1.0
v -0.02211475 1.445911 -0.108138 1.0
v -0.02098533 1.436944 -0.1032618 1.0
v -0.01953357 1.42895 -0.0973231 1.0
v -0.01786276 1.421539 -0.09082415 1.0
v -0.0158798 1.414393 -0.08407013 1.0
v -0.01361969 1.407375 -0.07725096 1.0
v -0.01115984 1.400382 -0.07042775 1.0
v -0.008571964 1.393601 -0.06336281 1.0
v -0.00600424 1.38683 -0.05628287 1.0
v -0.003746463 1.379576 -0.04968048 1.0
v 0.0001426292 1.603487 -0.01020282 1.0
v -0.002000719 1.603641 -0.0198471 1.0
v -0.004087599 1.601924 -0.02913518 1.0
v -0.005766085 1.599199 -0.03849249 1.0
v -0.007032026 1.596131 -0.04758142 1.0
v -0.007976524 1.592286 -0.05623756 1.0
v -0.008551294 1.587571 -0.06431681 1.0
v -0.008756363 1.582035 -0.07189775 1.0
v -0.008891658 1.575856 -0.07896429 1.0
v -0.009201517 1.569082 -0.08533969 1.0
v -0.009425242 1.561708 -0.09112944 1.0
v -0.009081759 1.553971 -0.09638365 1.0
v -0.007989965 1.545724 -0.1012007 1.0
v -0.006962525 1.537396 -0.1052467 1.0
v -0.006550215 1.528752 -0.108643 1.0
v -0.006484469 1.519953 -0.1113277 1.0
v -0.006449305 1.511133 -0.1131331 1.0
v -0.006447359 1.502105 -0.1141194 1.0
v -0.00642172 1.493021 -0.1142665 1.0
v -0.006221957 1.484012 -0.113529 1.0
v -0.005869182 1.474866 -0.1119315 1.0
v -0.0056116 1.465627 -0.1096971 1.0
v -0.005701245 1.456347 -0.1070658 1.0
v -0.005982054 1.44773 -0.1040055 1.0
v -0.006087102 1.439684 -0.099929 1.0
v -0.005919445 1.431978 -0.09457342 1.0
v -0.005617075 1.424406 -0.08840975 1.0
v -0.005269224 1.417007 -0.08204631 1.0
v -0.004913447 1.409543 -0.07557254 1.0
v -0.004592821 1.402049 -0.06915328 1.0
v -0.004270771 1.394737 -0.06254323 1.0
v -0.003937778 1.387362 -0.05585885 1.0
v -0.003613589 1.379608 -0.0496511 1.0
v 0.0001429472 1.603488 -0.01020288 1.0
v -9.898664E-05 1.604371 -0.02023803 1.0
v -0.0002444065 1.603458 -0.03025988 1.0
v 0.000155559 1.601596 -0.03991959 1.0
v 0.0009446522 1.599189 -0.04942969 1.0
v 0.001917229 1.595841 -0.058623 1.0
v 0.003009322 1.591644 -0.06721839 1.0
v 0.004185743 1.586515 -0.07548582 1.0
v 0.005186838 1.580337 -0.08361424 1.0
v 0.00597633 1.573405 -0.09100052 1.0
v 0.006842205 1.566466 -0.09714825 1.0
v 0.008121552 1.559812 -0.1023118 1.0
v 0.01001404 1.55198 -0.1076003 1.0
v 0.01182015 1.542913 -0.1126775 1.0
v 0.01285748 1.532568 -0.1172513 1.0
v 0.01326784 1.522582 -0.1205705 1.0
v 0.0133922 1.51283 -0.1226618 1.0
v 0.0132248 1.502672 -0.1236884 1.0
v 0.01285783 1.492817 -0.1236228 1.0
v 0.01249641 1.483297 -0.122512 1.0
v 0.01214015 1.473526 -0.1204154 1.0
v 0.01155666 1.463455 -0.1175269 1.0
v 0.0105097 1.453431 -0.1141234 1.0
v 0.009199739 1.444348 -0.1102282 1.0
v 0.008024544 1.436164 -0.1053182 1.0
v 0.007059456 1.4285 -0.09921291 1.0
v 0.006098942 1.421231 -0.09249151 1.0
v 0.004916896 1.414199 -0.08549172 1.0
v 0.003464906 1.407231 -0.07836121 1.0
v 0.001748368 1.400275 -0.07119557 1.0
v -0.0001005222 1.393556 -0.06383744 1.0
v -0.001929173 1.386824 -0.05649904 1.0
v -0.003484512 1.379576 -0.04969424 1.0
v 0.0001429472 1.603488 -0.01020288 1.0
v -9.898664E-05 1.604371 -0.02023803 1.0
v -0.0002444065 1.603458 -0.03025988 1.0
v 0.000155559 1.601596 -0.03991959 1.0
v 0.0009446522 1.599189 -0.04942969 1.0
v 0.001917229 1.595841 -0.058623 1.0
v 0.003009322 1.591644 -0.06721839 1.0
v 0.004185743 1.586515 -0.07548582 1.0
v 0.005186838 1.580337 -0.08361424 1.0
v 0.00597633 1.573405 -0.09100052 1.0
v 0.006842205 1.566466 -0.09714825 1.0
v 0.008121552 1.559812 -0.1023118 1.0
v 0.01001404 1.55198 -0.1076003 1.0
v 0.01182015 1.542913 -0.1126775 1.0
v 0.01285748 1.532568 -0.1172513 1.0
v 0.01326784 1.522582 -0.1205705 1.0
v 0.0133922 1.51283 -0.1226618 1.0
v 0.0132248 1.502672 -0.1236884 1.0
v 0.01285783 1.492817 -0.1236228 1.0
v 0.01249641 1.483297 -0.122512 1.0
v 0.01214015 1.473526 -0.1204154 1.0
v 0.01155666 1.463455 -0.1175269 1.0
v 0.0105097 1.453431 -0.1141234 1.0
v 0.009199739 1.444348 -0.1102282 1.0
v 0.008024544 1.436164 -0.1053182 1.0
v 0.007059456 1.4285 -0.09921291 1.0
v 0.006098942 1.421231 -0.09249151 1.0
v 0.004916896 1.414199 -0.08549172 1.0
v 0.003464906 1.407231 -0.07836121 1.0
v 0.001748368 1.400275 -0.07119557 1.0
v -0.0001005222 1.393556 -0.06383744 1.0
v -0.001929173 1.386824 -0.05649904 1.0
v -0.003484512 1.379576 -0.04969424 1.0
v 0.0001426357 1.603488 -0.01020279 1.0
v -0.001991612 1.605079 -0.01977019 1.0
v -0.004247488 1.604856 -0.02962253 1.0
v -0.006028961 1.603657 -0.03932614 1.0
v -0.007343302 1.601958 -0.04923835 1.0
v -0.008317863 1.599191 -0.05909813 1.0
v -0.009004802 1.595139 -0.06866953 1.0
v -0.00937139 1.589959 -0.07767568 1.0
v -0.009689877 1.583866 -0.08608942 1.0
v -0.01016159 1.576907 -0.09389826 1.0
v -0.01050075 1.569297 -0.1009817 1.0
v -0.01022958 1.561155 -0.1074736 1.0
v -0.009289394 1.552786 -0.1131651 1.0
v -0.008343985 1.543705 -0.1182647 1.0
v -0.007997533 1.53415 -0.1225318 1.0
v -0.007982139 1.524142 -0.125909 1.0
v -0.007970061 1.513628 -0.1281734 1.0
v -0.007948933 1.503002 -0.129206 1.0
v -0.007867889 1.492329 -0.1290535 1.0
v -0.007557105 1.481703 -0.1276983 1.0
v -0.007097385 1.47151 -0.1253103 1.0
v -0.006762734 1.46172 -0.1222344 1.0
v -0.00676041 1.452205 -0.1187444 1.0
v -0.006932957 1.442529 -0.1143608 1.0
v -0.006873683 1.433424 -0.108651 1.0
v -0.006554673 1.425472 -0.1019626 1.0
v -0.006146747 1.418363 -0.09490591 1.0
v -0.00569368 1.411585 -0.08751553 1.0
v -0.005241339 1.405063 -0.08003964 1.0
v -0.004818646 1.398608 -0.07247005 1.0
v -0.004401715 1.39242 -0.06465702 1.0
v -0.003995635 1.386292 -0.05692307 1.0
v -0.003617385 1.379544 -0.04972361 1.0
v 0.0001423178 1.603488 -0.01020274 1.0
v 0.0001426292 1.603487 -0.01020282 1.0
v 0.0001429472 1.603488 -0.01020288 1.0
v 0.0001426357 1.603488 -0.01020279 1.0
v -0.003746463 1.379576 -0.04968048 1.0
v -0.003613589 1.379608 -0.0496511 1.0
v -0.003484512 1.379576 -0.04969424 1.0
v -0.003617385 1.379544 -0.04972361 1.0
v -0.0006536954 1.603488 -0.01020284 1.0
v -0.0004017622 1.604377 -0.02023284 1.0
v -0.0002636844 1.60345 -0.0302461 1.0
v -0.0006686438 1.601567 -0.03990246 1.0
v -0.001456689 1.599178 -0.04941133 1.0
v -0.002427567 1.595859 -0.05861209 1.0
v -0.00351908 1.59166 -0.0672077 1.0
v -0.004696183 1.586505 -0.07545971 1.0
v -0.005698016 1.580292 -0.08356198 1.0
v -0.006488675 1.573323 -0.09091426 1.0
v -0.007357984 1.566351 -0.09702168 1.0
v -0.008641496 1.559676 -0.1021542 1.0
v -0.01053447 1.551833 -0.1074207 1.0
v -0.01233985 1.542755 -0.1124785 1.0
v -0.01337703 1.532399 -0.1170258 1.0
v -0.01378855 1.522405 -0.1203216 1.0
v -0.01391373 1.512662 -0.1224106 1.0
v -0.01374462 1.502502 -0.1234565 1.0
v -0.01337585 1.49264 -0.1234256 1.0
v -0.01301425 1.483121 -0.1223668 1.0
v -0.01265614 1.473339 -0.1203409 1.0
v -0.01206611 1.463247 -0.1175114 1.0
v -0.01100458 1.453203 -0.1141564 1.0
v -0.009691108 1.444115 -0.1102767 1.0
v -0.008528186 1.435954 -0.1053377 1.0
v -0.007570234 1.428319 -0.09920108 1.0
v -0.006611927 1.421078 -0.09247693 1.0
v -0.005433177 1.414055 -0.08545198 1.0
v -0.00398134 1.407102 -0.07831223 1.0
v -0.002263463 1.40016 -0.0711377 1.0
v -0.0004150103 1.393462 -0.06376471 1.0
v 0.001413353 1.386751 -0.05641315 1.0
v 0.002969708 1.379511 -0.04960702 1.0
v -0.0006536954 1.603488 -0.01020284 1.0
v -0.0004017622 1.604377 -0.02023284 1.0
v -0.0002636844 1.60345 -0.0302461 1.0
v -0.0006686438 1.601567 -0.03990246 1.0
v -0.001456689 1.599178 -0.04941133 1.0
v -0.002427567 1.595859 -0.05861209 1.0
v -0.00351908 1.59166 -0.0672077 1.0
v -0.004696183 1.586505 -0.07545971 1.0
v -0.005698016 1.580292 -0.08356198 1.0
v -0.006488675 1.573323 -0.09091426 1.0
v -0.007357984 1.566351 -0.09702168 1.0
v -0.008641496 1.559676 -0.1021542 1.0
v -0.01053447 1.551833 -0.1074207 1.0
v -0.01233985 1.542755 -0.1124785 1.0
v -0.01337703 1.532399 -0.1170258 1.0
v -0.01378855 1.522405 -0.1203216 1.0
v -0.01391373 1.512662 -0.1224106 1.0
v -0.01374462 1.502502 -0.1234565 1.0
v -0.01337585 1.49264 -0.1234256 1.0
v -0.01301425 1.483121 -0.1223668 1.0
v -0.01265614 1.473339 -0.1203409 1.0
v -0.01206611 1.463247 -0.1175114 1.0
v -0.01100458 1.453203 -0.1141564 1.0
v -0.009691108 1.444115 -0.1102767 1.0
v -0.008528186 1.435954 -0.1053377 1.0
v -0.007570234 1.428319 -0.09920108 1.0
v -0.006611927 1.421078 -0.09247693 1.0
v -0.005433177 1.414055 -0.08545198 1.0
v -0.00398134 1.407102 -0.07831223 1.0
v -0.002263463 1.40016 -0.0711377 1.0
v -0.0004150103 1.393462 -0.06376471 1.0
v 0.001413353 1.386751 -0.05641315 1.0
v 0.002969708 1.379511 -0.04960702 1.0
v -0.0006533784 1.603487 -0.01020279 1.0
v 0.001496561 1.603639 -0.01984156 1.0
v 0.003582682 1.601922 -0.02912567 1.0
v 0.005263785 1.599195 -0.03847769 1.0
v 0.006522303 1.596126 -0.0475631 1.0
v 0.007452941 1.592278 -0.05621127 1.0
v 0.008021047 1.587553 -0.064274 1.0
v 0.008226058 1.581999 -0.07183222 1.0
v 0.00836232 1.5758 -0.07886858 1.0
v 0.008670129 1.569001 -0.0852025 1.0
v 0.008890831 1.561595 -0.09095154 1.0
v 0.008542563 1.553833 -0.09617343 1.0
v 0.007447134 1.545572 -0.1009631 1.0
v 0.006417112 1.537233 -0.104987 1.0
v 0.006005732 1.528583 -0.1083617 1.0
v 0.005941472 1.519775 -0.1110316 1.0
v 0.005907343 1.510924 -0.1128469 1.0
v 0.005907123 1.501889 -0.1138486 1.0
v 0.005882695 1.492795 -0.114025 1.0
v 0.005679946 1.483777 -0.1133292 1.0
v 0.005328696 1.474627 -0.1117973 1.0
v 0.005081205 1.465382 -0.1096257 1.0
v 0.005192643 1.456085 -0.1070533 1.0
v 0.005479615 1.447481 -0.1040183 1.0
v 0.005573912 1.439476 -0.09992509 1.0
v 0.005402399 1.431805 -0.09454945 1.0
v 0.005104212 1.42431 -0.0884405 1.0
v 0.004751652 1.416867 -0.0820057 1.0
v 0.004397947 1.409414 -0.07552691 1.0
v 0.004076831 1.401937 -0.06909473 1.0
v 0.003751314 1.394654 -0.06246678 1.0
v 0.003418716 1.387301 -0.05577373 1.0
v 0.003098769 1.379543 -0.04956375 1.0
v -0.0006530661 1.603488 -0.0102027 1.0
v 0.003392041 1.604338 -0.01937223 1.0
v 0.007584917 1.603325 -0.02849372 1.0
v 0.01144036 1.601282 -0.03789107 1.0
v 0.01480846 1.5989 -0.04737425 1.0
v 0.01769825 1.595599 -0.05667691 1.0
v 0.02005048 1.591001 -0.06570843 1.0
v 0.0217972 1.585397 -0.07400605 1.0
v 0.02325112 1.579287 -0.08133152 1.0
v 0.02482023 1.572457 -0.08808821 1.0
v 0.02624526 1.564381 -0.09476647 1.0
v 0.02690516 1.555132 -0.1013055 1.0
v 0.02676337 1.546333 -0.1064896 1.0
v 0.026596 1.537985 -0.1105264 1.0
v 0.02687513 1.530131 -0.1135953 1.0
v 0.02720427 1.521313 -0.1163252 1.0
v 0.02728128 1.511732 -0.1183115 1.0
v 0.02709255 1.502248 -0.1193193 1.0
v 0.02662082 1.492361 -0.1194127 1.0
v 0.02574827 1.482241 -0.1184758 1.0
v 0.02458128 1.472665 -0.1166547 1.0
v 0.02341357 1.463701 -0.1143022 1.0
v 0.02247076 1.454919 -0.1116599 1.0
v 0.02161908 1.445706 -0.1081436 1.0
v 0.0204786 1.436759 -0.1032476 1.0
v 0.01902091 1.428787 -0.09728917 1.0
v 0.01734784 1.421372 -0.09077963 1.0
v 0.01536311 1.414253 -0.08402507 1.0
v 0.01310345 1.407242 -0.07720453 1.0
v 0.01064453 1.40027 -0.07036676 1.0
v 0.008055601 1.393523 -0.06327708 1.0
v 0.005487749 1.386769 -0.05618536 1.0
v 0.003231658 1.379511 -0.04959325 1.0
v -0.0006530661 1.603488 -0.0102027 1.0
v 0.003392041 1.604338 -0.01937223 1.0
v 0.007584917 1.603325 -0.02849372 1.0
v 0.01144036 1.601282 -0.03789107 1.0
v 0.01480846 1.5989 -0.04737425 1.0
v 0.01769825 1.595599 -0.05667691 1.0
v 0.02005048 1.591001 -0.06570843 1.0
v 0.0217972 1.585397 -0.07400605 1.0
v 0.02325112 1.579287 -0.08133152 1.0
v 0.02482023 1.572457 -0.08808821 1.0
v 0.02624526 1.564381 -0.09476647 1.0
v 0.02690516 1.555132 -0.1013055 1.0
v 0.02676337 1.546333 -0.1064896 1.0
v 0.026596 1.537985 -0.1105264 1.0
v 0.02687513 1.530131 -0.1135953 1.0
v 0.02720427 1.521313 -0.1163252 1.0
v 0.02728128 1.511732 -0.1183115 1.0
v 0.02709255 1.502248 -0.1193193 1.0
v 0.02662082 1.492361 -0.1194127 1.0
v 0.02574827 1.482241 -0.1184758 1.0
v 0.02458128 1.472665 -0.1166547 1.0
v 0.02341357 1.463701 -0.1143022 1.0
v 0.02247076 1.454919 -0.1116599 1.0
v 0.02161908 1.445706 -0.1081436 1.0
v 0.0204786 1.436759 -0.1032476 1.0
v 0.01902091 1.428787 -0.09728917 1.0
v 0.01734784 1.421372 -0.09077963 1.0
v 0.01536311 1.414253 -0.08402507 1.0
v 0.01310345 1.407242 -0.07720453 1.0
v 0.01064453 1.40027 -0.07036676 1.0
v 0.008055601 1.393523 -0.06327708 1.0
v 0.005487749 1.386769 -0.05618536 1.0
v 0.003231658 1.379511 -0.04959325 1.0
v -0.000653383 1.603488 -0.01020276 1.0
v 0.001493717 1.605076 -0.01976351 1.0
v 0.00373855 1.604853 -0.02961414 1.0
v 0.005507927 1.603654 -0.03931584 1.0
v 0.006829472 1.601952 -0.04922248 1.0
v 0.00781774 1.599179 -0.05907773 1.0
v 0.00851035 1.595109 -0.06864212 1.0
v 0.00887496 1.589903 -0.07763354 1.0
v 0.009190788 1.583778 -0.08602492 1.0
v 0.009661421 1.576779 -0.09379996 1.0
v 0.009996442 1.569137 -0.1008366 1.0
v 0.009721103 1.560976 -0.1072863 1.0
v 0.008781766 1.552594 -0.1129472 1.0
v 0.007839043 1.543507 -0.1180179 1.0
v 0.007492369 1.533947 -0.1222595 1.0
v 0.007474246 1.523943 -0.1256153 1.0
v 0.007460213 1.51347 -0.1278753 1.0
v 0.007440805 1.502862 -0.1289273 1.0
v 0.007362277 1.492206 -0.1288132 1.0
v 0.007054068 1.481585 -0.1275134 1.0
v 0.006596441 1.471377 -0.1251983 1.0
v 0.006266265 1.461566 -0.1221879 1.0
v 0.006273535 1.452037 -0.118763 1.0
v 0.006448356 1.44234 -0.114402 1.0
v 0.006376502 1.433237 -0.1086602 1.0
v 0.006048276 1.425302 -0.1019408 1.0
v 0.005631703 1.41814 -0.09481607 1.0
v 0.005178286 1.411441 -0.08747133 1.0
v 0.00472416 1.40493 -0.07998984 1.0
v 0.004304234 1.398494 -0.07240973 1.0
v 0.003889277 1.392331 -0.064575 1.0
v 0.003482386 1.386219 -0.05682477 1.0
v 0.003102597 1.379479 -0.04963652 1.0
v -0.0006536954 1.603488 -0.01020284 1.0
v -0.0006533784 1.603487 -0.01020279 1.0
v -0.0006530661 1.603488 -0.0102027 1.0
v -0.000653383 1.603488 -0.01020276 1.0
v 0.002969708 1.379511 -0.04960702 1.0
v 0.003098769 1.379543 -0.04956375 1.0
v 0.003231658 1.379511 -0.04959325 1.0
v 0.003102597 1.379479 -0.04963652 1.0
v 1.503597E-05 1.603544 -0.01303442 1.0
v -0.007160306 1.604171 -0.02011204 1.0
v -0.01452466 1.603147 -0.02695251 1.0
v -0.02164219 1.600519 -0.03421297 1.0
v -0.02813648 1.597527 -0.04190492 1.0
v -0.03393355 1.593553 -0.04976265 1.0
v -0.038922 1.588469 -0.05788943 1.0
v -0.04275462 1.582506 -0.06601724 1.0
v -0.0456624 1.576333 -0.07303569 1.0
v -0.04846872 1.569735 -0.07902703 1.0
v -0.05127402 1.561966 -0.08478871 1.0
v -0.0536178 1.553119 -0.09046938 1.0
v -0.05515275 1.544084 -0.09559353 1.0
v -0.05602041 1.535004 -0.0999198 1.0
v -0.05626464 1.525115 -0.103806 1.0
v -0.05586362 1.516265 -0.1066311 1.0
v -0.05538933 1.507557 -0.108476 1.0
v -0.05537445 1.500127 -0.109085 1.0
v -0.05521043 1.490467 -0.1090876 1.0
v -0.05396383 1.478923 -0.108368 1.0
v -0.05156711 1.46836 -0.1069557 1.0
v -0.04887092 1.459116 -0.1050503 1.0
v -0.04608656 1.450023 -0.1026422 1.0
v -0.04317506 1.441247 -0.0997388 1.0
v -0.04041003 1.433308 -0.09613029 1.0
v -0.03788313 1.425663 -0.09139691 1.0
v -0.03499665 1.417542 -0.08540859 1.0
v -0.03110512 1.409819 -0.07893604 1.0
v -0.02649109 1.403316 -0.07234117 1.0
v -0.02160994 1.397278 -0.06594681 1.0
v -0.01672027 1.390693 -0.05993458 1.0
v -0.01184767 1.384145 -0.05387712 1.0
v -0.007253923 1.377581 -0.0477182 1.0
v 1.503597E-05 1.603544 -0.01303442 1.0
v -0.007160306 1.604171 -0.02011204 1.0
v -0.01452466 1.603147 -0.02695251 1.0
v -0.02164219 1.600519 -0.03421297 1.0
v -0.02813648 1.597527 -0.04190492 1.0
v -0.03393355 1.593553 -0.04976265 1.0
v -0.038922 1.588469 -0.05788943 1.0
v -0.04275462 1.582506 -0.06601724 1.0
v -0.0456624 1.576333 -0.07303569 1.0
v -0.04846872 1.569735 -0.07902703 1.0
v -0.05127402 1.561966 -0.08478871 1.0
v -0.0536178 1.553119 -0.09046938 1.0
v -0.05515275 1.544084 -0.09559353 1.0
v -0.05602041 1.535004 -0.0999198 1.0
v -0.05626464 1.525115 -0.103806 1.0
v -0.05586362 1.516265 -0.1066311 1.0
v -0.05538933 1.507557 -0.108476 1.0
v -0.05537445 1.500127 -0.109085 1.0
v -0.05521043 1.490467 -0.1090876 1.0
v -0.05396383 1.478923 -0.108368 1.0
v -0.05156711 1.46836 -0.1069557 1.0
v -0.04887092 1.459116 -0.1050503 1.0
v -0.04608656 1.450023 -0.1026422 1.0
v -0.04317506 1.441247 -0.0997388 1.0
v -0.04041003 1.433308 -0.09613029 1.0
v -0.03788313 1.425663 -0.09139691 1.0
v -0.03499665 1.417542 -0.08540859 1.0
v -0.03110512 1.409819 -0.07893604 1.0
v -0.02649109 1.403316 -0.07234117 1.0
v -0.02160994 1.397278 -0.06594681 1.0
v -0.01672027 1.390693 -0.05993458 1.0
v -0.01184767 1.384145 -0.05387712 1.0
v -0.007253923 1.377581 -0.0477182 1.0
v 1.529374E-05 1.603544 -0.01303461 1.0
v -0.005582825 1.603422 -0.02123159 1.0
v -0.01109207 1.601717 -0.02908719 1.0
v -0.01602476 1.598604 -0.03697438 1.0
v -0.02032102 1.595076 -0.04495563 1.0
v -0.02394532 1.590785 -0.05272634 1.0
v -0.02683983 1.585795 -0.06024072 1.0
v -0.02887726 1.58011 -0.06747583 1.0
v -0.03043903 1.573793 -0.07433701 1.0
v -0.03200813 1.566929 -0.08053385 1.0
v -0.03350508 1.559489 -0.08606215 1.0
v -0.03457734 1.551617 -0.09111545 1.0
v -0.03505632 1.543487 -0.09572191 1.0
v -0.03508236 1.535126 -0.09977424 1.0
v -0.03474514 1.526505 -0.1032591 1.0
v -0.03395895 1.517837 -0.1061743 1.0
v -0.03334025 1.508614 -0.1081894 1.0
v -0.03349876 1.49962 -0.1088077 1.0
v -0.03378643 1.490427 -0.1085441 1.0
v -0.03333073 1.481257 -0.1077264 1.0
v -0.03201323 1.472272 -0.106289 1.0
v -0.03032479 1.463139 -0.1042547 1.0
v -0.02862085 1.453941 -0.101797 1.0
v -0.02689153 1.445097 -0.09891602 1.0
v -0.0253162 1.436762 -0.09522364 1.0
v -0.0240485 1.428789 -0.09044262 1.0
v -0.02270873 1.421112 -0.08488446 1.0
v -0.02077033 1.413906 -0.07897879 1.0
v -0.01816337 1.40705 -0.07248223 1.0
v -0.01526913 1.399979 -0.06577599 1.0
v -0.01257622 1.3925 -0.05977909 1.0
v -0.009862771 1.38503 -0.05378155 1.0
v -0.007126879 1.377639 -0.04771073 1.0
v 1.556933E-05 1.603544 -0.01303479 1.0
v -0.003959646 1.604112 -0.02232282 1.0
v -0.007958277 1.603223 -0.03159619 1.0
v -0.01116409 1.601087 -0.04058808 1.0
v -0.01368822 1.598355 -0.04960837 1.0
v -0.01567402 1.594792 -0.05836006 1.0
v -0.01704041 1.590575 -0.06654774 1.0
v -0.01769401 1.58551 -0.07427424 1.0
v -0.01825539 1.579166 -0.0822482 1.0
v -0.01906127 1.571889 -0.08996065 1.0
v -0.01973537 1.564488 -0.09649765 1.0
v -0.01994732 1.557199 -0.1020706 1.0
v -0.01968562 1.549348 -0.107282 1.0
v -0.01913324 1.540819 -0.1120891 1.0
v -0.0183912 1.53247 -0.115998 1.0
v -0.01729962 1.522631 -0.1196643 1.0
v -0.01654239 1.512015 -0.1221044 1.0
v -0.01670124 1.499659 -0.1228335 1.0
v -0.01717076 1.489498 -0.1220475 1.0
v -0.01706256 1.481372 -0.120646 1.0
v -0.01622597 1.472695 -0.1184829 1.0
v -0.01506046 1.463085 -0.1155582 1.0
v -0.01407082 1.453554 -0.1122498 1.0
v -0.01309399 1.444099 -0.1083649 1.0
v -0.01223709 1.434596 -0.1032744 1.0
v -0.01184722 1.42591 -0.09714442 1.0
v -0.01163485 1.41875 -0.09086793 1.0
v -0.01108737 1.412309 -0.08419446 1.0
v -0.01015293 1.405964 -0.07672141 1.0
v -0.00921304 1.399325 -0.06900475 1.0
v -0.008580366 1.392112 -0.06186355 1.0
v -0.00793063 1.384863 -0.05476757 1.0
v -0.007002041 1.37763 -0.04777304 1.0
v 1.556933E-05 1.603544 -0.01303479 1.0
v -0.003959646 1.604112 -0.02232282 1.0
v -0.007958277 1.603223 -0.03159619 1.0
v -0.01116409 1.601087 -0.04058808 1.0
v -0.01368822 1.598355 -0.04960837 1.0
v -0.01567402 1.594792 -0.05836006 1.0
v -0.01704041 1.590575 -0.06654774 1.0
v -0.01769401 1.58551 -0.07427424 1.0
v -0.01825539 1.579166 -0.0822482 1.0
v -0.01906127 1.571889 -0.08996065 1.0
v -0.01973537 1.564488 -0.09649765 1.0
v -0.01994732 1.557199 -0.1020706 1.0
v -0.01968562 1.549348 -0.107282 1.0
v -0.01913324 1.540819 -0.1120891 1.0
v -0.0183912 1.53247 -0.115998 1.0
v -0.01729962 1.522631 -0.1196643 1.0
v -0.01654239 1.512015 -0.1221044 1.0
v -0.01670124 1.499659 -0.1228335 1.0
v -0.01717076 1.489498 -0.1220475 1.0
v -0.01706256 1.481372 -0.120646 1.0
v -0.01622597 1.472695 -0.1184829 1.0
v -0.01506046 1.463085 -0.1155582 1.0
v -0.01407082 1.453554 -0.1122498 1.0
v -0.01309399 1.444099 -0.1083649 1.0
v -0.01223709 1.434596 -0.1032744 1.0
v -0.01184722 1.42591 -0.09714442 1.0
v -0.01163485 1.41875 -0.09086793 1.0
v -0.01108737 1.412309 -0.08419446 1.0
v -0.01015293 1.405964 -0.07672141 1.0
v -0.00921304 1.399325 -0.06900475 1.0
v -0.008580366 1.392112 -0.06186355 1.0
v -0.00793063 1.384863 -0.05476757 1.0
v -0.007002041 1.37763 -0.04777304 1.0
v 1.531155E-05 1.603544 -0.0130346 1.0
v -0.005537126 1.604861 -0.02120327 1.0
v -0.01139087 1.604654 -0.02946152 1.0
v -0.01678152 1.603002 -0.03782667 1.0
v -0.02150369 1.600806 -0.04655767 1.0
v -0.02566225 1.59756 -0.05539638 1.0
v -0.02912258 1.593249 -0.06419645 1.0
v -0.03157137 1.587906 -0.07281564 1.0
v -0.03347876 1.581706 -0.08094689 1.0
v -0.03552186 1.574695 -0.08845383 1.0
v -0.0375043 1.566964 -0.09522422 1.0
v -0.03898778 1.558701 -0.1014245 1.0
v -0.03978206 1.549945 -0.1071536 1.0
v -0.04007129 1.540697 -0.1122347 1.0
v -0.0399107 1.53108 -0.1165449 1.0
v -0.03920428 1.521059 -0.1201211 1.0
v -0.03859146 1.510958 -0.1223909 1.0
v -0.03857693 1.500166 -0.1231108 1.0
v -0.03859477 1.489538 -0.122591 1.0
v -0.03769565 1.479038 -0.1212876 1.0
v -0.03577985 1.468783 -0.1191496 1.0
v -0.0336066 1.459063 -0.1163538 1.0
v -0.03153653 1.449636 -0.1130949 1.0
v -0.02937752 1.44025 -0.1091876 1.0
v -0.02733092 1.431142 -0.1041811 1.0
v -0.02568184 1.422784 -0.09809872 1.0
v -0.02392277 1.415181 -0.09139206 1.0
v -0.02142215 1.408221 -0.08415171 1.0
v -0.01848065 1.40223 -0.07658036 1.0
v -0.01555385 1.396624 -0.06917557 1.0
v -0.01272442 1.390305 -0.06201903 1.0
v -0.009915531 1.383978 -0.05486315 1.0
v -0.007129084 1.377572 -0.04778051 1.0
v 1.503597E-05 1.603544 -0.01303442 1.0
v 1.529374E-05 1.603544 -0.01303461 1.0
v 1.556933E-05 1.603544 -0.01303479 1.0
v 1.531155E-05 1.603544 -0.0130346 1.0
v -0.007253923 1.377581 -0.0477182 1.0
v -0.007126879 1.377639 -0.04771073 1.0
v -0.007002041 1.37763 -0.04777304 1.0
v -0.007129084 1.377572 -0.04778051 1.0
v -0.0005262129 1.603544 -0.01303537 1.0
v 0.003441343 1.604094 -0.02229478 1.0
v 0.00741859 1.603192 -0.03153402 1.0
v 0.01060808 1.601018 -0.04047974 1.0
v 0.01313075 1.598254 -0.04945703 1.0
v 0.01511172 1.594651 -0.05815421 1.0
v 0.01647657 1.590392 -0.0662997 1.0
v 0.01714327 1.58537 -0.07401795 1.0
v 0.0177533 1.578995 -0.08204954 1.0
v 0.01859957 1.571507 -0.08969624 1.0
v 0.01924512 1.564007 -0.09591264 1.0
v 0.01942643 1.55641 -0.1014887 1.0
v 0.01881956 1.549316 -0.1063324 1.0
v 0.01795523 1.541013 -0.1113447 1.0
v 0.01719976 1.531191 -0.1159896 1.0
v 0.01663559 1.521408 -0.1194603 1.0
v 0.01625165 1.510794 -0.1218736 1.0
v 0.01631625 1.499007 -0.1227282 1.0
v 0.0167638 1.48879 -0.1219773 1.0
v 0.01688433 1.480777 -0.1206582 1.0
v 0.01613412 1.472643 -0.1189313 1.0
v 0.01457627 1.462918 -0.1163988 1.0
v 0.01310901 1.452271 -0.1127413 1.0
v 0.01237908 1.442582 -0.1084436 1.0
v 0.01192738 1.433777 -0.1035026 1.0
v 0.01143346 1.425487 -0.09756411 1.0
v 0.01108651 1.417948 -0.09070267 1.0
v 0.01085818 1.411248 -0.08376935 1.0
v 0.01034993 1.405044 -0.07667721 1.0
v 0.009467511 1.398922 -0.06899238 1.0
v 0.008535866 1.39227 -0.06136651 1.0
v 0.007655603 1.385011 -0.05438789 1.0
v 0.00646672 1.377587 -0.04768232 1.0
v -0.0005262129 1.603544 -0.01303537 1.0
v 0.003441343 1.604094 -0.02229478 1.0
v 0.00741859 1.603192 -0.03153402 1.0
v 0.01060808 1.601018 -0.04047974 1.0
v 0.01313075 1.598254 -0.04945703 1.0
v 0.01511172 1.594651 -0.05815421 1.0
v 0.01647657 1.590392 -0.0662997 1.0
v 0.01714327 1.58537 -0.07401795 1.0
v 0.0177533 1.578995 -0.08204954 1.0
v 0.01859957 1.571507 -0.08969624 1.0
v 0.01924512 1.564007 -0.09591264 1.0
v 0.01942643 1.55641 -0.1014887 1.0
v 0.01881956 1.549316 -0.1063324 1.0
v 0.01795523 1.541013 -0.1113447 1.0
v 0.01719976 1.531191 -0.1159896 1.0
v 0.01663559 1.521408 -0.1194603 1.0
v 0.01625165 1.510794 -0.1218736 1.0
v 0.01631625 1.499007 -0.1227282 1.0
v 0.0167638 1.48879 -0.1219773 1.0
v 0.01688433 1.480777 -0.1206582 1.0
v 0.01613412 1.472643 -0.1189313 1.0
v 0.01457627 1.462918 -0.1163988 1.0
v 0.01310901 1.452271 -0.1127413 1.0
v 0.01237908 1.442582 -0.1084436 1.0
v 0.01192738 1.433777 -0.1035026 1.0
v 0.01143346 1.425487 -0.09756411 1.0
v 0.01108651 1.417948 -0.09070267 1.0
v 0.01085818 1.411248 -0.08376935 1.0
v 0.01034993 1.405044 -0.07667721 1.0
v 0.009467511 1.398922 -0.06899238 1.0
v 0.008535866 1.39227 -0.06136651 1.0
v 0.007655603 1.385011 -0.05438789 1.0
v 0.00646672 1.377587 -0.04768232 1.0
v -0.0005259378 1.603544 -0.0130352 1.0
v 0.005061631 1.603407 -0.02119735 1.0
v 0.0105553 1.601707 -0.02901596 1.0
v 0.01549275 1.598588 -0.03686314 1.0
v 0.0197788 1.595034 -0.04478472 1.0
v 0.02338822 1.590703 -0.05248649 1.0
v 0.02624012 1.585641 -0.05991581 1.0
v 0.02815814 1.579876 -0.06702282 1.0
v 0.02958448 1.573453 -0.07372984 1.0
v 0.03106819 1.566466 -0.07968521 1.0
v 0.03254094 1.558861 -0.08494783 1.0
v 0.0335485 1.550654 -0.08997139 1.0
v 0.0336784 1.542452 -0.09465587 1.0
v 0.03332489 1.534111 -0.09891193 1.0
v 0.03300458 1.525582 -0.1024224 1.0
v 0.03272401 1.516784 -0.1052377 1.0
v 0.03249056 1.507939 -0.1071934 1.0
v 0.03253692 1.499035 -0.1080391 1.0
v 0.03283479 1.489919 -0.1078445 1.0
v 0.03258161 1.48067 -0.1070506 1.0
v 0.03122609 1.47158 -0.1059233 1.0
v 0.02920897 1.462513 -0.1042953 1.0
v 0.02738748 1.453453 -0.1019783 1.0
v 0.02609644 1.444571 -0.09903464 1.0
v 0.02488107 1.435871 -0.09523278 1.0
v 0.02351023 1.428191 -0.09057009 1.0
v 0.02205817 1.420947 -0.08481745 1.0
v 0.02032891 1.413731 -0.07851066 1.0
v 0.01813114 1.406644 -0.07218141 1.0
v 0.01543563 1.39978 -0.06564933 1.0
v 0.01250445 1.39263 -0.05922573 1.0
v 0.009565071 1.385115 -0.05335046 1.0
v 0.00659055 1.377592 -0.04761755 1.0
v -0.00052568 1.603544 -0.01303501 1.0
v 0.006638399 1.604159 -0.02007897 1.0
v 0.0139893 1.603155 -0.02689597 1.0
v 0.0211069 1.600553 -0.0341305 1.0
v 0.02759445 1.59753 -0.04177196 1.0
v 0.03338267 1.593498 -0.04956916 1.0
v 0.03833149 1.588282 -0.05757517 1.0
v 0.04206596 1.582029 -0.06547794 1.0
v 0.04484035 1.575586 -0.0721143 1.0
v 0.04754823 1.568828 -0.07770507 1.0
v 0.05034027 1.560789 -0.08322867 1.0
v 0.05255342 1.552032 -0.08851292 1.0
v 0.05377401 1.542295 -0.09403864 1.0
v 0.05424099 1.533233 -0.09848519 1.0
v 0.05455603 1.524942 -0.1017559 1.0
v 0.0546647 1.51598 -0.1045641 1.0
v 0.05454754 1.50732 -0.1065097 1.0
v 0.05440849 1.499434 -0.1074424 1.0
v 0.05426354 1.489894 -0.1075389 1.0
v 0.05321554 1.478271 -0.1067942 1.0
v 0.05067429 1.467132 -0.105617 1.0
v 0.04766751 1.458038 -0.104132 1.0
v 0.04499463 1.450139 -0.102323 1.0
v 0.04255916 1.441552 -0.09975374 1.0
v 0.04005364 1.43278 -0.0961318 1.0
v 0.03732011 1.42488 -0.09120204 1.0
v 0.03446111 1.417776 -0.08516762 1.0
v 0.0310051 1.410644 -0.07844976 1.0
v 0.02668472 1.403481 -0.07179178 1.0
v 0.0217375 1.396996 -0.06539267 1.0
v 0.01662256 1.39076 -0.05928904 1.0
v 0.01153928 1.384205 -0.05342893 1.0
v 0.006716629 1.377532 -0.0476244 1.0
v -0.00052568 1.603544 -0.01303501 1.0
v 0.006638399 1.604159 -0.02007897 1.0
v 0.0139893 1.603155 -0.02689597 1.0
v 0.0211069 1.600553 -0.0341305 1.0
v 0.02759445 1.59753 -0.04177196 1.0
v 0.03338267 1.593498 -0.04956916 1.0
v 0.03833149 1.588282 -0.05757517 1.0
v 0.04206596 1.582029 -0.06547794 1.0
v 0.04484035 1.575586 -0.0721143 1.0
v 0.04754823 1.568828 -0.07770507 1.0
v 0.05034027 1.560789 -0.08322867 1.0
v 0.05255342 1.552032 -0.08851292 1.0
v 0.05377401 1.542295 -0.09403864 1.0
v 0.05424099 1.533233 -0.09848519 1.0
v 0.05455603 1.524942 -0.1017559 1.0
v 0.0546647 1.51598 -0.1045641 1.0
v 0.05454754 1.50732 -0.1065097 1.0
v 0.05440849 1.499434 -0.1074424 1.0
v 0.05426354 1.489894 -0.1075389 1.0
v 0.05321554 1.478271 -0.1067942 1.0
v 0.05067429 1.467132 -0.105617 1.0
v 0.04766751 1.458038 -0.104132 1.0
v 0.04499463 1.450139 -0.102323 1.0
v 0.04255916 1.441552 -0.09975374 1.0
v 0.04005364 1.43278 -0.0961318 1.0
v 0.03732011 1.42488 -0.09120204 1.0
v 0.03446111 1.417776 -0.08516762 1.0
v 0.0310051 1.410644 -0.07844976 1.0
v 0.02668472 1.403481 -0.07179178 1.0
v 0.0217375 1.396996 -0.06539267 1.0
v 0.01662256 1.39076 -0.05928904 1.0
v 0.01153928 1.384205 -0.05342893 1.0
v 0.006716629 1.377532 -0.0476244 1.0
v -0.0005259551 1.603544 -0.01303519 1.0
v 0.005018112 1.604846 -0.02117641 1.0
v 0.01085259 1.604641 -0.02941404 1.0
v 0.01622223 1.602984 -0.0377471 1.0
v 0.02094639 1.60075 -0.04644427 1.0
v 0.02510616 1.597446 -0.05523688 1.0
v 0.02856795 1.593034 -0.06395906 1.0
v 0.0310511 1.587523 -0.07247306 1.0
v 0.03300918 1.581127 -0.080434 1.0
v 0.03507962 1.573869 -0.0877161 1.0
v 0.03704444 1.565936 -0.09419348 1.0
v 0.03843134 1.557788 -0.1000303 1.0
v 0.03891517 1.549159 -0.1057152 1.0
v 0.03887133 1.540135 -0.110918 1.0
v 0.0387512 1.53055 -0.1153232 1.0
v 0.03857628 1.520603 -0.1187867 1.0
v 0.03830863 1.510175 -0.1211898 1.0
v 0.03818782 1.499405 -0.1221315 1.0
v 0.03819255 1.488765 -0.1216716 1.0
v 0.03751827 1.478377 -0.1204018 1.0
v 0.03558233 1.468196 -0.1186249 1.0
v 0.03303482 1.458443 -0.1162354 1.0
v 0.03071616 1.448957 -0.1130859 1.0
v 0.0288418 1.439564 -0.1091627 1.0
v 0.02709995 1.430686 -0.1044016 1.0
v 0.02524335 1.422176 -0.09819606 1.0
v 0.02348945 1.414777 -0.09105284 1.0
v 0.02153437 1.408161 -0.08370844 1.0
v 0.01890351 1.401882 -0.07628758 1.0
v 0.01576939 1.396139 -0.06873573 1.0
v 0.01265397 1.3904 -0.06142983 1.0
v 0.009629811 1.3841 -0.05446635 1.0
v 0.006592799 1.377526 -0.04768916 1.0
v -0.0005262129 1.603544 -0.01303537 1.0
v -0.0005259378 1.603544 -0.0130352 1.0
v -0.00052568 1.603544 -0.01303501 1.0
v -0.0005259551 1.603544 -0.01303519 1.0
v 0.00646672 1.377587 -0.04768232 1.0
v 0.00659055 1.377592 -0.04761755 1.0
v 0.006716629 1.377532 -0.0476244 1.0
v 0.006592799 1.377526 -0.04768916 1.0
v 0.00180566 1.603404 -0.008107247 1.0
v -0.005046018 1.604322 -0.01533576 1.0
v -0.01193452 1.603687 -0.0225588 1.0
v -0.01885194 1.601668 -0.02910159 1.0
v -0.02600417 1.599412 -0.03500101 1.0
v -0.03329552 1.596289 -0.04067091 1.0
v -0.04032753 1.59216 -0.04627603 1.0
v -0.04691676 1.587177 -0.05155056 1.0
v -0.05329125 1.580955 -0.05713258 1.0
v -0.05889352 1.57389 -0.06268216 1.0
v -0.06364134 1.566253 -0.06788047 1.0
v -0.06764983 1.558169 -0.07271899 1.0
v -0.0710222 1.549512 -0.07725456 1.0
v -0.07351897 1.540403 -0.08143731 1.0
v -0.07488576 1.529791 -0.08603209 1.0
v -0.07460782 1.519274 -0.09039232 1.0
v -0.07396097 1.511464 -0.092924 1.0
v -0.07360736 1.504347 -0.09441172 1.0
v -0.07320679 1.495635 -0.09547172 1.0
v -0.07240148 1.486053 -0.09587509 1.0
v -0.07118767 1.476791 -0.09556061 1.0
v -0.06948943 1.467037 -0.09442104 1.0
v -0.06732243 1.457457 -0.0928493 1.0
v -0.06479347 1.448053 -0.09084669 1.0
v -0.06166179 1.438662 -0.08818191 1.0
v -0.05762696 1.429673 -0.08455092 1.0
v -0.05290194 1.421614 -0.08034755 1.0
v -0.04772917 1.414332 -0.07593938 1.0
v -0.04228317 1.407398 -0.07140756 1.0
v -0.03641507 1.400921 -0.06643701 1.0
v -0.03027924 1.394864 -0.06119232 1.0
v -0.02407526 1.388891 -0.05592913 1.0
v -0.01803595 1.382534 -0.05110598 1.0
v 0.00180566 1.603404 -0.008107247 1.0
v -0.005046018 1.604322 -0.01533576 1.0
v -0.01193452 1.603687 -0.0225588 1.0
v -0.01885194 1.601668 -0.02910159 1.0
v -0.02600417 1.599412 -0.03500101 1.0
v -0.03329552 1.596289 -0.04067091 1.0
v -0.04032753 1.59216 -0.04627603 1.0
v -0.04691676 1.587177 -0.05155056 1.0
v -0.05329125 1.580955 -0.05713258 1.0
v -0.05889352 1.57389 -0.06268216 1.0
v -0.06364134 1.566253 -0.06788047 1.0
v -0.06764983 1.558169 -0.07271899 1.0
v -0.0710222 1.549512 -0.07725456 1.0
v -0.07351897 1.540403 -0.08143731 1.0
v -0.07488576 1.529791 -0.08603209 1.0
v -0.07460782 1.519274 -0.09039232 1.0
v -0.07396097 1.511464 -0.092924 1.0
v -0.07360736 1.504347 -0.09441172 1.0
v -0.07320679 1.495635 -0.09547172 1.0
v -0.07240148 1.486053 -0.09587509 1.0
v -0.07118767 1.476791 -0.09556061 1.0
v -0.06948943 1.467037 -0.09442104 1.0
v -0.06732243 1.457457 -0.0928493 1.0
v -0.06479347 1.448053 -0.09084669 1.0
v -0.06166179 1.438662 -0.08818191 1.0
v -0.05762696 1.429673 -0.08455092 1.0
v -0.05290194 1.421614 -0.08034755 1.0
v -0.04772917 1.414332 -0.07593938 1.0
v -0.04228317 1.407398 -0.07140756 1.0
v -0.03641507 1.400921 -0.06643701 1.0
v -0.03027924 1.394864 -0.06119232 1.0
v -0.02407526 1.388891 -0.05592913 1.0
v -0.01803595 1.382534 -0.05110598 1.0
v 0.001805925 1.603403 -0.008107433 1.0
v -0.003411235 1.603636 -0.0164123 1.0
v -0.008386942 1.602335 -0.0245522 1.0
v -0.01353184 1.599664 -0.03234619 1.0
v -0.01911649 1.596694 -0.03964527 1.0
v -0.02471781 1.592984 -0.04630222 1.0
v -0.03001992 1.588463 -0.05249998 1.0
v -0.03507601 1.583119 -0.05816716 1.0
v -0.03972543 1.577074 -0.0635206 1.0
v -0.04362497 1.570459 -0.0686986 1.0
v -0.04686456 1.563288 -0.07364576 1.0
v -0.04953577 1.555719 -0.07829473 1.0
v -0.0516922 1.547833 -0.0825243 1.0
v -0.0532402 1.539357 -0.08654755 1.0
v -0.05377636 1.530958 -0.09031565 1.0
v -0.05320222 1.522574 -0.09405415 1.0
v -0.05244179 1.514084 -0.0970979 1.0
v -0.0522144 1.505259 -0.09892734 1.0
v -0.05221552 1.49623 -0.09974922 1.0
v -0.05202733 1.487222 -0.09976221 1.0
v -0.05156583 1.478221 -0.09888393 1.0
v -0.05081451 1.46906 -0.09723601 1.0
v -0.04971628 1.459844 -0.09518103 1.0
v -0.04834877 1.450642 -0.09272123 1.0
v -0.04659554 1.441947 -0.08985143 1.0
v -0.04412681 1.433698 -0.08645418 1.0
v -0.04098019 1.425748 -0.08253568 1.0
v -0.03749288 1.418062 -0.0781348 1.0
v -0.03398539 1.410741 -0.07322069 1.0
v -0.03024801 1.403742 -0.06767681 1.0
v -0.02628596 1.396873 -0.0618838 1.0
v -0.02216774 1.389911 -0.05615989 1.0
v -0.01791381 1.3826 -0.05111958 1.0
v 0.001806204 1.603404 -0.008107592 1.0
v -0.001743733 1.604386 -0.01739146 1.0
v -0.005111663 1.603935 -0.02681015 1.0
v -0.008877789 1.602105 -0.03624864 1.0
v -0.01337543 1.599819 -0.04544756 1.0
v -0.01805396 1.596624 -0.05395412 1.0
v -0.02254926 1.592426 -0.0618346 1.0
v -0.02695901 1.587081 -0.06906969 1.0
v -0.03063709 1.581333 -0.07531732 1.0
v -0.03358486 1.575062 -0.08131233 1.0
v -0.03600201 1.568148 -0.08713204 1.0
v -0.03798079 1.56071 -0.09267461 1.0
v -0.03950211 1.552945 -0.09767374 1.0
v -0.04049445 1.544849 -0.1022263 1.0
v -0.04059591 1.537782 -0.1059693 1.0
v -0.03998806 1.530472 -0.1097226 1.0
v -0.03918904 1.519882 -0.1137746 1.0
v -0.03896601 1.507806 -0.1161572 1.0
v -0.03907258 1.496983 -0.1166602 1.0
v -0.03902296 1.486983 -0.1159613 1.0
v -0.03862412 1.476842 -0.1140073 1.0
v -0.03809341 1.467507 -0.111255 1.0
v -0.037365 1.45828 -0.1080694 1.0
v -0.03650507 1.449194 -0.1044803 1.0
v -0.0353674 1.440648 -0.1004729 1.0
v -0.03380819 1.432607 -0.09617074 1.0
v -0.03176612 1.424625 -0.09135886 1.0
v -0.02949879 1.416781 -0.08574842 1.0
v -0.02718149 1.409539 -0.07918538 1.0
v -0.02491187 1.402978 -0.07197465 1.0
v -0.02269901 1.396535 -0.06461897 1.0
v -0.02043566 1.389897 -0.05747629 1.0
v -0.01780344 1.382603 -0.05120541 1.0
v 0.001806204 1.603404 -0.008107592 1.0
v -0.001743733 1.604386 -0.01739146 1.0
v -0.005111663 1.603935 -0.02681015 1.0
v -0.008877789 1.602105 -0.03624864 1.0
v -0.01337543 1.599819 -0.04544756 1.0
v -0.01805396 1.596624 -0.05395412 1.0
v -0.02254926 1.592426 -0.0618346 1.0
v -0.02695901 1.587081 -0.06906969 1.0
v -0.03063709 1.581333 -0.07531732 1.0
v -0.03358486 1.575062 -0.08131233 1.0
v -0.03600201 1.568148 -0.08713204 1.0
v -0.03798079 1.56071 -0.09267461 1.0
v -0.03950211 1.552945 -0.09767374 1.0
v -0.04049445 1.544849 -0.1022263 1.0
v -0.04059591 1.537782 -0.1059693 1.0
v -0.03998806 1.530472 -0.1097226 1.0
v -0.03918904 1.519882 -0.1137746 1.0
v -0.03896601 1.507806 -0.1161572 1.0
v -0.03907258 1.496983 -0.1166602 1.0
v -0.03902296 1.486983 -0.1159613 1.0
v -0.03862412 1.476842 -0.1140073 1.0
v -0.03809341 1.467507 -0.111255 1.0
v -0.037365 1.45828 -0.1080694 1.0
v -0.03650507 1.449194 -0.1044803 1.0
v -0.0353674 1.440648 -0.1004729 1.0
v -0.03380819 1.432607 -0.09617074 1.0
v -0.03176612 1.424625 -0.09135886 1.0
v -0.02949879 1.416781 -0.08574842 1.0
v -0.02718149 1.409539 -0.07918538 1.0
v -0.02491187 1.402978 -0.07197465 1.0
v -0.02269901 1.396535 -0.06461897 1.0
v -0.02043566 1.389897 -0.05747629 1.0
v -0.01780344 1.382603 -0.05120541 1.0
v 0.001805939 1.603404 -0.008107407 1.0
v -0.003378517 1.605072 -0.01631491 1.0
v -0.008659245 1.605287 -0.02481675 1.0
v -0.01419788 1.604109 -0.03300403 1.0
v -0.02026311 1.602537 -0.04080329 1.0
v -0.02663167 1.599929 -0.04832282 1.0
v -0.03285687 1.596124 -0.05561066 1.0
v -0.03879976 1.591139 -0.06245309 1.0
v -0.04420291 1.585214 -0.0689293 1.0
v -0.0488534 1.578492 -0.07529589 1.0
v -0.0527788 1.571113 -0.08136675 1.0
v -0.05609484 1.563161 -0.08709886 1.0
v -0.05883211 1.554625 -0.09240401 1.0
v -0.06077323 1.545895 -0.09711605 1.0
v -0.06170532 1.536614 -0.1016857 1.0
v -0.06139366 1.527172 -0.1060608 1.0
v -0.06070821 1.517262 -0.1096007 1.0
v -0.06035898 1.506895 -0.1116416 1.0
v -0.06006386 1.496387 -0.1123827 1.0
v -0.05939711 1.485814 -0.1120742 1.0
v -0.05824596 1.475412 -0.110684 1.0
v -0.05676834 1.465483 -0.10844 1.0
v -0.05497115 1.455893 -0.1057377 1.0
v -0.05294976 1.446604 -0.1026058 1.0
v -0.05043365 1.437363 -0.09880335 1.0
v -0.04730834 1.428582 -0.09426749 1.0
v -0.04368787 1.420491 -0.08917072 1.0
v -0.03973508 1.413051 -0.08355301 1.0
v -0.03547926 1.406196 -0.07737225 1.0
v -0.03107892 1.400157 -0.07073485 1.0
v -0.02669228 1.394525 -0.06392749 1.0
v -0.02234318 1.388876 -0.05724553 1.0
v -0.01792558 1.382537 -0.05119181 1.0
v 0.00180566 1.603404 -0.008107247 1.0
v 0.001805925 1.603403 -0.008107433 1.0
v 0.001806204 1.603404 -0.008107592 1.0
v 0.001805939 1.603404 -0.008107407 1.0
v -0.01803595 1.382534 -0.05110598 1.0
v -0.01791381 1.3826 -0.05111958 1.0
v -0.01780344 1.382603 -0.05120541 1.0
v -0.01792558 1.382537 -0.05119181 1.0
v -0.002315559 1.603405 -0.008109627 1.0
v 0.001207701 1.604378 -0.0173529 1.0
v 0.004547877 1.603927 -0.02672857 1.0
v 0.008279128 1.602067 -0.03612452 1.0
v 0.01275751 1.599793 -0.04529002 1.0
v 0.01741303 1.596606 -0.05374549 1.0
v 0.02182741 1.592361 -0.06153746 1.0
v 0.02614619 1.586941 -0.06872495 1.0
v 0.02987408 1.581049 -0.07501282 1.0
v 0.03282328 1.574628 -0.08088309 1.0
v 0.03512757 1.567474 -0.08642597 1.0
v 0.03697667 1.559691 -0.09172013 1.0
v 0.03838658 1.551522 -0.09651388 1.0
v 0.03917157 1.543595 -0.1005963 1.0
v 0.03923883 1.536746 -0.1041201 1.0
v 0.03868565 1.529714 -0.1079479 1.0
v 0.03779324 1.519261 -0.112444 1.0
v 0.03757372 1.506541 -0.1153881 1.0
v 0.03794757 1.495472 -0.1160159 1.0
v 0.03820525 1.485798 -0.1154494 1.0
v 0.03800828 1.475733 -0.1138279 1.0
v 0.03763722 1.466266 -0.111408 1.0
v 0.03706275 1.456923 -0.1084921 1.0
v 0.03636413 1.447767 -0.1051583 1.0
v 0.03526476 1.439288 -0.1012677 1.0
v 0.03365295 1.431299 -0.09704217 1.0
v 0.03148578 1.423378 -0.09208357 1.0
v 0.02911803 1.415679 -0.08622468 1.0
v 0.02669084 1.408867 -0.07933727 1.0
v 0.02436687 1.402555 -0.07198517 1.0
v 0.02212145 1.39629 -0.06454554 1.0
v 0.01984249 1.389779 -0.05735251 1.0
v 0.017226 1.382526 -0.05110193 1.0
v -0.002315559 1.603405 -0.008109627 1.0
v 0.001207701 1.604378 -0.0173529 1.0
v 0.004547877 1.603927 -0.02672857 1.0
v 0.008279128 1.602067 -0.03612452 1.0
v 0.01275751 1.599793 -0.04529002 1.0
v 0.01741303 1.596606 -0.05374549 1.0
v 0.02182741 1.592361 -0.06153746 1.0
v 0.02614619 1.586941 -0.06872495 1.0
v 0.02987408 1.581049 -0.07501282 1.0
v 0.03282328 1.574628 -0.08088309 1.0
v 0.03512757 1.567474 -0.08642597 1.0
v 0.03697667 1.559691 -0.09172013 1.0
v 0.03838658 1.551522 -0.09651388 1.0
v 0.03917157 1.543595 -0.1005963 1.0
v 0.03923883 1.536746 -0.1041201 1.0
v 0.03868565 1.529714 -0.1079479 1.0
v 0.03779324 1.519261 -0.112444 1.0
v 0.03757372 1.506541 -0.1153881 1.0
v 0.03794757 1.495472 -0.1160159 1.0
v 0.03820525 1.485798 -0.1154494 1.0
v 0.03800828 1.475733 -0.1138279 1.0
v 0.03763722 1.466266 -0.111408 1.0
v 0.03706275 1.456923 -0.1084921 1.0
v 0.03636413 1.447767 -0.1051583 1.0
v 0.03526476 1.439288 -0.1012677 1.0
v 0.03365295 1.431299 -0.09704217 1.0
v 0.03148578 1.423378 -0.09208357 1.0
v 0.02911803 1.415679 -0.08622468 1.0
v 0.02669084 1.408867 -0.07933727 1.0
v 0.02436687 1.402555 -0.07198517 1.0
v 0.02212145 1.39629 -0.06454554 1.0
v 0.01984249 1.389779 -0.05735251 1.0
v 0.017226 1.382526 -0.05110193 1.0
v -0.00231528 1.603404 -0.008109467 1.0
v 0.002876704 1.603633 -0.01637272 1.0
v 0.007831872 1.602347 -0.02446858 1.0
v 0.01294942 1.599676 -0.03221054 1.0
v 0.01850378 1.596707 -0.039472 1.0
v 0.02404327 1.592983 -0.04605637 1.0
v 0.02919409 1.588372 -0.05213133 1.0
v 0.03402935 1.582851 -0.05769876 1.0
v 0.03848304 1.576631 -0.06291889 1.0
v 0.04223856 1.569903 -0.06783987 1.0
v 0.04531913 1.562576 -0.07243924 1.0
v 0.04787285 1.55456 -0.07688239 1.0
v 0.04983017 1.546492 -0.08076648 1.0
v 0.05120045 1.538104 -0.08436062 1.0
v 0.05172542 1.529516 -0.08808463 1.0
v 0.05117057 1.521093 -0.09206364 1.0
v 0.05036177 1.512738 -0.09550766 1.0
v 0.05014679 1.504081 -0.09764706 1.0
v 0.05039199 1.495076 -0.09857269 1.0
v 0.05050473 1.485999 -0.09870826 1.0
v 0.05027584 1.476939 -0.09813847 1.0
v 0.04975249 1.46775 -0.09685505 1.0
v 0.0488943 1.458476 -0.09512366 1.0
v 0.04778826 1.449238 -0.09299392 1.0
v 0.04616514 1.440684 -0.09032223 1.0
v 0.04361277 1.432612 -0.08698478 1.0
v 0.04041663 1.424825 -0.0830197 1.0
v 0.03694556 1.417292 -0.07850178 1.0
v 0.03346172 1.410226 -0.07336866 1.0
v 0.02967856 1.403397 -0.06767185 1.0
v 0.02569681 1.39666 -0.06179934 1.0
v 0.02157178 1.389796 -0.05603248 1.0
v 0.01733647 1.382522 -0.05101624 1.0
v -0.002315015 1.603405 -0.008109283 1.0
v 0.004509991 1.604323 -0.01529692 1.0
v 0.01137467 1.60372 -0.02248129 1.0
v 0.01826404 1.601729 -0.02898717 1.0
v 0.02538136 1.599462 -0.03483486 1.0
v 0.03263685 1.596275 -0.04044186 1.0
v 0.03958258 1.591922 -0.04595644 1.0
v 0.04594875 1.586586 -0.05103388 1.0
v 0.05200848 1.580105 -0.05621881 1.0
v 0.0574423 1.572813 -0.0613999 1.0
v 0.0620308 1.564948 -0.06622751 1.0
v 0.06579026 1.556736 -0.07060187 1.0
v 0.06890814 1.548102 -0.07462824 1.0
v 0.07133205 1.538561 -0.07862058 1.0
v 0.07264996 1.527709 -0.08316316 1.0
v 0.07235596 1.517179 -0.08777928 1.0
v 0.07167947 1.509654 -0.09066985 1.0
v 0.07134963 1.503447 -0.09226951 1.0
v 0.0711955 1.495097 -0.09342497 1.0
v 0.07072095 1.485265 -0.09398095 1.0
v 0.06977734 1.475918 -0.09404511 1.0
v 0.06835933 1.466203 -0.09336746 1.0
v 0.06648155 1.456613 -0.09223738 1.0
v 0.06424227 1.447109 -0.0906742 1.0
v 0.06122281 1.437603 -0.0882389 1.0
v 0.05706758 1.428725 -0.08454833 1.0
v 0.05230382 1.420869 -0.08036366 1.0
v 0.04717413 1.413747 -0.07598732 1.0
v 0.04172895 1.4069 -0.07139223 1.0
v 0.03583258 1.400591 -0.06633668 1.0
v 0.02968434 1.394655 -0.06106364 1.0
v 0.02347848 1.388775 -0.05579542 1.0
v 0.0174586 1.382456 -0.05100294 1.0
v -0.002315015 1.603405 -0.008109283 1.0
v 0.004509991 1.604323 -0.01529692 1.0
v 0.01137467 1.60372 -0.02248129 1.0
v 0.01826404 1.601729 -0.02898717 1.0
v 0.02538136 1.599462 -0.03483486 1.0
v 0.03263685 1.596275 -0.04044186 1.0
v 0.03958258 1.591922 -0.04595644 1.0
v 0.04594875 1.586586 -0.05103388 1.0
v 0.05200848 1.580105 -0.05621881 1.0
v 0.0574423 1.572813 -0.0613999 1.0
v 0.0620308 1.564948 -0.06622751 1.0
v 0.06579026 1.556736 -0.07060187 1.0
v 0.06890814 1.548102 -0.07462824 1.0
v 0.07133205 1.538561 -0.07862058 1.0
v 0.07264996 1.527709 -0.08316316 1.0
v 0.07235596 1.517179 -0.08777928 1.0
v 0.07167947 1.509654 -0.09066985 1.0
v 0.07134963 1.503447 -0.09226951 1.0
v 0.0711955 1.495097 -0.09342497 1.0
v 0.07072095 1.485265 -0.09398095 1.0
v 0.06977734 1.475918 -0.09404511 1.0
v 0.06835933 1.466203 -0.09336746 1.0
v 0.06648155 1.456613 -0.09223738 1.0
v 0.06424227 1.447109 -0.0906742 1.0
v 0.06122281 1.437603 -0.0882389 1.0
v 0.05706758 1.428725 -0.08454833 1.0
v 0.05230382 1.420869 -0.08036366 1.0
v 0.04717413 1.413747 -0.07598732 1.0
v 0.04172895 1.4069 -0.07139223 1.0
v 0.03583258 1.400591 -0.06633668 1.0
v 0.02968434 1.394655 -0.06106364 1.0
v 0.02347848 1.388775 -0.05579542 1.0
v 0.0174586 1.382456 -0.05100294 1.0
v -0.002315294 1.603405 -0.008109442 1.0
v 0.002840987 1.605069 -0.0162771 1.0
v 0.008090675 1.605299 -0.02474128 1.0
v 0.01359374 1.60412 -0.03290115 1.0
v 0.01963509 1.602548 -0.04065287 1.0
v 0.02600661 1.599898 -0.04813099 1.0
v 0.0322159 1.595911 -0.05536256 1.0
v 0.03806559 1.590676 -0.06206007 1.0
v 0.04339952 1.584523 -0.06831274 1.0
v 0.04802703 1.577538 -0.07444312 1.0
v 0.05183922 1.569846 -0.08021425 1.0
v 0.05489408 1.561867 -0.08543961 1.0
v 0.05746455 1.553132 -0.09037563 1.0
v 0.05930316 1.544052 -0.0948563 1.0
v 0.06016336 1.534939 -0.09919858 1.0
v 0.05987102 1.5258 -0.1036636 1.0
v 0.05911095 1.516177 -0.1076062 1.0
v 0.05877656 1.505908 -0.1100106 1.0
v 0.05875107 1.495493 -0.1108682 1.0
v 0.05842147 1.485063 -0.1107221 1.0
v 0.05750977 1.474712 -0.1097346 1.0
v 0.05624406 1.464718 -0.1079204 1.0
v 0.05464999 1.45506 -0.1056058 1.0
v 0.05281814 1.445638 -0.1028386 1.0
v 0.05032244 1.436206 -0.09918439 1.0
v 0.04710775 1.427412 -0.09460573 1.0
v 0.04337297 1.419422 -0.08942752 1.0
v 0.03934661 1.412134 -0.08371023 1.0
v 0.03495807 1.405541 -0.07736084 1.0
v 0.03052089 1.399748 -0.07065001 1.0
v 0.02610898 1.394285 -0.06380984 1.0
v 0.02174919 1.388759 -0.05711545 1.0
v 0.01734813 1.382459 -0.05108863 1.0
v -0.002315559 1.603405 -0.008109627 1.0
v -0.00231528 1.603404 -0.008109467 1.0
v -0.002315015 1.603405 -0.008109283 1.0
v -0.002315294 1.603405 -0.008109442 1.0
v 0.017226 1.382526 -0.05110193 1.0
v 0.01733647 1.382522 -0.05101624 1.0
v 0.0174586 1.382456 -0.05100294 1.0
v 0.01734813 1.382459 -0.05108863 1.0
v -0.0009376371 1.603515 -0.01360771 1.0
v -0.008807815 1.603913 -0.01977697 1.0
v -0.01664984 1.602675 -0.02580554 1.0
v -0.02448911 1.600454 -0.0308515 1.0
v -0.0325591 1.597803 -0.03532433 1.0
v -0.04073188 1.594278 -0.03979699 1.0
v -0.04845522 1.589716 -0.04432774 1.0
v -0.05556849 1.584128 -0.04865136 1.0
v -0.06238893 1.577229 -0.05331761 1.0
v -0.06835724 1.569266 -0.05831223 1.0
v -0.07284484 1.56137 -0.06261834 1.0
v -0.07656652 1.553653 -0.06609046 1.0
v -0.08005668 1.545247 -0.0692651 1.0
v -0.08300577 1.536414 -0.07202815 1.0
v -0.08534631 1.527383 -0.07436714 1.0
v -0.08705884 1.518144 -0.07634276 1.0
v -0.08805699 1.50875 -0.07787772 1.0
v -0.08848649 1.499279 -0.07901476 1.0
v -0.08830072 1.489513 -0.07967035 1.0
v -0.08745525 1.47958 -0.07985818 1.0
v -0.08591694 1.469766 -0.07949627 1.0
v -0.08368322 1.459952 -0.07856707 1.0
v -0.08077626 1.450404 -0.0771392 1.0
v -0.07738012 1.441214 -0.07536101 1.0
v -0.07341862 1.432229 -0.07315017 1.0
v -0.06865249 1.423619 -0.07057454 1.0
v -0.06297161 1.415627 -0.06770328 1.0
v -0.05674816 1.408443 -0.06457698 1.0
v -0.05038384 1.401677 -0.06114563 1.0
v -0.04386705 1.395269 -0.0570184 1.0
v -0.0375308 1.38902 -0.05246696 1.0
v -0.0009376371 1.603515 -0.01360771 1.0
v -0.008807815 1.603913 -0.01977697 1.0
v -0.01664984 1.602675 -0.02580554 1.0
v -0.02448911 1.600454 -0.0308515 1.0
v -0.0325591 1.597803 -0.03532433 1.0
v -0.04073188 1.594278 -0.03979699 1.0
v -0.04845522 1.589716 -0.04432774 1.0
v -0.05556849 1.584128 -0.04865136 1.0
v -0.06238893 1.577229 -0.05331761 1.0
v -0.06835724 1.569266 -0.05831223 1.0
v -0.07284484 1.56137 -0.06261834 1.0
v -0.07656652 1.553653 -0.06609046 1.0
v -0.08005668 1.545247 -0.0692651 1.0
v -0.08300577 1.536414 -0.07202815 1.0
v -0.08534631 1.527383 -0.07436714 1.0
v -0.08705884 1.518144 -0.07634276 1.0
v -0.08805699 1.50875 -0.07787772 1.0
v -0.08848649 1.499279 -0.07901476 1.0
v -0.08830072 1.489513 -0.07967035 1.0
v -0.08745525 1.47958 -0.07985818 1.0
v -0.08591694 1.469766 -0.07949627 1.0
v -0.08368322 1.459952 -0.07856707 1.0
v -0.08077626 1.450404 -0.0771392 1.0
v -0.07738012 1.441214 -0.07536101 1.0
v -0.07341862 1.432229 -0.07315017 1.0
v -0.06865249 1.423619 -0.07057454 1.0
v -0.06297161 1.415627 -0.06770328 1.0
v -0.05674816 1.408443 -0.06457698 1.0
v -0.05038384 1.401677 -0.06114563 1.0
v -0.04386705 1.395269 -0.0570184 1.0
v -0.0375308 1.38902 -0.05246696 1.0
v -0.0009373946 1.603515 -0.01360792 1.0
v -0.007200771 1.603184 -0.02112046 1.0
v -0.01313751 1.6012 -0.02836362 1.0
v -0.01944814 1.598108 -0.03509306 1.0
v -0.0259949 1.594536 -0.04104967 1.0
v -0.03241955 1.590265 -0.04650702 1.0
v -0.0383378 1.585287 -0.05165414 1.0
v -0.04383868 1.579561 -0.05643254 1.0
v -0.04875464 1.573184 -0.06102187 1.0
v -0.05270846 1.566291 -0.06557743 1.0
v -0.05581233 1.558851 -0.07003856 1.0
v -0.05856577 1.551 -0.07403754 1.0
v -0.06108502 1.54285 -0.07740989 1.0
v -0.06331628 1.534123 -0.08034897 1.0
v -0.06513143 1.525432 -0.08268674 1.0
v -0.06661624 1.516611 -0.08453494 1.0
v -0.06770509 1.507764 -0.08579026 1.0
v -0.06844062 1.498779 -0.0863552 1.0
v -0.06879441 1.489583 -0.08636601 1.0
v -0.06871986 1.480383 -0.08592352 1.0
v -0.06815659 1.471264 -0.08497806 1.0
v -0.06707193 1.462088 -0.08351454 1.0
v -0.06546 1.45283 -0.08175957 1.0
v -0.06344305 1.443604 -0.07981322 1.0
v -0.06101985 1.434869 -0.07749541 1.0
v -0.05806793 1.4267 -0.07452976 1.0
v -0.05441536 1.418901 -0.07084616 1.0
v -0.05028143 1.411208 -0.06673326 1.0
v -0.04609477 1.403577 -0.06234568 1.0
v -0.0418218 1.396253 -0.05753697 1.0
v -0.03740826 1.389082 -0.05249343 1.0
v -0.0009371445 1.603515 -0.01360812 1.0
v -0.005600305 1.603994 -0.02242505 1.0
v -0.01007195 1.602848 -0.03135401 1.0
v -0.01524595 1.600471 -0.04015875 1.0
v -0.02092921 1.597354 -0.04832542 1.0
v -0.02641509 1.593416 -0.05568504 1.0
v -0.0315622 1.588656 -0.06253514 1.0
v -0.03650088 1.583068 -0.06879597 1.0
v -0.04049159 1.577258 -0.07431614 1.0
v -0.04341696 1.571171 -0.07959089 1.0
v -0.04603638 1.563814 -0.08524761 1.0
v -0.04865582 1.555321 -0.09069122 1.0
v -0.05092762 1.546661 -0.09513876 1.0
v -0.05288196 1.537684 -0.09880451 1.0
v -0.05459912 1.528319 -0.1017235 1.0
v -0.05609234 1.518702 -0.1038284 1.0
v -0.05728946 1.508854 -0.1049764 1.0
v -0.05798972 1.498838 -0.1049763 1.0
v -0.05833815 1.48905 -0.1041344 1.0
v -0.0583622 1.479486 -0.1026676 1.0
v -0.05799679 1.469995 -0.100563 1.0
v -0.05725569 1.460816 -0.09790197 1.0
v -0.05630907 1.451668 -0.0950536 1.0
v -0.05518616 1.442431 -0.0920698 1.0
v -0.05363034 1.433536 -0.08859482 1.0
v -0.05139551 1.425342 -0.08405887 1.0
v -0.0485186 1.417926 -0.07846732 1.0
v -0.04551642 1.410579 -0.07230228 1.0
v -0.0427391 1.40318 -0.06581366 1.0
v -0.04013188 1.396082 -0.05912863 1.0
v -0.03730452 1.389076 -0.05258705 1.0
v -0.0009371445 1.603515 -0.01360812 1.0
v -0.005600305 1.603994 -0.02242505 1.0
v -0.01007195 1.602848 -0.03135401 1.0
v -0.01524595 1.600471 -0.04015875 1.0
v -0.02092921 1.597354 -0.04832542 1.0
v -0.02641509 1.593416 -0.05568504 1.0
v -0.0315622 1.588656 -0.06253514 1.0
v -0.03650088 1.583068 -0.06879597 1.0
v -0.04049159 1.577258 -0.07431614 1.0
v -0.04341696 1.571171 -0.07959089 1.0
v -0.04603638 1.563814 -0.08524761 1.0
v -0.04865582 1.555321 -0.09069122 1.0
v -0.05092762 1.546661 -0.09513876 1.0
v -0.05288196 1.537684 -0.09880451 1.0
v -0.05459912 1.528319 -0.1017235 1.0
v -0.05609234 1.518702 -0.1038284 1.0
v -0.05728946 1.508854 -0.1049764 1.0
v -0.05798972 1.498838 -0.1049763 1.0
v -0.05833815 1.48905 -0.1041344 1.0
v -0.0583622 1.479486 -0.1026676 1.0
v -0.05799679 1.469995 -0.100563 1.0
v -0.05725569 1.460816 -0.09790197 1.0
v -0.05630907 1.451668 -0.0950536 1.0
v -0.05518616 1.442431 -0.0920698 1.0
v -0.05363034 1.433536 -0.08859482 1.0
v -0.05139551 1.425342 -0.08405887 1.0
v -0.0485186 1.417926 -0.07846732 1.0
v -0.04551642 1.410579 -0.07230228 1.0
v -0.0427391 1.40318 -0.06581366 1.0
v -0.04013188 1.396082 -0.05912863 1.0
v -0.03730452 1.389076 -0.05258705 1.0
v -0.0009373871 1.603515 -0.0136079 1.0
v -0.007207348 1.604723 -0.02108156 1.0
v -0.01358429 1.604324 -0.02879594 1.0
v -0.02028692 1.602817 -0.03591719 1.0
v -0.02749341 1.600621 -0.04260008 1.0
v -0.03472742 1.597428 -0.04897502 1.0
v -0.04167962 1.593085 -0.05520874 1.0
v -0.0482307 1.587635 -0.06101479 1.0
v -0.05412588 1.581303 -0.06661189 1.0
v -0.05906574 1.574145 -0.07232569 1.0
v -0.06306889 1.566334 -0.07782738 1.0
v -0.06665657 1.557973 -0.08274413 1.0
v -0.06989929 1.549058 -0.08699398 1.0
v -0.07257145 1.539975 -0.09048369 1.0
v -0.074814 1.530269 -0.09340393 1.0
v -0.07653493 1.520235 -0.09563623 1.0
v -0.07764135 1.50984 -0.09706384 1.0
v -0.07803558 1.499339 -0.09763582 1.0
v -0.07784445 1.48898 -0.09743871 1.0
v -0.07709759 1.478684 -0.09660222 1.0
v -0.07575715 1.468498 -0.09508124 1.0
v -0.07386697 1.45868 -0.09295449 1.0
v -0.07162533 1.449242 -0.09043323 1.0
v -0.06912322 1.440042 -0.0876176 1.0
v -0.0660291 1.430896 -0.08424957 1.0
v -0.06198008 1.422261 -0.08010365 1.0
v -0.05707486 1.414652 -0.07532442 1.0
v -0.05198314 1.407813 -0.07014601 1.0
v -0.04702817 1.40128 -0.06461361 1.0
v -0.04217712 1.395098 -0.05861006 1.0
v -0.03742707 1.389014 -0.05256059 1.0
v -0.0009376371 1.603515 -0.01360771 1.0
v -0.0009373946 1.603515 -0.01360792 1.0
v -0.0009371445 1.603515 -0.01360812 1.0
v -0.0009373871 1.603515 -0.0136079 1.0
v -0.0375308 1.38902 -0.05246696 1.0
v -0.03740826 1.389082 -0.05249343 1.0
v -0.03730452 1.389076 -0.05258705 1.0
v -0.03742707 1.389014 -0.05256059 1.0
v 0.0004256036 1.603514 -0.0136071 1.0
v 0.00505076 1.603993 -0.02237839 1.0
v 0.009485085 1.602876 -0.03126526 1.0
v 0.0146324 1.600549 -0.04004251 1.0
v 0.02036545 1.5977 -0.04823576 1.0
v 0.02599319 1.594072 -0.05567759 1.0
v 0.03132858 1.589378 -0.06261207 1.0
v 0.03629031 1.583583 -0.06878311 1.0
v 0.04021259 1.577584 -0.07413178 1.0
v 0.04309445 1.571135 -0.07932858 1.0
v 0.04554346 1.563507 -0.08475415 1.0
v 0.04799688 1.554802 -0.08992437 1.0
v 0.05015874 1.545819 -0.09420028 1.0
v 0.05200361 1.536588 -0.09770942 1.0
v 0.05358835 1.527108 -0.1004802 1.0
v 0.05496264 1.517395 -0.1024827 1.0
v 0.05614289 1.50751 -0.1036746 1.0
v 0.05704416 1.497518 -0.1040208 1.0
v 0.05767822 1.487688 -0.1036428 1.0
v 0.0579478 1.47796 -0.1025907 1.0
v 0.05775543 1.468321 -0.1007836 1.0
v 0.05720911 1.458956 -0.09843187 1.0
v 0.05633257 1.449879 -0.09573822 1.0
v 0.05517077 1.440841 -0.09279571 1.0
v 0.0534597 1.432154 -0.08923246 1.0
v 0.05103026 1.424438 -0.08454083 1.0
v 0.04797103 1.417178 -0.07882921 1.0
v 0.04474142 1.409838 -0.07234446 1.0
v 0.04211402 1.402949 -0.06558095 1.0
v 0.03952082 1.395966 -0.05890166 1.0
v 0.03669329 1.388959 -0.05244897 1.0
v 0.0004256036 1.603514 -0.0136071 1.0
v 0.00505076 1.603993 -0.02237839 1.0
v 0.009485085 1.602876 -0.03126526 1.0
v 0.0146324 1.600549 -0.04004251 1.0
v 0.02036545 1.5977 -0.04823576 1.0
v 0.02599319 1.594072 -0.05567759 1.0
v 0.03132858 1.589378 -0.06261207 1.0
v 0.03629031 1.583583 -0.06878311 1.0
v 0.04021259 1.577584 -0.07413178 1.0
v 0.04309445 1.571135 -0.07932858 1.0
v 0.04554346 1.563507 -0.08475415 1.0
v 0.04799688 1.554802 -0.08992437 1.0
v 0.05015874 1.545819 -0.09420028 1.0
v 0.05200361 1.536588 -0.09770942 1.0
v 0.05358835 1.527108 -0.1004802 1.0
v 0.05496264 1.517395 -0.1024827 1.0
v 0.05614289 1.50751 -0.1036746 1.0
v 0.05704416 1.497518 -0.1040208 1.0
v 0.05767822 1.487688 -0.1036428 1.0
v 0.0579478 1.47796 -0.1025907 1.0
v 0.05775543 1.468321 -0.1007836 1.0
v 0.05720911 1.458956 -0.09843187 1.0
v 0.05633257 1.449879 -0.09573822 1.0
v 0.05517077 1.440841 -0.09279571 1.0
v 0.0534597 1.432154 -0.08923246 1.0
v 0.05103026 1.424438 -0.08454083 1.0
v 0.04797103 1.417178 -0.07882921 1.0
v 0.04474142 1.409838 -0.07234446 1.0
v 0.04211402 1.402949 -0.06558095 1.0
v 0.03952082 1.395966 -0.05890166 1.0
v 0.03669329 1.388959 -0.05244897 1.0
v 0.0004258535 1.603514 -0.0136069 1.0
v 0.006651265 1.603182 -0.02107447 1.0
v 0.01254902 1.601225 -0.02827483 1.0
v 0.01878314 1.598115 -0.03496769 1.0
v 0.02519371 1.59451 -0.04095185 1.0
v 0.03141622 1.590177 -0.04642389 1.0
v 0.03708302 1.585084 -0.05147205 1.0
v 0.04233466 1.579161 -0.05601975 1.0
v 0.04699802 1.572555 -0.0603375 1.0
v 0.05067312 1.565483 -0.06459329 1.0
v 0.05359444 1.557603 -0.06888479 1.0
v 0.05612238 1.549516 -0.07259649 1.0
v 0.05839561 1.541208 -0.0756826 1.0
v 0.06038355 1.532615 -0.07831462 1.0
v 0.06214659 1.52382 -0.08054022 1.0
v 0.06366487 1.514938 -0.08234332 1.0
v 0.0649103 1.505984 -0.08370999 1.0
v 0.06591428 1.496873 -0.08460756 1.0
v 0.06662241 1.487739 -0.08505969 1.0
v 0.06691343 1.478624 -0.0850515 1.0
v 0.06673077 1.46919 -0.0844616 1.0
v 0.06607946 1.460025 -0.08342692 1.0
v 0.06493533 1.450806 -0.08206514 1.0
v 0.06339655 1.441669 -0.08049023 1.0
v 0.06127907 1.433144 -0.07839469 1.0
v 0.05830145 1.425373 -0.07540714 1.0
v 0.05426899 1.417894 -0.07150611 1.0
v 0.04987657 1.410589 -0.06713083 1.0
v 0.04556441 1.403346 -0.06220718 1.0
v 0.04121165 1.396112 -0.05730839 1.0
v 0.0367967 1.388965 -0.05235501 1.0
v 0.0004260961 1.603514 -0.01360669 1.0
v 0.00825857 1.60391 -0.01973073 1.0
v 0.01606218 1.602697 -0.02571605 1.0
v 0.02383367 1.600383 -0.03069529 1.0
v 0.03176022 1.597389 -0.03502416 1.0
v 0.03967779 1.593381 -0.03923385 1.0
v 0.04703214 1.588393 -0.04336538 1.0
v 0.05381878 1.58246 -0.04728903 1.0
v 0.06031881 1.575163 -0.05154167 1.0
v 0.0658616 1.567022 -0.05602261 1.0
v 0.070002 1.558909 -0.05990695 1.0
v 0.07342866 1.551021 -0.06298155 1.0
v 0.07656525 1.542655 -0.06569356 1.0
v 0.07925862 1.533936 -0.06810935 1.0
v 0.08153296 1.525026 -0.07032391 1.0
v 0.08331459 1.515982 -0.07233528 1.0
v 0.08452152 1.506804 -0.07409181 1.0
v 0.08526226 1.497514 -0.07559568 1.0
v 0.08550724 1.487941 -0.07677384 1.0
v 0.08512841 1.478232 -0.07753434 1.0
v 0.08414618 1.468525 -0.07782972 1.0
v 0.08249632 1.458746 -0.07761092 1.0
v 0.08018713 1.44893 -0.07699715 1.0
v 0.0773657 1.43933 -0.0761122 1.0
v 0.07373425 1.430071 -0.07452107 1.0
v 0.06875651 1.421408 -0.07192355 1.0
v 0.06268954 1.414056 -0.06864794 1.0
v 0.05635665 1.407681 -0.0652149 1.0
v 0.04982213 1.401351 -0.06105082 1.0
v 0.0432534 1.395115 -0.05680252 1.0
v 0.03691897 1.388903 -0.0523276 1.0
v 0.0004260961 1.603514 -0.01360669 1.0
v 0.00825857 1.60391 -0.01973073 1.0
v 0.01606218 1.602697 -0.02571605 1.0
v 0.02383367 1.600383 -0.03069529 1.0
v 0.03176022 1.597389 -0.03502416 1.0
v 0.03967779 1.593381 -0.03923385 1.0
v 0.04703214 1.588393 -0.04336538 1.0
v 0.05381878 1.58246 -0.04728903 1.0
v 0.06031881 1.575163 -0.05154167 1.0
v 0.0658616 1.567022 -0.05602261 1.0
v 0.070002 1.558909 -0.05990695 1.0
v 0.07342866 1.551021 -0.06298155 1.0
v 0.07656525 1.542655 -0.06569356 1.0
v 0.07925862 1.533936 -0.06810935 1.0
v 0.08153296 1.525026 -0.07032391 1.0
v 0.08331459 1.515982 -0.07233528 1.0
v 0.08452152 1.506804 -0.07409181 1.0
v 0.08526226 1.497514 -0.07559568 1.0
v 0.08550724 1.487941 -0.07677384 1.0
v 0.08512841 1.478232 -0.07753434 1.0
v 0.08414618 1.468525 -0.07782972 1.0
v 0.08249632 1.458746 -0.07761092 1.0
v 0.08018713 1.44893 -0.07699715 1.0
v 0.0773657 1.43933 -0.0761122 1.0
v 0.07373425 1.430071 -0.07452107 1.0
v 0.06875651 1.421408 -0.07192355 1.0
v 0.06268954 1.414056 -0.06864794 1.0
v 0.05635665 1.407681 -0.0652149 1.0
v 0.04982213 1.401351 -0.06105082 1.0
v 0.0432534 1.395115 -0.05680252 1.0
v 0.03691897 1.388903 -0.0523276 1.0
v 0.0004258462 1.603514 -0.01360689 1.0
v 0.006658065 1.604721 -0.02103465 1.0
v 0.01299825 1.604348 -0.02870647 1.0
v 0.01968293 1.602817 -0.03577011 1.0
v 0.02693196 1.600579 -0.04230807 1.0
v 0.03425476 1.597276 -0.04848755 1.0
v 0.0412777 1.592687 -0.05450539 1.0
v 0.04777443 1.586883 -0.06005239 1.0
v 0.05353338 1.580192 -0.06533594 1.0
v 0.05828292 1.572675 -0.07075791 1.0
v 0.06195103 1.564813 -0.07577631 1.0
v 0.06530315 1.556306 -0.08030944 1.0
v 0.06832838 1.547266 -0.08421125 1.0
v 0.07087868 1.537908 -0.08750416 1.0
v 0.07297472 1.528315 -0.09026394 1.0
v 0.07461236 1.518439 -0.09247465 1.0
v 0.07575412 1.508329 -0.09405644 1.0
v 0.07639214 1.498159 -0.09500893 1.0
v 0.07656305 1.48789 -0.09535696 1.0
v 0.07616279 1.477569 -0.09507357 1.0
v 0.07517084 1.467656 -0.09415174 1.0
v 0.07362597 1.457677 -0.09261587 1.0
v 0.07158438 1.448003 -0.09067023 1.0
v 0.06913992 1.438502 -0.08841768 1.0
v 0.06591489 1.429081 -0.08535884 1.0
v 0.06148533 1.420473 -0.08105723 1.0
v 0.05639158 1.41334 -0.07597104 1.0
v 0.0512215 1.40693 -0.07042854 1.0
v 0.04637174 1.400954 -0.06442459 1.0
v 0.04156256 1.394969 -0.05839578 1.0
v 0.03681556 1.388897 -0.05242156 1.0
v 0.0004256036 1.603514 -0.0136071 1.0
v 0.0004258535 1.603514 -0.0136069 1.0
v 0.0004260961 1.603514 -0.01360669 1.0
v 0.0004258462 1.603514 -0.01360689 1.0
v 0.03669329 1.388959 -0.05244897 1.0
v 0.0367967 1.388965 -0.05235501 1.0
v 0.03691897 1.388903 -0.0523276 1.0
v 0.03681556 1.388897 -0.05242156 1.0
v -0.00568646 1.60329 -0.01573293 1.0
v -0.01466727 1.603421 -0.02045969 1.0
v -0.02348724 1.601721 -0.02501844 1.0
v -0.03198328 1.599056 -0.02789113 1.0
v -0.04058756 1.59575 -0.02963307 1.0
v -0.04945108 1.591352 -0.03126653 1.0
v -0.05783048 1.586071 -0.0330899 1.0
v -0.06562611 1.579933 -0.03490162 1.0
v -0.07307728 1.572557 -0.03697675 1.0
v -0.07949722 1.564476 -0.03911555 1.0
v -0.08488751 1.556087 -0.04110868 1.0
v -0.0894042 1.547798 -0.04279619 1.0
v -0.0936627 1.538421 -0.04449571 1.0
v -0.09726545 1.527038 -0.04696136 1.0
v -0.09903745 1.5151 -0.05069879 1.0
v -0.09909067 1.506917 -0.05363542 1.0
v -0.09901339 1.49923 -0.05566602 1.0
v -0.09920132 1.491878 -0.05667143 1.0
v -0.09892805 1.482037 -0.05742537 1.0
v -0.09736389 1.470556 -0.05833916 1.0
v -0.09463701 1.460194 -0.0594083 1.0
v -0.09132764 1.450867 -0.06025647 1.0
v -0.08749974 1.441623 -0.06070454 1.0
v -0.08327614 1.432834 -0.06085905 1.0
v -0.07866341 1.424841 -0.06039706 1.0
v -0.07340985 1.416976 -0.05901559 1.0
v -0.06725977 1.409226 -0.05679969 1.0
v -0.06040349 1.401755 -0.05426775 1.0
v -0.05293477 1.394953 -0.05192968 1.0
v -0.04512529 1.388858 -0.04944219 1.0
v -0.00568646 1.60329 -0.01573293 1.0
v -0.01466727 1.603421 -0.02045969 1.0
v -0.02348724 1.601721 -0.02501844 1.0
v -0.03198328 1.599056 -0.02789113 1.0
v -0.04058756 1.59575 -0.02963307 1.0
v -0.04945108 1.591352 -0.03126653 1.0
v -0.05783048 1.586071 -0.0330899 1.0
v -0.06562611 1.579933 -0.03490162 1.0
v -0.07307728 1.572557 -0.03697675 1.0
v -0.07949722 1.564476 -0.03911555 1.0
v -0.08488751 1.556087 -0.04110868 1.0
v -0.0894042 1.547798 -0.04279619 1.0
v -0.0936627 1.538421 -0.04449571 1.0
v -0.09726545 1.527038 -0.04696136 1.0
v -0.09903745 1.5151 -0.05069879 1.0
v -0.09909067 1.506917 -0.05363542 1.0
v -0.09901339 1.49923 -0.05566602 1.0
v -0.09920132 1.491878 -0.05667143 1.0
v -0.09892805 1.482037 -0.05742537 1.0
v -0.09736389 1.470556 -0.05833916 1.0
v -0.09463701 1.460194 -0.0594083 1.0
v -0.09132764 1.450867 -0.06025647 1.0
v -0.08749974 1.441623 -0.06070454 1.0
v -0.08327614 1.432834 -0.06085905 1.0
v -0.07866341 1.424841 -0.06039706 1.0
v -0.07340985 1.416976 -0.05901559 1.0
v -0.06725977 1.409226 -0.05679969 1.0
v -0.06040349 1.401755 -0.05426775 1.0
v -0.05293477 1.394953 -0.05192968 1.0
v -0.04512529 1.388858 -0.04944219 1.0
v -0.005686258 1.60329 -0.01573318 1.0
v -0.01324446 1.602688 -0.02210744 1.0
v -0.02031501 1.600246 -0.02823866 1.0
v -0.02790412 1.596645 -0.03336294 1.0
v -0.03568251 1.59249 -0.03722366 1.0
v -0.04320472 1.587593 -0.04048057 1.0
v -0.05014285 1.582008 -0.04354297 1.0
v -0.05656105 1.575742 -0.0462699 1.0
v -0.06225219 1.568848 -0.04893157 1.0
v -0.0670803 1.561392 -0.05164089 1.0
v -0.07125402 1.553429 -0.05428757 1.0
v -0.07488509 1.545178 -0.05664061 1.0
v -0.07800671 1.536643 -0.05854278 1.0
v -0.08035153 1.527856 -0.06058968 1.0
v -0.08151225 1.519095 -0.06348211 1.0
v -0.08175338 1.51043 -0.06672443 1.0
v -0.081988 1.501112 -0.06884147 1.0
v -0.08247175 1.491807 -0.06927991 1.0
v -0.08262677 1.482448 -0.06913467 1.0
v -0.08190118 1.473164 -0.06911948 1.0
v -0.08020323 1.463963 -0.06919637 1.0
v -0.07786663 1.454725 -0.0690648 1.0
v -0.07516073 1.445418 -0.06864776 1.0
v -0.07213984 1.436468 -0.0679815 1.0
v -0.06875972 1.427979 -0.06645558 1.0
v -0.06499193 1.419783 -0.06359083 1.0
v -0.06081317 1.411721 -0.05998082 1.0
v -0.05624544 1.403768 -0.05622726 1.0
v -0.05100351 1.396082 -0.05283264 1.0
v -0.04501703 1.388931 -0.04949182 1.0
v -0.00568605 1.60329 -0.01573342 1.0
v -0.01186582 1.603548 -0.02373129 1.0
v -0.01780743 1.601974 -0.03189038 1.0
v -0.02507335 1.599043 -0.03957836 1.0
v -0.03307994 1.595373 -0.04601098 1.0
v -0.04049999 1.590978 -0.05140181 1.0
v -0.04738409 1.585639 -0.05635243 1.0
v -0.05376567 1.579407 -0.06068288 1.0
v -0.05903113 1.572877 -0.06465567 1.0
v -0.06359218 1.565685 -0.06866978 1.0
v -0.0677004 1.557745 -0.07260051 1.0
v -0.07150543 1.548877 -0.07624234 1.0
v -0.07434074 1.540317 -0.07900389 1.0
v -0.07601573 1.533206 -0.0812067 1.0
v -0.07689992 1.526566 -0.08371622 1.0
v -0.07741237 1.516142 -0.08752745 1.0
v -0.07772223 1.504515 -0.08975129 1.0
v -0.07797461 1.4921 -0.08973832 1.0
v -0.07785612 1.482147 -0.08863236 1.0
v -0.07708193 1.473979 -0.08751035 1.0
v -0.07536613 1.465049 -0.08633598 1.0
v -0.07296231 1.455428 -0.08484836 1.0
v -0.07046074 1.445955 -0.08304812 1.0
v -0.06756312 1.43638 -0.08090439 1.0
v -0.06401753 1.426789 -0.07744338 1.0
v -0.0602226 1.418337 -0.07224146 1.0
v -0.05677628 1.410773 -0.06636097 1.0
v -0.05348999 1.403498 -0.06041207 1.0
v -0.04966165 1.396097 -0.05483764 1.0
v -0.04493788 1.388939 -0.04960684 1.0
v -0.00568605 1.60329 -0.01573342 1.0
v -0.01186582 1.603548 -0.02373129 1.0
v -0.01780743 1.601974 -0.03189038 1.0
v -0.02507335 1.599043 -0.03957836 1.0
v -0.03307994 1.595373 -0.04601098 1.0
v -0.04049999 1.590978 -0.05140181 1.0
v -0.04738409 1.585639 -0.05635243 1.0
v -0.05376567 1.579407 -0.06068288 1.0
v -0.05903113 1.572877 -0.06465567 1.0
v -0.06359218 1.565685 -0.06866978 1.0
v -0.0677004 1.557745 -0.07260051 1.0
v -0.07150543 1.548877 -0.07624234 1.0
v -0.07434074 1.540317 -0.07900389 1.0
v -0.07601573 1.533206 -0.0812067 1.0
v -0.07689992 1.526566 -0.08371622 1.0
v -0.07741237 1.516142 -0.08752745 1.0
v -0.07772223 1.504515 -0.08975129 1.0
v -0.07797461 1.4921 -0.08973832 1.0
v -0.07785612 1.482147 -0.08863236 1.0
v -0.07708193 1.473979 -0.08751035 1.0
v -0.07536613 1.465049 -0.08633598 1.0
v -0.07296231 1.455428 -0.08484836 1.0
v -0.07046074 1.445955 -0.08304812 1.0
v -0.06756312 1.43638 -0.08090439 1.0
v -0.06401753 1.426789 -0.07744338 1.0
v -0.0602226 1.418337 -0.07224146 1.0
v -0.05677628 1.410773 -0.06636097 1.0
v -0.05348999 1.403498 -0.06041207 1.0
v -0.04966165 1.396097 -0.05483764 1.0
v -0.04493788 1.388939 -0.04960684 1.0
v -0.005686253 1.60329 -0.01573317 1.0
v -0.01328863 1.604281 -0.02208353 1.0
v -0.02097966 1.603449 -0.02867017 1.0
v -0.02915251 1.601454 -0.03410654 1.0
v -0.03798499 1.598633 -0.03842039 1.0
v -0.04674634 1.594737 -0.04218777 1.0
v -0.05507172 1.589702 -0.04589936 1.0
v -0.06283072 1.583598 -0.0493146 1.0
v -0.06985622 1.576586 -0.05270085 1.0
v -0.07600909 1.568769 -0.05614444 1.0
v -0.08133388 1.560402 -0.05942162 1.0
v -0.08602454 1.551497 -0.06239792 1.0
v -0.08999673 1.542095 -0.06495681 1.0
v -0.09292965 1.532388 -0.06757838 1.0
v -0.09442512 1.522571 -0.0709329 1.0
v -0.09474967 1.51263 -0.07443842 1.0
v -0.09474762 1.502633 -0.07657582 1.0
v -0.09470418 1.492171 -0.07712985 1.0
v -0.0941574 1.481737 -0.07692305 1.0
v -0.09254465 1.471371 -0.07673004 1.0
v -0.08979991 1.461281 -0.07654792 1.0
v -0.08642333 1.451571 -0.07604003 1.0
v -0.08279976 1.44216 -0.0751049 1.0
v -0.07869942 1.432745 -0.07378194 1.0
v -0.07392121 1.423651 -0.07138486 1.0
v -0.06864052 1.41553 -0.06766623 1.0
v -0.06322289 1.408278 -0.06317984 1.0
v -0.05764804 1.401485 -0.05845256 1.0
v -0.05159292 1.394968 -0.05393468 1.0
v -0.04504614 1.388866 -0.04955722 1.0
v -0.00568646 1.60329 -0.01573293 1.0
v -0.005686258 1.60329 -0.01573318 1.0
v -0.00568605 1.60329 -0.01573342 1.0
v -0.005686253 1.60329 -0.01573317 1.0
v -0.04512529 1.388858 -0.04944219 1.0
v -0.04501703 1.388931 -0.04949182 1.0
v -0.04493788 1.388939 -0.04960684 1.0
v -0.04504614 1.388866 -0.04955722 1.0
v 0.005164049 1.603282 -0.01572463 1.0
v 0.0112945 1.603534 -0.0236793 1.0
v 0.01718321 1.601974 -0.03179971 1.0
v 0.02438548 1.598989 -0.03945063 1.0
v 0.0323502 1.595256 -0.0458388 1.0
v 0.03968999 1.590705 -0.05113063 1.0
v 0.04651716 1.584902 -0.0558772 1.0
v 0.05263085 1.578204 -0.05982121 1.0
v 0.05747225 1.571411 -0.06332684 1.0
v 0.06143641 1.564114 -0.06694598 1.0
v 0.06496006 1.555809 -0.07065104 1.0
v 0.06819694 1.546798 -0.07402757 1.0
v 0.07096114 1.537276 -0.07664248 1.0
v 0.07254017 1.529251 -0.07873628 1.0
v 0.07316151 1.52323 -0.08086501 1.0
v 0.07378773 1.514838 -0.0841014 1.0
v 0.07448485 1.502347 -0.08723253 1.0
v 0.07526709 1.490111 -0.08789118 1.0
v 0.07577357 1.480663 -0.08735819 1.0
v 0.07562359 1.472533 -0.08678665 1.0
v 0.07454444 1.463176 -0.08628582 1.0
v 0.07269036 1.453104 -0.08533996 1.0
v 0.07074379 1.443518 -0.08392629 1.0
v 0.06825314 1.433949 -0.08197287 1.0
v 0.06484748 1.424535 -0.07852297 1.0
v 0.0605627 1.416483 -0.07290164 1.0
v 0.05656186 1.409562 -0.06657408 1.0
v 0.05275832 1.402839 -0.06027357 1.0
v 0.04876878 1.395783 -0.0546242 1.0
v 0.04409464 1.388624 -0.04934567 1.0
v 0.005164049 1.603282 -0.01572463 1.0
v 0.0112945 1.603534 -0.0236793 1.0
v 0.01718321 1.601974 -0.03179971 1.0
v 0.02438548 1.598989 -0.03945063 1.0
v 0.0323502 1.595256 -0.0458388 1.0
v 0.03968999 1.590705 -0.05113063 1.0
v 0.04651716 1.584902 -0.0558772 1.0
v 0.05263085 1.578204 -0.05982121 1.0
v 0.05747225 1.571411 -0.06332684 1.0
v 0.06143641 1.564114 -0.06694598 1.0
v 0.06496006 1.555809 -0.07065104 1.0
v 0.06819694 1.546798 -0.07402757 1.0
v 0.07096114 1.537276 -0.07664248 1.0
v 0.07254017 1.529251 -0.07873628 1.0
v 0.07316151 1.52323 -0.08086501 1.0
v 0.07378773 1.514838 -0.0841014 1.0
v 0.07448485 1.502347 -0.08723253 1.0
v 0.07526709 1.490111 -0.08789118 1.0
v 0.07577357 1.480663 -0.08735819 1.0
v 0.07562359 1.472533 -0.08678665 1.0
v 0.07454444 1.463176 -0.08628582 1.0
v 0.07269036 1.453104 -0.08533996 1.0
v 0.07074379 1.443518 -0.08392629 1.0
v 0.06825314 1.433949 -0.08197287 1.0
v 0.06484748 1.424535 -0.07852297 1.0
v 0.0605627 1.416483 -0.07290164 1.0
v 0.05656186 1.409562 -0.06657408 1.0
v 0.05275832 1.402839 -0.06027357 1.0
v 0.04876878 1.395783 -0.0546242 1.0
v 0.04409464 1.388624 -0.04934567 1.0
v 0.005164255 1.603282 -0.01572439 1.0
v 0.01267151 1.602669 -0.02205659 1.0
v 0.01968522 1.600239 -0.02814774 1.0
v 0.027187 1.596593 -0.03322117 1.0
v 0.03485403 1.592385 -0.03701911 1.0
v 0.04216019 1.587373 -0.04013788 1.0
v 0.04876108 1.581539 -0.04289511 1.0
v 0.05484894 1.574933 -0.04521423 1.0
v 0.0602519 1.567738 -0.04743221 1.0
v 0.06461672 1.560099 -0.04978963 1.0
v 0.068189 1.551829 -0.05220259 1.0
v 0.07142251 1.543019 -0.05441508 1.0
v 0.07415754 1.534295 -0.05599081 1.0
v 0.07635639 1.525306 -0.05770409 1.0
v 0.07763354 1.516324 -0.06040012 1.0
v 0.07805216 1.507547 -0.06378116 1.0
v 0.07852118 1.498537 -0.06634736 1.0
v 0.07948732 1.489202 -0.0673919 1.0
v 0.0802563 1.479952 -0.06780291 1.0
v 0.08011766 1.47069 -0.06838773 1.0
v 0.07910541 1.461434 -0.06912467 1.0
v 0.07746259 1.452305 -0.06952049 1.0
v 0.0752068 1.443096 -0.06944692 1.0
v 0.07236436 1.433986 -0.06889419 1.0
v 0.06903622 1.425686 -0.06730845 1.0
v 0.06514756 1.418093 -0.06418051 1.0
v 0.06057645 1.410648 -0.06020191 1.0
v 0.05556275 1.403191 -0.05612755 1.0
v 0.05008427 1.395761 -0.05260185 1.0
v 0.04417359 1.388618 -0.04923036 1.0
v 0.005164458 1.603282 -0.01572413 1.0
v 0.0140959 1.603398 -0.02040803 1.0
v 0.02286206 1.601704 -0.02492764 1.0
v 0.03127614 1.598994 -0.02775203 1.0
v 0.03976253 1.595612 -0.02941708 1.0
v 0.04844833 1.591026 -0.03090986 1.0
v 0.05642208 1.585498 -0.0323826 1.0
v 0.06387589 1.579006 -0.03377267 1.0
v 0.07113555 1.571198 -0.03545592 1.0
v 0.07727754 1.56257 -0.03737305 1.0
v 0.08199701 1.553861 -0.03909431 1.0
v 0.08598235 1.545221 -0.04054074 1.0
v 0.08951105 1.536486 -0.04167078 1.0
v 0.09282691 1.525878 -0.04353099 1.0
v 0.09502045 1.513331 -0.04716206 1.0
v 0.09533588 1.50333 -0.05083 1.0
v 0.0953816 1.496902 -0.05292895 1.0
v 0.09600902 1.489664 -0.05452032 1.0
v 0.09639634 1.479483 -0.05587447 1.0
v 0.09546737 1.468012 -0.05746402 1.0
v 0.09354421 1.457973 -0.05923082 1.0
v 0.0909957 1.448883 -0.06064275 1.0
v 0.08748926 1.439582 -0.06128939 1.0
v 0.08339495 1.430708 -0.06144234 1.0
v 0.0787094 1.422686 -0.06082257 1.0
v 0.07335041 1.415197 -0.05928185 1.0
v 0.06685274 1.408005 -0.05680743 1.0
v 0.05966339 1.401115 -0.05411482 1.0
v 0.05196714 1.394588 -0.05165423 1.0
v 0.04428269 1.388547 -0.04917966 1.0
v 0.005164458 1.603282 -0.01572413 1.0
v 0.0140959 1.603398 -0.02040803 1.0
v 0.02286206 1.601704 -0.02492764 1.0
v 0.03127614 1.598994 -0.02775203 1.0
v 0.03976253 1.595612 -0.02941708 1.0
v 0.04844833 1.591026 -0.03090986 1.0
v 0.05642208 1.585498 -0.0323826 1.0
v 0.06387589 1.579006 -0.03377267 1.0
v 0.07113555 1.571198 -0.03545592 1.0
v 0.07727754 1.56257 -0.03737305 1.0
v 0.08199701 1.553861 -0.03909431 1.0
v 0.08598235 1.545221 -0.04054074 1.0
v 0.08951105 1.536486 -0.04167078 1.0
v 0.09282691 1.525878 -0.04353099 1.0
v 0.09502045 1.513331 -0.04716206 1.0
v 0.09533588 1.50333 -0.05083 1.0
v 0.0953816 1.496902 -0.05292895 1.0
v 0.09600902 1.489664 -0.05452032 1.0
v 0.09639634 1.479483 -0.05587447 1.0
v 0.09546737 1.468012 -0.05746402 1.0
v 0.09354421 1.457973 -0.05923082 1.0
v 0.0909957 1.448883 -0.06064275 1.0
v 0.08748926 1.439582 -0.06128939 1.0
v 0.08339495 1.430708 -0.06144234 1.0
v 0.0787094 1.422686 -0.06082257 1.0
v 0.07335041 1.415197 -0.05928185 1.0
v 0.06685274 1.408005 -0.05680743 1.0
v 0.05966339 1.401115 -0.05411482 1.0
v 0.05196714 1.394588 -0.05165423 1.0
v 0.04428269 1.388547 -0.04917966 1.0
v 0.005164252 1.603282 -0.01572437 1.0
v 0.01271888 1.604263 -0.02203074 1.0
v 0.02036006 1.60344 -0.0285796 1.0
v 0.02847463 1.601389 -0.03398149 1.0
v 0.0372587 1.598483 -0.03823676 1.0
v 0.04597813 1.594358 -0.04190262 1.0
v 0.05417816 1.588861 -0.0453647 1.0
v 0.0616578 1.582276 -0.04837966 1.0
v 0.06835591 1.574871 -0.05135055 1.0
v 0.07409723 1.566585 -0.05452941 1.0
v 0.07876806 1.557842 -0.05754276 1.0
v 0.08275679 1.549 -0.06015323 1.0
v 0.08631465 1.539467 -0.06232246 1.0
v 0.0890107 1.529823 -0.06456318 1.0
v 0.09054843 1.520238 -0.06762695 1.0
v 0.09107145 1.51062 -0.07115024 1.0
v 0.09134525 1.500712 -0.07381412 1.0
v 0.09178878 1.490573 -0.07501959 1.0
v 0.0919136 1.480193 -0.07542975 1.0
v 0.0909733 1.469855 -0.07586294 1.0
v 0.08898325 1.459715 -0.07639198 1.0
v 0.08622347 1.449682 -0.07646222 1.0
v 0.08302625 1.440005 -0.07576875 1.0
v 0.07928374 1.430671 -0.07452101 1.0
v 0.07452067 1.421535 -0.07203709 1.0
v 0.06876555 1.413586 -0.06800298 1.0
v 0.06283815 1.406919 -0.0631796 1.0
v 0.05685897 1.400763 -0.05826084 1.0
v 0.05065166 1.39461 -0.05367657 1.0
v 0.04420375 1.388553 -0.04929496 1.0
v 0.005164049 1.603282 -0.01572463 1.0
v 0.005164255 1.603282 -0.01572439 1.0
v 0.005164458 1.603282 -0.01572413 1.0
v 0.005164252 1.603282 -0.01572437 1.0
v 0.04409464 1.388624 -0.04934567 1.0
v 0.04417359 1.388618 -0.04923036 1.0
v 0.04428269 1.388547 -0.04917966 1.0
v 0.04420375 1.388553 -0.04929496 1.0
v -0.005290481 1.594116 -0.01093967 1.0
v -0.01572204 1.593634 -0.01050143 1.0
v -0.02600934 1.591599 -0.009934027 1.0
v -0.03601805 1.588595 -0.009557664 1.0
v -0.0459394 1.585386 -0.009793492 1.0
v -0.05490978 1.581622 -0.01024695 1.0
v -0.06281645 1.576812 -0.01016398 1.0
v -0.07035107 1.570773 -0.009856313 1.0
v -0.07731523 1.563557 -0.009712098 1.0
v -0.08343474 1.555976 -0.009860227 1.0
v -0.08850041 1.547722 -0.01038218 1.0
v -0.0923164 1.538827 -0.01133197 1.0
v -0.09484047 1.529423 -0.0125316 1.0
v -0.09615991 1.520005 -0.01384001 1.0
v -0.09603544 1.510654 -0.01483124 1.0
v -0.09509695 1.499249 -0.01587038 1.0
v -0.09329023 1.48669 -0.01868329 1.0
v -0.09134834 1.477127 -0.02366014 1.0
v -0.08887235 1.468827 -0.02924186 1.0
v -0.08628452 1.46081 -0.03351086 1.0
v -0.08342236 1.451393 -0.0366572 1.0
v -0.005290481 1.594116 -0.01093967 1.0
v -0.01572204 1.593634 -0.01050143 1.0
v -0.02600934 1.591599 -0.009934027 1.0
v -0.03601805 1.588595 -0.009557664 1.0
v -0.0459394 1.585386 -0.009793492 1.0
v -0.05490978 1.581622 -0.01024695 1.0
v -0.06281645 1.576812 -0.01016398 1.0
v -0.07035107 1.570773 -0.009856313 1.0
v -0.07731523 1.563557 -0.009712098 1.0
v -0.08343474 1.555976 -0.009860227 1.0
v -0.08850041 1.547722 -0.01038218 1.0
v -0.0923164 1.538827 -0.01133197 1.0
v -0.09484047 1.529423 -0.0125316 1.0
v -0.09615991 1.520005 -0.01384001 1.0
v -0.09603544 1.510654 -0.01483124 1.0
v -0.09509695 1.499249 -0.01587038 1.0
v -0.09329023 1.48669 -0.01868329 1.0
v -0.09134834 1.477127 -0.02366014 1.0
v -0.08887235 1.468827 -0.02924186 1.0
v -0.08628452 1.46081 -0.03351086 1.0
v -0.08342236 1.451393 -0.0366572 1.0
v -0.005290394 1.594116 -0.01093999 1.0
v -0.01480697 1.59268 -0.01362432 1.0
v -0.02366836 1.589687 -0.01624006 1.0
v -0.03242636 1.585735 -0.01887584 1.0
v -0.04088808 1.581733 -0.02148947 1.0
v -0.04882966 1.57718 -0.02378182 1.0
v -0.05630211 1.571826 -0.02563075 1.0
v -0.0632466 1.565837 -0.0271327 1.0
v -0.06924976 1.559329 -0.0283958 1.0
v -0.07440817 1.552125 -0.0292841 1.0
v -0.07878572 1.544398 -0.02992538 1.0
v -0.08231468 1.536303 -0.03035061 1.0
v -0.08499257 1.527647 -0.03056486 1.0
v -0.08690966 1.518611 -0.03060102 1.0
v -0.08798363 1.509418 -0.03027837 1.0
v -0.08826831 1.49985 -0.02978374 1.0
v -0.0878838 1.490313 -0.03039743 1.0
v -0.08668909 1.480787 -0.03261723 1.0
v -0.08534365 1.471277 -0.03521357 1.0
v -0.08436417 1.461375 -0.03646945 1.0
v -0.08334635 1.451411 -0.03677328 1.0
v -0.005290312 1.594116 -0.01094029 1.0
v -0.01405921 1.594071 -0.01662563 1.0
v -0.02256788 1.592466 -0.02256201 1.0
v -0.03087575 1.589789 -0.0283136 1.0
v -0.0390104 1.586702 -0.03363176 1.0
v -0.04746821 1.582343 -0.03832081 1.0
v -0.05625295 1.577053 -0.04233989 1.0
v -0.06449379 1.571323 -0.04561674 1.0
v -0.07174594 1.564853 -0.04827699 1.0
v -0.07774732 1.556803 -0.05027365 1.0
v -0.08264769 1.547914 -0.05137492 1.0
v -0.08642562 1.538453 -0.05148326 1.0
v -0.08902079 1.528632 -0.05076725 1.0
v -0.09077241 1.518382 -0.04940183 1.0
v -0.09195665 1.507895 -0.04721562 1.0
v -0.09210047 1.499454 -0.04480806 1.0
v -0.09157669 1.492301 -0.04312496 1.0
v -0.08923385 1.482992 -0.04281496 1.0
v -0.08668933 1.4727 -0.04230434 1.0
v -0.0848 1.461439 -0.04001434 1.0
v -0.08336248 1.451408 -0.03691217 1.0
v -0.005290312 1.594116 -0.01094029 1.0
v -0.01405921 1.594071 -0.01662563 1.0
v -0.02256788 1.592466 -0.02256201 1.0
v -0.03087575 1.589789 -0.0283136 1.0
v -0.0390104 1.586702 -0.03363176 1.0
v -0.04746821 1.582343 -0.03832081 1.0
v -0.05625295 1.577053 -0.04233989 1.0
v -0.06449379 1.571323 -0.04561674 1.0
v -0.07174594 1.564853 -0.04827699 1.0
v -0.07774732 1.556803 -0.05027365 1.0
v -0.08264769 1.547914 -0.05137492 1.0
v -0.08642562 1.538453 -0.05148326 1.0
v -0.08902079 1.528632 -0.05076725 1.0
v -0.09077241 1.518382 -0.04940183 1.0
v -0.09195665 1.507895 -0.04721562 1.0
v -0.09210047 1.499454 -0.04480806 1.0
v -0.09157669 1.492301 -0.04312496 1.0
v -0.08923385 1.482992 -0.04281496 1.0
v -0.08668933 1.4727 -0.04230434 1.0
v -0.0848 1.461439 -0.04001434 1.0
v -0.08336248 1.451408 -0.03691217 1.0
v -0.005290399 1.594116 -0.01093997 1.0
v -0.01497427 1.595025 -0.01350274 1.0
v -0.02490885 1.594379 -0.01625598 1.0
v -0.03446744 1.592649 -0.01899542 1.0
v -0.04406171 1.590355 -0.02193578 1.0
v -0.05354833 1.586786 -0.02478594 1.0
v -0.0627673 1.582039 -0.02687313 1.0
v -0.07159826 1.576259 -0.02834035 1.0
v -0.07981142 1.569081 -0.02959329 1.0
v -0.08677388 1.560655 -0.03084977 1.0
v -0.09236238 1.551238 -0.03183173 1.0
v -0.09642734 1.540977 -0.03246462 1.0
v -0.09886871 1.530408 -0.03273399 1.0
v -0.1000227 1.519776 -0.03264082 1.0
v -0.1000085 1.509132 -0.03176849 1.0
v -0.09892911 1.498854 -0.03089471 1.0
v -0.09698313 1.488678 -0.03141082 1.0
v -0.0938931 1.479333 -0.03385786 1.0
v -0.09021803 1.47025 -0.03633262 1.0
v -0.08672035 1.460874 -0.03705575 1.0
v -0.08343849 1.45139 -0.03679608 1.0
v -0.005290481 1.594116 -0.01093967 1.0
v -0.005290394 1.594116 -0.01093999 1.0
v -0.005290312 1.594116 -0.01094029 1.0
v -0.005290399 1.594116 -0.01093997 1.0
v -0.08342236 1.451393 -0.0366572 1.0
v -0.08334635 1.451411 -0.03677328 1.0
v -0.08336248 1.451408 -0.03691217 1.0
v -0.08343849 1.45139 -0.03679608 1.0
v 0.004607842 1.594116 -0.01035973 1.0
v 0.0132805 1.594093 -0.01621236 1.0
v 0.02169735 1.592555 -0.02232661 1.0
v 0.03006712 1.589882 -0.02820266 1.0
v 0.03837815 1.586747 -0.03352239 1.0
v 0.04684684 1.582393 -0.03812775 1.0
v 0.05551914 1.577186 -0.0421297 1.0
v 0.06375732 1.571511 -0.04546378 1.0
v 0.07108722 1.56504 -0.04818275 1.0
v 0.0771374 1.556982 -0.05021107 1.0
v 0.08206929 1.548079 -0.05133234 1.0
v 0.08587473 1.538595 -0.05145501 1.0
v 0.08848614 1.528754 -0.05074537 1.0
v 0.0902383 1.518531 -0.04938774 1.0
v 0.09142898 1.507987 -0.04721634 1.0
v 0.09157112 1.499475 -0.0448203 1.0
v 0.09104491 1.492311 -0.04315002 1.0
v 0.08874105 1.483176 -0.04278891 1.0
v 0.08615942 1.47275 -0.04233722 1.0
v 0.08425932 1.46145 -0.04004236 1.0
v 0.08282188 1.451401 -0.03690647 1.0
v 0.004607842 1.594116 -0.01035973 1.0
v 0.0132805 1.594093 -0.01621236 1.0
v 0.02169735 1.592555 -0.02232661 1.0
v 0.03006712 1.589882 -0.02820266 1.0
v 0.03837815 1.586747 -0.03352239 1.0
v 0.04684684 1.582393 -0.03812775 1.0
v 0.05551914 1.577186 -0.0421297 1.0
v 0.06375732 1.571511 -0.04546378 1.0
v 0.07108722 1.56504 -0.04818275 1.0
v 0.0771374 1.556982 -0.05021107 1.0
v 0.08206929 1.548079 -0.05133234 1.0
v 0.08587473 1.538595 -0.05145501 1.0
v 0.08848614 1.528754 -0.05074537 1.0
v 0.0902383 1.518531 -0.04938774 1.0
v 0.09142898 1.507987 -0.04721634 1.0
v 0.09157112 1.499475 -0.0448203 1.0
v 0.09104491 1.492311 -0.04315002 1.0
v 0.08874105 1.483176 -0.04278891 1.0
v 0.08615942 1.47275 -0.04233722 1.0
v 0.08425932 1.46145 -0.04004236 1.0
v 0.08282188 1.451401 -0.03690647 1.0
v 0.00460793 1.594116 -0.01035943 1.0
v 0.01408823 1.592696 -0.01322959 1.0
v 0.02293094 1.58975 -0.01604079 1.0
v 0.03166422 1.585814 -0.01877904 1.0
v 0.04017168 1.581822 -0.02134957 1.0
v 0.04816116 1.57728 -0.02356648 1.0
v 0.05565505 1.571936 -0.02542829 1.0
v 0.06261458 1.56595 -0.02699538 1.0
v 0.0686377 1.559442 -0.0283163 1.0
v 0.07381269 1.55224 -0.02923358 1.0
v 0.07820736 1.544506 -0.02989218 1.0
v 0.08175252 1.536401 -0.03032906 1.0
v 0.08444076 1.527739 -0.03054791 1.0
v 0.08636577 1.518686 -0.03058818 1.0
v 0.08744387 1.509485 -0.03027975 1.0
v 0.08772994 1.499908 -0.02979932 1.0
v 0.08734232 1.490356 -0.03042014 1.0
v 0.08616919 1.480883 -0.03261739 1.0
v 0.08480103 1.471305 -0.03525335 1.0
v 0.08382079 1.461385 -0.03649781 1.0
v 0.08280578 1.451404 -0.03676759 1.0
v 0.004608022 1.594116 -0.01035911 1.0
v 0.01506347 1.593644 -0.01012298 1.0
v 0.02537778 1.591643 -0.009769366 1.0
v 0.03530275 1.588659 -0.009474486 1.0
v 0.045117 1.585526 -0.009624597 1.0
v 0.05416572 1.581786 -0.01001895 1.0
v 0.06222807 1.576914 -0.009984041 1.0
v 0.06979305 1.570835 -0.009735191 1.0
v 0.07671739 1.563634 -0.009630548 1.0
v 0.08283069 1.556064 -0.009800423 1.0
v 0.08790397 1.547815 -0.01033743 1.0
v 0.09173049 1.538927 -0.01129824 1.0
v 0.09426706 1.52952 -0.01250332 1.0
v 0.09560415 1.520047 -0.01381789 1.0
v 0.09548493 1.510723 -0.01482715 1.0
v 0.09455168 1.499358 -0.01588049 1.0
v 0.09274391 1.486784 -0.01868815 1.0
v 0.09077061 1.477016 -0.02371785 1.0
v 0.08831766 1.468831 -0.02928429 1.0
v 0.08573899 1.460819 -0.03353788 1.0
v 0.08288182 1.451387 -0.03665147 1.0
v 0.004608022 1.594116 -0.01035911 1.0
v 0.01506347 1.593644 -0.01012298 1.0
v 0.02537778 1.591643 -0.009769366 1.0
v 0.03530275 1.588659 -0.009474486 1.0
v 0.045117 1.585526 -0.009624597 1.0
v 0.05416572 1.581786 -0.01001895 1.0
v 0.06222807 1.576914 -0.009984041 1.0
v 0.06979305 1.570835 -0.009735191 1.0
v 0.07671739 1.563634 -0.009630548 1.0
v 0.08283069 1.556064 -0.009800423 1.0
v 0.08790397 1.547815 -0.01033743 1.0
v 0.09173049 1.538927 -0.01129824 1.0
v 0.09426706 1.52952 -0.01250332 1.0
v 0.09560415 1.520047 -0.01381789 1.0
v 0.09548493 1.510723 -0.01482715 1.0
v 0.09455168 1.499358 -0.01588049 1.0
v 0.09274391 1.486784 -0.01868815 1.0
v 0.09077061 1.477016 -0.02371785 1.0
v 0.08831766 1.468831 -0.02928429 1.0
v 0.08573899 1.460819 -0.03353788 1.0
v 0.08288182 1.451387 -0.03665147 1.0
v 0.004607935 1.594116 -0.01035941 1.0
v 0.01425573 1.595041 -0.01310576 1.0
v 0.02414419 1.594449 -0.01605519 1.0
v 0.03370566 1.592727 -0.0188981 1.0
v 0.04332348 1.590451 -0.02179742 1.0
v 0.0528514 1.586899 -0.02458021 1.0
v 0.06209216 1.582164 -0.02668544 1.0
v 0.07093579 1.576396 -0.02820359 1.0
v 0.0791669 1.569232 -0.02949699 1.0
v 0.0861554 1.560807 -0.03077792 1.0
v 0.0917659 1.551388 -0.0317776 1.0
v 0.0958527 1.541121 -0.03242419 1.0
v 0.09831243 1.530535 -0.03270078 1.0
v 0.09947669 1.519893 -0.03261744 1.0
v 0.09947004 1.509225 -0.03176374 1.0
v 0.09839287 1.498925 -0.03090147 1.0
v 0.09644649 1.488739 -0.03141803 1.0
v 0.09334246 1.479309 -0.03388937 1.0
v 0.08967604 1.470276 -0.03636816 1.0
v 0.08617753 1.460884 -0.03708242 1.0
v 0.08289792 1.451384 -0.03679034 1.0
v 0.004607842 1.594116 -0.01035973 1.0
v 0.00460793 1.594116 -0.01035943 1.0
v 0.004608022 1.594116 -0.01035911 1.0
v 0.004607935 1.594116 -0.01035941 1.0
v 0.08282188 1.451401 -0.03690647 1.0
v 0.08280578 1.451404 -0.03676759 1.0
v 0.08288182 1.451387 -0.03665147 1.0
v 0.08289792 1.451384 -0.03679034 1.0
v 0.001919087 1.59439 -0.0110918 1.0
v -0.008186689 1.59497 -0.009807304 1.0
v -0.0182232 1.593504 -0.008421272 1.0
v -0.02776537 1.590725 -0.007058499 1.0
v -0.03714351 1.588096 -0.005931701 1.0
v -0.04631942 1.584785 -0.005239375 1.0
v -0.05526434 1.580505 -0.004727985 1.0
v -0.06354386 1.575361 -0.004371611 1.0
v -0.07097013 1.569538 -0.004188163 1.0
v -0.07754225 1.563053 -0.004206192 1.0
v -0.08350483 1.555585 -0.004630684 1.0
v -0.08839698 1.547281 -0.005650856 1.0
v -0.0918656 1.538265 -0.007134279 1.0
v -0.0940887 1.529017 -0.008875869 1.0
v -0.09534963 1.519721 -0.01072064 1.0
v -0.09564879 1.510217 -0.01255572 1.0
v -0.09513994 1.500426 -0.01445015 1.0
v -0.09389386 1.490643 -0.01691883 1.0
v -0.09185904 1.481117 -0.02009289 1.0
v -0.08951695 1.4717 -0.02365541 1.0
v -0.0872402 1.462283 -0.02692328 1.0
v 0.001919087 1.59439 -0.0110918 1.0
v -0.008186689 1.59497 -0.009807304 1.0
v -0.0182232 1.593504 -0.008421272 1.0
v -0.02776537 1.590725 -0.007058499 1.0
v -0.03714351 1.588096 -0.005931701 1.0
v -0.04631942 1.584785 -0.005239375 1.0
v -0.05526434 1.580505 -0.004727985 1.0
v -0.06354386 1.575361 -0.004371611 1.0
v -0.07097013 1.569538 -0.004188163 1.0
v -0.07754225 1.563053 -0.004206192 1.0
v -0.08350483 1.555585 -0.004630684 1.0
v -0.08839698 1.547281 -0.005650856 1.0
v -0.0918656 1.538265 -0.007134279 1.0
v -0.0940887 1.529017 -0.008875869 1.0
v -0.09534963 1.519721 -0.01072064 1.0
v -0.09564879 1.510217 -0.01255572 1.0
v -0.09513994 1.500426 -0.01445015 1.0
v -0.09389386 1.490643 -0.01691883 1.0
v -0.09185904 1.481117 -0.02009289 1.0
v -0.08951695 1.4717 -0.02365541 1.0
v -0.0872402 1.462283 -0.02692328 1.0
v 0.001919137 1.59439 -0.01109212 1.0
v -0.007590986 1.593925 -0.01297772 1.0
v -0.01639201 1.591425 -0.01484217 1.0
v -0.0251534 1.587639 -0.01662748 1.0
v -0.03397767 1.584164 -0.01818631 1.0
v -0.04229292 1.58037 -0.01952894 1.0
v -0.05010507 1.575896 -0.02081082 1.0
v -0.05742614 1.570756 -0.02211065 1.0
v -0.06403825 1.565109 -0.02327599 1.0
v -0.0700128 1.558781 -0.02417274 1.0
v -0.07562094 1.551522 -0.02484678 1.0
v -0.08005752 1.544228 -0.02538019 1.0
v -0.08345532 1.536464 -0.02587883 1.0
v -0.08610514 1.52799 -0.02630151 1.0
v -0.08804543 1.519165 -0.02657353 1.0
v -0.08912038 1.510144 -0.02662506 1.0
v -0.08947886 1.500773 -0.02659146 1.0
v -0.08940222 1.491382 -0.02664569 1.0
v -0.08881687 1.481783 -0.02675744 1.0
v -0.08804304 1.472022 -0.02689337 1.0
v -0.08718275 1.462296 -0.02705007 1.0
v 0.00191921 1.59439 -0.01109243 1.0
v -0.006952542 1.59523 -0.01604196 1.0
v -0.01567995 1.594068 -0.0212772 1.0
v -0.02442823 1.591512 -0.02623914 1.0
v -0.03349369 1.589031 -0.03050426 1.0
v -0.0423807 1.585884 -0.03400249 1.0
v -0.05077866 1.581941 -0.03722786 1.0
v -0.05893973 1.577169 -0.0402736 1.0
v -0.06680829 1.571342 -0.04290989 1.0
v -0.07397216 1.564289 -0.04485103 1.0
v -0.08000742 1.556597 -0.04587921 1.0
v -0.0849346 1.548238 -0.04607441 1.0
v -0.08856162 1.539256 -0.04566427 1.0
v -0.09111179 1.529735 -0.04474963 1.0
v -0.09275825 1.519871 -0.0433743 1.0
v -0.093322 1.510011 -0.04155492 1.0
v -0.0930605 1.500426 -0.03950004 1.0
v -0.0922419 1.490929 -0.03699283 1.0
v -0.09074987 1.481384 -0.03384402 1.0
v -0.08898868 1.471842 -0.03033341 1.0
v -0.08721983 1.462289 -0.02718472 1.0
v 0.00191921 1.59439 -0.01109243 1.0
v -0.006952542 1.59523 -0.01604196 1.0
v -0.01567995 1.594068 -0.0212772 1.0
v -0.02442823 1.591512 -0.02623914 1.0
v -0.03349369 1.589031 -0.03050426 1.0
v -0.0423807 1.585884 -0.03400249 1.0
v -0.05077866 1.581941 -0.03722786 1.0
v -0.05893973 1.577169 -0.0402736 1.0
v -0.06680829 1.571342 -0.04290989 1.0
v -0.07397216 1.564289 -0.04485103 1.0
v -0.08000742 1.556597 -0.04587921 1.0
v -0.0849346 1.548238 -0.04607441 1.0
v -0.08856162 1.539256 -0.04566427 1.0
v -0.09111179 1.529735 -0.04474963 1.0
v -0.09275825 1.519871 -0.0433743 1.0
v -0.093322 1.510011 -0.04155492 1.0
v -0.0930605 1.500426 -0.03950004 1.0
v -0.0922419 1.490929 -0.03699283 1.0
v -0.09074987 1.481384 -0.03384402 1.0
v -0.08898868 1.471842 -0.03033341 1.0
v -0.08721983 1.462289 -0.02718472 1.0
v 0.001919161 1.594391 -0.01109211 1.0
v -0.007548245 1.596275 -0.01287155 1.0
v -0.01751114 1.596148 -0.0148563 1.0
v -0.0270402 1.594597 -0.01667016 1.0
v -0.03665954 1.592963 -0.01824966 1.0
v -0.0464072 1.590299 -0.01971293 1.0
v -0.05593793 1.58655 -0.02114503 1.0
v -0.06505744 1.581774 -0.02253456 1.0
v -0.07374016 1.57577 -0.02382206 1.0
v -0.0815016 1.56856 -0.02488448 1.0
v -0.0878913 1.56066 -0.02566312 1.0
v -0.09327405 1.55129 -0.02634508 1.0
v -0.09697189 1.541057 -0.02691972 1.0
v -0.09909534 1.530761 -0.02732399 1.0
v -0.1000624 1.520427 -0.02752141 1.0
v -0.09985041 1.510084 -0.02748558 1.0
v -0.09872157 1.500078 -0.02735872 1.0
v -0.09673354 1.49019 -0.02726596 1.0
v -0.09379204 1.480718 -0.02717948 1.0
v -0.09046257 1.471521 -0.02709544 1.0
v -0.08727727 1.462276 -0.02705794 1.0
v 0.001919087 1.59439 -0.0110918 1.0
v 0.001919137 1.59439 -0.01109212 1.0
v 0.00191921 1.59439 -0.01109243 1.0
v 0.001919161 1.594391 -0.01109211 1.0
v -0.0872402 1.462283 -0.02692328 1.0
v -0.08718275 1.462296 -0.02705007 1.0
v -0.08721983 1.462289 -0.02718472 1.0
v -0.08727727 1.462276 -0.02705794 1.0
v -0.002605145 1.59439 -0.01148415 1.0
v 0.006465918 1.59523 -0.0160795 1.0
v 0.01540202 1.594049 -0.02094007 1.0
v 0.0240731 1.591493 -0.02563841 1.0
v 0.03278808 1.589118 -0.0298904 1.0
v 0.04155242 1.586031 -0.03359809 1.0
v 0.0502465 1.581966 -0.03700683 1.0
v 0.0585578 1.577102 -0.04003231 1.0
v 0.06637542 1.571306 -0.04257341 1.0
v 0.07348493 1.564311 -0.04447592 1.0
v 0.0795045 1.556637 -0.04550573 1.0
v 0.08440319 1.548331 -0.04572829 1.0
v 0.08799803 1.539427 -0.04538405 1.0
v 0.09054999 1.529906 -0.04456159 1.0
v 0.09220994 1.519978 -0.04326525 1.0
v 0.0927689 1.510084 -0.04150001 1.0
v 0.09250063 1.500482 -0.03948912 1.0
v 0.09168434 1.490984 -0.03702978 1.0
v 0.09019344 1.481409 -0.03393646 1.0
v 0.08842625 1.471813 -0.03045393 1.0
v 0.08667178 1.462268 -0.02720988 1.0
v -0.002605145 1.59439 -0.01148415 1.0
v 0.006465918 1.59523 -0.0160795 1.0
v 0.01540202 1.594049 -0.02094007 1.0
v 0.0240731 1.591493 -0.02563841 1.0
v 0.03278808 1.589118 -0.0298904 1.0
v 0.04155242 1.586031 -0.03359809 1.0
v 0.0502465 1.581966 -0.03700683 1.0
v 0.0585578 1.577102 -0.04003231 1.0
v 0.06637542 1.571306 -0.04257341 1.0
v 0.07348493 1.564311 -0.04447592 1.0
v 0.0795045 1.556637 -0.04550573 1.0
v 0.08440319 1.548331 -0.04572829 1.0
v 0.08799803 1.539427 -0.04538405 1.0
v 0.09054999 1.529906 -0.04456159 1.0
v 0.09220994 1.519978 -0.04326525 1.0
v 0.0927689 1.510084 -0.04150001 1.0
v 0.09250063 1.500482 -0.03948912 1.0
v 0.09168434 1.490984 -0.03702978 1.0
v 0.09019344 1.481409 -0.03393646 1.0
v 0.08842625 1.471813 -0.03045393 1.0
v 0.08667178 1.462268 -0.02720988 1.0
v -0.002605083 1.59439 -0.01148384 1.0
v 0.00697672 1.593922 -0.0129927 1.0
v 0.01585839 1.591431 -0.01447138 1.0
v 0.02467036 1.587652 -0.01600537 1.0
v 0.03348662 1.584182 -0.01761028 1.0
v 0.04176907 1.580395 -0.01917308 1.0
v 0.04957047 1.575923 -0.02058924 1.0
v 0.05690609 1.570782 -0.02184872 1.0
v 0.06353544 1.565136 -0.0229299 1.0
v 0.06951651 1.558809 -0.02379804 1.0
v 0.07512507 1.551545 -0.024476 1.0
v 0.07955997 1.544248 -0.02504037 1.0
v 0.08295103 1.536482 -0.0256056 1.0
v 0.08559038 1.528005 -0.02611621 1.0
v 0.08752139 1.519175 -0.02646209 1.0
v 0.08858911 1.510148 -0.02656357 1.0
v 0.08894082 1.500772 -0.0265731 1.0
v 0.08885731 1.491377 -0.02667672 1.0
v 0.08826432 1.481775 -0.02684702 1.0
v 0.08748583 1.472009 -0.02701339 1.0
v 0.08663508 1.462277 -0.02707522 1.0
v -0.002605046 1.59439 -0.01148351 1.0
v 0.007441204 1.594965 -0.009799402 1.0
v 0.01742704 1.593538 -0.007990193 1.0
v 0.02714775 1.59077 -0.006411409 1.0
v 0.03687191 1.588043 -0.005391961 1.0
v 0.04610904 1.584683 -0.004936966 1.0
v 0.05472801 1.580533 -0.00450624 1.0
v 0.06288245 1.575483 -0.00408658 1.0
v 0.07039683 1.569627 -0.003831237 1.0
v 0.07704052 1.563081 -0.003829639 1.0
v 0.08302035 1.555586 -0.004259762 1.0
v 0.08793708 1.547221 -0.005314824 1.0
v 0.09142292 1.538121 -0.006873992 1.0
v 0.09362183 1.528867 -0.008703685 1.0
v 0.09484966 1.519627 -0.01061701 1.0
v 0.09513804 1.510148 -0.01250357 1.0
v 0.09462192 1.500365 -0.01444302 1.0
v 0.09335995 1.490576 -0.01695986 1.0
v 0.09130955 1.481074 -0.02018737 1.0
v 0.08896492 1.471705 -0.02377612 1.0
v 0.08669292 1.462266 -0.02694843 1.0
v -0.002605046 1.59439 -0.01148351 1.0
v 0.007441204 1.594965 -0.009799402 1.0
v 0.01742704 1.593538 -0.007990193 1.0
v 0.02714775 1.59077 -0.006411409 1.0
v 0.03687191 1.588043 -0.005391961 1.0
v 0.04610904 1.584683 -0.004936966 1.0
v 0.05472801 1.580533 -0.00450624 1.0
v 0.06288245 1.575483 -0.00408658 1.0
v 0.07039683 1.569627 -0.003831237 1.0
v 0.07704052 1.563081 -0.003829639 1.0
v 0.08302035 1.555586 -0.004259762 1.0
v 0.08793708 1.547221 -0.005314824 1.0
v 0.09142292 1.538121 -0.006873992 1.0
v 0.09362183 1.528867 -0.008703685 1.0
v 0.09484966 1.519627 -0.01061701 1.0
v 0.09513804 1.510148 -0.01250357 1.0
v 0.09462192 1.500365 -0.01444302 1.0
v 0.09335995 1.490576 -0.01695986 1.0
v 0.09130955 1.481074 -0.02018737 1.0
v 0.08896492 1.471705 -0.02377612 1.0
v 0.08669292 1.462266 -0.02694843 1.0
v -0.002605108 1.594391 -0.01148382 1.0
v 0.006930402 1.596273 -0.0128862 1.0
v 0.01697068 1.596156 -0.01445888 1.0
v 0.02655048 1.594612 -0.01604445 1.0
v 0.03617337 1.592979 -0.01767209 1.0
v 0.04589239 1.59032 -0.01936198 1.0
v 0.05540404 1.586576 -0.02092382 1.0
v 0.06453416 1.581803 -0.02227017 1.0
v 0.07323682 1.575798 -0.02347475 1.0
v 0.08100894 1.568583 -0.02450753 1.0
v 0.0873998 1.560678 -0.02528949 1.0
v 0.09278031 1.551303 -0.02600274 1.0
v 0.09646993 1.541066 -0.02665243 1.0
v 0.09858145 1.530768 -0.02714906 1.0
v 0.09953822 1.52043 -0.02742017 1.0
v 0.09931783 1.510084 -0.02744001 1.0
v 0.09818173 1.500075 -0.02735904 1.0
v 0.09618699 1.490183 -0.02731293 1.0
v 0.09323868 1.480708 -0.02727681 1.0
v 0.08990535 1.471508 -0.02721667 1.0
v 0.08672962 1.462257 -0.02708309 1.0
v -0.002605145 1.59439 -0.01148415 1.0
v -0.002605083 1.59439 -0.01148384 1.0
v -0.002605046 1.59439 -0.01148351 1.0
v -0.002605108 1.594391 -0.01148382 1.0
v 0.08667178 1.462268 -0.02720988 1.0
v 0.08663508 1.462277 -0.02707522 1.0
v 0.08669292 1.462266 -0.02694843 1.0
v 0.08672962 1.462257 -0.02708309 1.0
v -0.02670718 1.590554 -0.005582834 1.0
v -0.01876672 1.593307 -0.01112236 1.0
v -0.01058474 1.594233 -0.01692309 1.0
v -0.002297167 1.593838 -0.02268714 1.0
v 0.006037312 1.593403 -0.02820854 1.0
v 0.01449698 1.592245 -0.03333651 1.0
v 0.02298123 1.590192 -0.03801617 1.0
v 0.03131793 1.587321 -0.04251436 1.0
v 0.03950771 1.583785 -0.04682788 1.0
v 0.04756496 1.579229 -0.05086236 1.0
v 0.05510003 1.573778 -0.05429846 1.0
v 0.06184993 1.567687 -0.05716021 1.0
v 0.06742831 1.561476 -0.05953793 1.0
v 0.07249781 1.55435 -0.0617177 1.0
v 0.07735328 1.545344 -0.06355457 1.0
v 0.08117582 1.535286 -0.06432261 1.0
v 0.08362056 1.525337 -0.06407449 1.0
v 0.08508949 1.515382 -0.06320892 1.0
v 0.0855697 1.505306 -0.06170925 1.0
v 0.08522788 1.496022 -0.05983885 1.0
v 0.08456534 1.48675 -0.05799459 1.0
v 0.08339485 1.477523 -0.05609668 1.0
v 0.08193073 1.467577 -0.05372576 1.0
v 0.08067545 1.457567 -0.05045168 1.0
v 0.07951079 1.44813 -0.04703495 1.0
v -0.02670718 1.590554 -0.005582834 1.0
v -0.01876672 1.593307 -0.01112236 1.0
v -0.01058474 1.594233 -0.01692309 1.0
v -0.002297167 1.593838 -0.02268714 1.0
v 0.006037312 1.593403 -0.02820854 1.0
v 0.01449698 1.592245 -0.03333651 1.0
v 0.02298123 1.590192 -0.03801617 1.0
v 0.03131793 1.587321 -0.04251436 1.0
v 0.03950771 1.583785 -0.04682788 1.0
v 0.04756496 1.579229 -0.05086236 1.0
v 0.05510003 1.573778 -0.05429846 1.0
v 0.06184993 1.567687 -0.05716021 1.0
v 0.06742831 1.561476 -0.05953793 1.0
v 0.07249781 1.55435 -0.0617177 1.0
v 0.07735328 1.545344 -0.06355457 1.0
v 0.08117582 1.535286 -0.06432261 1.0
v 0.08362056 1.525337 -0.06407449 1.0
v 0.08508949 1.515382 -0.06320892 1.0
v 0.0855697 1.505306 -0.06170925 1.0
v 0.08522788 1.496022 -0.05983885 1.0
v 0.08456534 1.48675 -0.05799459 1.0
v 0.08339485 1.477523 -0.05609668 1.0
v 0.08193073 1.467577 -0.05372576 1.0
v 0.08067545 1.457567 -0.05045168 1.0
v 0.07951079 1.44813 -0.04703495 1.0
v -0.02670704 1.590553 -0.005582541 1.0
v -0.01767448 1.592434 -0.00869592 1.0
v -0.008704228 1.59253 -0.01171301 1.0
v 0.000410214 1.591409 -0.01473954 1.0
v 0.00915571 1.589835 -0.01782764 1.0
v 0.01765208 1.587493 -0.02091522 1.0
v 0.0260863 1.584603 -0.0239085 1.0
v 0.03433334 1.581231 -0.02673458 1.0
v 0.04217434 1.577375 -0.02941198 1.0
v 0.04943412 1.572901 -0.03187016 1.0
v 0.05657955 1.567378 -0.03416962 1.0
v 0.06280644 1.561434 -0.03623192 1.0
v 0.068211 1.554985 -0.03845185 1.0
v 0.07276271 1.54801 -0.04090589 1.0
v 0.07656892 1.540486 -0.04312503 1.0
v 0.07956944 1.532497 -0.04463133 1.0
v 0.08176984 1.523898 -0.04557516 1.0
v 0.08324121 1.51495 -0.04616322 1.0
v 0.08388609 1.505851 -0.04630014 1.0
v 0.08378875 1.496367 -0.04614676 1.0
v 0.08328278 1.486713 -0.04635321 1.0
v 0.08231765 1.477259 -0.04703646 1.0
v 0.08121979 1.467604 -0.04765545 1.0
v 0.08038095 1.457854 -0.04753479 1.0
v 0.07949673 1.448145 -0.04689658 1.0
v -0.02670697 1.590554 -0.005582226 1.0
v -0.01707648 1.593438 -0.006151013 1.0
v -0.007060477 1.594839 -0.006658633 1.0
v 0.003032505 1.59503 -0.007228923 1.0
v 0.01303856 1.594131 -0.007994797 1.0
v 0.02271179 1.592018 -0.009051459 1.0
v 0.03208366 1.589348 -0.0104395 1.0
v 0.04130177 1.586351 -0.01188835 1.0
v 0.05023577 1.582728 -0.01335344 1.0
v 0.05854477 1.578346 -0.01479425 1.0
v 0.06635844 1.572907 -0.01622181 1.0
v 0.07366927 1.566375 -0.01791277 1.0
v 0.08037204 1.558318 -0.020331 1.0
v 0.08542424 1.549679 -0.02329056 1.0
v 0.08866847 1.54162 -0.02598172 1.0
v 0.09087978 1.533468 -0.02822282 1.0
v 0.0923159 1.52446 -0.03020683 1.0
v 0.09292452 1.515114 -0.03200818 1.0
v 0.09262932 1.505757 -0.03348925 1.0
v 0.09155621 1.495658 -0.03479651 1.0
v 0.08981485 1.485637 -0.03669188 1.0
v 0.08726995 1.475801 -0.03950882 1.0
v 0.08453924 1.466774 -0.04259128 1.0
v 0.08203103 1.45773 -0.04509778 1.0
v 0.079575 1.44814 -0.04678081 1.0
v -0.02670697 1.590554 -0.005582226 1.0
v -0.01707648 1.593438 -0.006151013 1.0
v -0.007060477 1.594839 -0.006658633 1.0
v 0.003032505 1.59503 -0.007228923 1.0
v 0.01303856 1.594131 -0.007994797 1.0
v 0.02271179 1.592018 -0.009051459 1.0
v 0.03208366 1.589348 -0.0104395 1.0
v 0.04130177 1.586351 -0.01188835 1.0
v 0.05023577 1.582728 -0.01335344 1.0
v 0.05854477 1.578346 -0.01479425 1.0
v 0.06635844 1.572907 -0.01622181 1.0
v 0.07366927 1.566375 -0.01791277 1.0
v 0.08037204 1.558318 -0.020331 1.0
v 0.08542424 1.549679 -0.02329056 1.0
v 0.08866847 1.54162 -0.02598172 1.0
v 0.09087978 1.533468 -0.02822282 1.0
v 0.0923159 1.52446 -0.03020683 1.0
v 0.09292452 1.515114 -0.03200818 1.0
v 0.09262932 1.505757 -0.03348925 1.0
v 0.09155621 1.495658 -0.03479651 1.0
v 0.08981485 1.485637 -0.03669188 1.0
v 0.08726995 1.475801 -0.03950882 1.0
v 0.08453924 1.466774 -0.04259128 1.0
v 0.08203103 1.45773 -0.04509778 1.0
v 0.079575 1.44814 -0.04678081 1.0
v -0.02670711 1.590554 -0.005582518 1.0
v -0.01816872 1.59431 -0.008577448 1.0
v -0.008940986 1.596542 -0.01186872 1.0
v 0.0003251243 1.597459 -0.01517653 1.0
v 0.009920158 1.597699 -0.01837569 1.0
v 0.01955669 1.596769 -0.02147275 1.0
v 0.0289786 1.594937 -0.02454717 1.0
v 0.03828636 1.592442 -0.02766814 1.0
v 0.04756914 1.589138 -0.03076934 1.0
v 0.05667561 1.584674 -0.03378645 1.0
v 0.06487893 1.579307 -0.03635065 1.0
v 0.07271276 1.572628 -0.03884106 1.0
v 0.07958936 1.564808 -0.04141708 1.0
v 0.08515934 1.556018 -0.04410236 1.0
v 0.08945283 1.546478 -0.04641126 1.0
v 0.09248617 1.536258 -0.0479141 1.0
v 0.09416662 1.525899 -0.04870617 1.0
v 0.0947728 1.515546 -0.04905388 1.0
v 0.09431294 1.505212 -0.04889835 1.0
v 0.09299535 1.495313 -0.0484886 1.0
v 0.0910974 1.485673 -0.04833325 1.0
v 0.08834714 1.476064 -0.04856904 1.0
v 0.08525017 1.466746 -0.04866159 1.0
v 0.08232553 1.457444 -0.04801467 1.0
v 0.07958907 1.448125 -0.04691917 1.0
v -0.02670718 1.590554 -0.005582834 1.0
v -0.02670704 1.590553 -0.005582541 1.0
v -0.02670697 1.590554 -0.005582226 1.0
v -0.02670711 1.590554 -0.005582518 1.0
v 0.07951079 1.44813 -0.04703495 1.0
v 0.07949673 1.448145 -0.04689658 1.0
v 0.079575 1.44814 -0.04678081 1.0
v 0.07958907 1.448125 -0.04691917 1.0
v 0.02621375 1.590546 -0.005575723 1.0
v 0.01657812 1.593418 -0.006132313 1.0
v 0.006559075 1.594821 -0.006646173 1.0
v -0.003525557 1.595025 -0.007222158 1.0
v -0.01352836 1.594107 -0.007986758 1.0
v -0.02319254 1.591962 -0.009042048 1.0
v -0.03255683 1.589279 -0.01042951 1.0
v -0.0417746 1.586295 -0.0118781 1.0
v -0.05071129 1.582693 -0.01334367 1.0
v -0.05902682 1.578335 -0.01478632 1.0
v -0.0668446 1.572904 -0.01621511 1.0
v -0.0741622 1.566383 -0.01790754 1.0
v -0.08087527 1.558336 -0.0203275 1.0
v -0.08593374 1.5497 -0.02328826 1.0
v -0.08918416 1.541645 -0.02598232 1.0
v -0.09141513 1.533498 -0.02823075 1.0
v -0.09287693 1.524494 -0.03022339 1.0
v -0.09349962 1.515151 -0.03202936 1.0
v -0.09319194 1.505794 -0.03350685 1.0
v -0.09210288 1.495695 -0.03480823 1.0
v -0.0903533 1.485673 -0.03670003 1.0
v -0.08780743 1.475837 -0.03951571 1.0
v -0.08507896 1.466808 -0.04259978 1.0
v -0.08258219 1.457762 -0.04511137 1.0
v -0.08013252 1.44817 -0.04679694 1.0
v 0.02621375 1.590546 -0.005575723 1.0
v 0.01657812 1.593418 -0.006132313 1.0
v 0.006559075 1.594821 -0.006646173 1.0
v -0.003525557 1.595025 -0.007222158 1.0
v -0.01352836 1.594107 -0.007986758 1.0
v -0.02319254 1.591962 -0.009042048 1.0
v -0.03255683 1.589279 -0.01042951 1.0
v -0.0417746 1.586295 -0.0118781 1.0
v -0.05071129 1.582693 -0.01334367 1.0
v -0.05902682 1.578335 -0.01478632 1.0
v -0.0668446 1.572904 -0.01621511 1.0
v -0.0741622 1.566383 -0.01790754 1.0
v -0.08087527 1.558336 -0.0203275 1.0
v -0.08593374 1.5497 -0.02328826 1.0
v -0.08918416 1.541645 -0.02598232 1.0
v -0.09141513 1.533498 -0.02823075 1.0
v -0.09287693 1.524494 -0.03022339 1.0
v -0.09349962 1.515151 -0.03202936 1.0
v -0.09319194 1.505794 -0.03350685 1.0
v -0.09210288 1.495695 -0.03480823 1.0
v -0.0903533 1.485673 -0.03670003 1.0
v -0.08780743 1.475837 -0.03951571 1.0
v -0.08507896 1.466808 -0.04259978 1.0
v -0.08258219 1.457762 -0.04511137 1.0
v -0.08013252 1.44817 -0.04679694 1.0
v 0.02621382 1.590546 -0.00557604 1.0
v 0.01718063 1.592434 -0.008683681 1.0
v 0.008213022 1.592531 -0.01170568 1.0
v -0.000901446 1.591409 -0.01473477 1.0
v -0.009644406 1.589837 -0.01783038 1.0
v -0.01813767 1.587496 -0.02093019 1.0
v -0.02657229 1.584608 -0.02393012 1.0
v -0.03482258 1.581239 -0.02675399 1.0
v -0.04266716 1.577388 -0.02942682 1.0
v -0.04992987 1.572919 -0.03187882 1.0
v -0.05707603 1.567395 -0.03417493 1.0
v -0.0633054 1.561452 -0.0362329 1.0
v -0.06871604 1.555003 -0.03844954 1.0
v -0.07327367 1.54803 -0.04090446 1.0
v -0.07708784 1.540507 -0.04312769 1.0
v -0.08010343 1.532517 -0.04463775 1.0
v -0.08232047 1.523922 -0.04558424 1.0
v -0.08380044 1.514986 -0.04617352 1.0
v -0.0844404 1.505893 -0.04631203 1.0
v -0.08433232 1.496407 -0.04615616 1.0
v -0.08382063 1.486751 -0.04636083 1.0
v -0.08285617 1.477295 -0.04704408 1.0
v -0.08176079 1.467638 -0.04766492 1.0
v -0.08092853 1.457885 -0.04754594 1.0
v -0.08005385 1.448175 -0.04691245 1.0
v 0.02621396 1.590546 -0.005576331 1.0
v 0.01827375 1.593326 -0.01110269 1.0
v 0.0100983 1.594253 -0.01690765 1.0
v 0.00180649 1.593844 -0.02268042 1.0
v -0.006532013 1.593431 -0.028204 1.0
v -0.01500185 1.592306 -0.03333388 1.0
v -0.02349548 1.59027 -0.03801481 1.0
v -0.03183568 1.587394 -0.04251438 1.0
v -0.04002715 1.583846 -0.04682896 1.0
v -0.04808248 1.579275 -0.05086376 1.0
v -0.05561412 1.573814 -0.05429908 1.0
v -0.06235903 1.567713 -0.05715925 1.0
v -0.06793354 1.561496 -0.0595349 1.0
v -0.07300723 1.554374 -0.0617152 1.0
v -0.07787143 1.545372 -0.06355551 1.0
v -0.08170152 1.535319 -0.06432776 1.0
v -0.08415551 1.525372 -0.06408431 1.0
v -0.08562966 1.515416 -0.06322134 1.0
v -0.08611323 1.50534 -0.06172203 1.0
v -0.08576671 1.496056 -0.05984862 1.0
v -0.08510202 1.486785 -0.05800233 1.0
v -0.08393469 1.477558 -0.05610413 1.0
v -0.08247364 1.467611 -0.05373501 1.0
v -0.08121909 1.457601 -0.05046342 1.0
v -0.08006746 1.44816 -0.04705087 1.0
v 0.02621396 1.590546 -0.005576331 1.0
v 0.01827375 1.593326 -0.01110269 1.0
v 0.0100983 1.594253 -0.01690765 1.0
v 0.00180649 1.593844 -0.02268042 1.0
v -0.006532013 1.593431 -0.028204 1.0
v -0.01500185 1.592306 -0.03333388 1.0
v -0.02349548 1.59027 -0.03801481 1.0
v -0.03183568 1.587394 -0.04251438 1.0
v -0.04002715 1.583846 -0.04682896 1.0
v -0.04808248 1.579275 -0.05086376 1.0
v -0.05561412 1.573814 -0.05429908 1.0
v -0.06235903 1.567713 -0.05715925 1.0
v -0.06793354 1.561496 -0.0595349 1.0
v -0.07300723 1.554374 -0.0617152 1.0
v -0.07787143 1.545372 -0.06355551 1.0
v -0.08170152 1.535319 -0.06432776 1.0
v -0.08415551 1.525372 -0.06408431 1.0
v -0.08562966 1.515416 -0.06322134 1.0
v -0.08611323 1.50534 -0.06172203 1.0
v -0.08576671 1.496056 -0.05984862 1.0
v -0.08510202 1.486785 -0.05800233 1.0
v -0.08393469 1.477558 -0.05610413 1.0
v -0.08247364 1.467611 -0.05373501 1.0
v -0.08121909 1.457601 -0.05046342 1.0
v -0.08006746 1.44816 -0.04705087 1.0
v 0.02621389 1.590546 -0.005576014 1.0
v 0.01767124 1.59431 -0.00855132 1.0
v 0.008444354 1.596543 -0.01184815 1.0
v -0.0008176202 1.597459 -0.01516781 1.0
v -0.01041597 1.597701 -0.01836038 1.0
v -0.02005671 1.596772 -0.02144573 1.0
v -0.02948003 1.594941 -0.0245142 1.0
v -0.0387877 1.59245 -0.02763849 1.0
v -0.04807127 1.589151 -0.03074581 1.0
v -0.05717943 1.584691 -0.03377125 1.0
v -0.06538268 1.579323 -0.03633926 1.0
v -0.07321582 1.572644 -0.03883389 1.0
v -0.08009276 1.564829 -0.04141285 1.0
v -0.0856673 1.556044 -0.04409901 1.0
v -0.08996775 1.54651 -0.04641013 1.0
v -0.09301321 1.5363 -0.04792076 1.0
v -0.09471197 1.525944 -0.04872346 1.0
v -0.09532885 1.515581 -0.04907717 1.0
v -0.09486476 1.505241 -0.04891684 1.0
v -0.09353727 1.495345 -0.04850069 1.0
v -0.0916347 1.485708 -0.04834153 1.0
v -0.08888596 1.4761 -0.04857577 1.0
v -0.08579181 1.466781 -0.04866987 1.0
v -0.08287276 1.457477 -0.04802884 1.0
v -0.08014613 1.448155 -0.04693536 1.0
v 0.02621375 1.590546 -0.005575723 1.0
v 0.02621382 1.590546 -0.00557604 1.0
v 0.02621396 1.590546 -0.005576331 1.0
v 0.02621389 1.590546 -0.005576014 1.0
v -0.08013252 1.44817 -0.04679694 1.0
v -0.08005385 1.448175 -0.04691245 1.0
v -0.08006746 1.44816 -0.04705087 1.0
v -0.08014613 1.448155 -0.04693536 1.0
v 0.07789396 1.45088 -0.05423104 1.0
v 0.08249371 1.460674 -0.05126446 1.0
v 0.08537401 1.47029 -0.04923762 1.0
v 0.08706304 1.479423 -0.04822199 1.0
v 0.08802179 1.48855 -0.04930923 1.0
v 0.08748639 1.495365 -0.05247422 1.0
v 0.08638062 1.499597 -0.05606913 1.0
v 0.08520867 1.507575 -0.05894892 1.0
v 0.08342393 1.518411 -0.06208205 1.0
v 0.07789396 1.45088 -0.05423104 1.0
v 0.08249371 1.460674 -0.05126446 1.0
v 0.08537401 1.47029 -0.04923762 1.0
v 0.08706304 1.479423 -0.04822199 1.0
v 0.08802179 1.48855 -0.04930923 1.0
v 0.08748639 1.495365 -0.05247422 1.0
v 0.08638062 1.499597 -0.05606913 1.0
v 0.08520867 1.507575 -0.05894892 1.0
v 0.08342393 1.518411 -0.06208205 1.0
v 0.07789374 1.45088 -0.05423124 1.0
v 0.0767976 1.45984 -0.05614974 1.0
v 0.07523658 1.46801 -0.05766685 1.0
v 0.07396945 1.477056 -0.05938449 1.0
v 0.07373593 1.485534 -0.06157677 1.0
v 0.07468598 1.493708 -0.06389688 1.0
v 0.07660399 1.501806 -0.06496044 1.0
v 0.07950886 1.510053 -0.06380123 1.0
v 0.08333459 1.518445 -0.06215579 1.0
v 0.07789373 1.45088 -0.05423152 1.0
v 0.07648847 1.457331 -0.06326395 1.0
v 0.07479545 1.464478 -0.07056423 1.0
v 0.0734661 1.472386 -0.07610518 1.0
v 0.07333967 1.480193 -0.07987966 1.0
v 0.07449462 1.490507 -0.08083163 1.0
v 0.07666401 1.503754 -0.07821638 1.0
v 0.07960446 1.512777 -0.07120001 1.0
v 0.08333311 1.518483 -0.0622706 1.0
v 0.07789373 1.45088 -0.05423152 1.0
v 0.07648847 1.457331 -0.06326395 1.0
v 0.07479545 1.464478 -0.07056423 1.0
v 0.0734661 1.472386 -0.07610518 1.0
v 0.07333967 1.480193 -0.07987966 1.0
v 0.07449462 1.490507 -0.08083163 1.0
v 0.07666401 1.503754 -0.07821638 1.0
v 0.07960446 1.512777 -0.07120001 1.0
v 0.08333311 1.518483 -0.0622706 1.0
v 0.07789395 1.45088 -0.05423132 1.0
v 0.08218459 1.458164 -0.05837868 1.0
v 0.08493288 1.466757 -0.06213499 1.0
v 0.08655969 1.474753 -0.06494269 1.0
v 0.08762553 1.483209 -0.06761212 1.0
v 0.08729503 1.492164 -0.06940898 1.0
v 0.08644064 1.501545 -0.06932506 1.0
v 0.08530427 1.510299 -0.06634771 1.0
v 0.08342246 1.518449 -0.06219686 1.0
v 0.07789396 1.45088 -0.05423104 1.0
v 0.07789374 1.45088 -0.05423124 1.0
v 0.07789373 1.45088 -0.05423152 1.0
v 0.07789395 1.45088 -0.05423132 1.0
v 0.08342393 1.518411 -0.06208205 1.0
v 0.08333459 1.518445 -0.06215579 1.0
v 0.08333311 1.518483 -0.0622706 1.0
v 0.08342246 1.518449 -0.06219686 1.0
v -0.0276731 1.594066 -0.05864213 1.0
v -0.03445687 1.591073 -0.06539648 1.0
v -0.04077678 1.586408 -0.07162657 1.0
v -0.04684737 1.5805 -0.07626465 1.0
v -0.05340323 1.574617 -0.07944193 1.0
v -0.0602344 1.568077 -0.08138029 1.0
v -0.06701095 1.56052 -0.08276802 1.0
v -0.07306857 1.552019 -0.08393297 1.0
v -0.07816955 1.543247 -0.08454376 1.0
v -0.08268537 1.534055 -0.08479492 1.0
v -0.08669252 1.524454 -0.08487993 1.0
v -0.09020097 1.514574 -0.08507536 1.0
v -0.09299356 1.50419 -0.08545893 1.0
v -0.09496254 1.494816 -0.08525358 1.0
v -0.09662095 1.486891 -0.08415011 1.0
v -0.0983972 1.479056 -0.08221909 1.0
v -0.1005659 1.469319 -0.07991365 1.0
v -0.1026129 1.457622 -0.07791901 1.0
v -0.1036712 1.446219 -0.07653653 1.0
v -0.1040248 1.436159 -0.07522301 1.0
v -0.1042968 1.427489 -0.07375606 1.0
v -0.105066 1.4201 -0.07213923 1.0
v -0.1067724 1.412016 -0.07036462 1.0
v -0.1092497 1.403186 -0.06851433 1.0
v -0.1120802 1.394862 -0.06702405 1.0
v -0.1156394 1.386402 -0.06560822 1.0
v -0.1199024 1.376974 -0.06442294 1.0
v -0.1246199 1.365643 -0.06392509 1.0
v -0.1288514 1.354306 -0.06447953 1.0
v -0.1326353 1.343846 -0.06575434 1.0
v -0.1361179 1.333942 -0.06743681 1.0
v -0.1393842 1.324517 -0.06931039 1.0
v -0.1427278 1.315056 -0.07151915 1.0
v -0.1461277 1.304688 -0.07424374 1.0
v -0.1491784 1.293301 -0.07764935 1.0
v -0.1513132 1.28074 -0.08203376 1.0
v -0.1521788 1.270503 -0.08629372 1.0
v -0.1526814 1.262871 -0.08978397 1.0
v -0.15364 1.255404 -0.09292478 1.0
v -0.1551054 1.248299 -0.09558949 1.0
v -0.1570915 1.239184 -0.09868651 1.0
v -0.1589811 1.228374 -0.102286 1.0
v -0.1601512 1.218225 -0.105727 1.0
v -0.1610586 1.209445 -0.1087594 1.0
v -0.1620898 1.201935 -0.1112397 1.0
v -0.1636785 1.194083 -0.1134825 1.0
v -0.1659203 1.184976 -0.1158989 1.0
v -0.1683173 1.174998 -0.1185329 1.0
v -0.1703579 1.165413 -0.1210928 1.0
v -0.1722807 1.156038 -0.1236112 1.0
v -0.1741753 1.146868 -0.1260621 1.0
v -0.1762166 1.13766 -0.1284727 1.0
v -0.1783266 1.127587 -0.1311453 1.0
v -0.1800909 1.119149 -0.1333742 1.0
v -0.1820922 1.112653 -0.1348725 1.0
v -0.1849656 1.106929 -0.1357631 1.0
v -0.1899176 1.099627 -0.136525 1.0
v -0.1959905 1.091093 -0.1373316 1.0
v -0.2021616 1.080922 -0.1386064 1.0
v -0.2064968 1.070434 -0.1404744 1.0
v -0.2093627 1.060882 -0.1425029 1.0
v -0.2119647 1.052279 -0.144324 1.0
v -0.2158078 1.043497 -0.1458616 1.0
v -0.220233 1.034888 -0.1471508 1.0
v -0.2250674 1.02631 -0.1482643 1.0
v -0.2302461 1.01787 -0.1491881 1.0
v -0.2362476 1.010009 -0.1495904 1.0
v -0.0276731 1.594066 -0.05864213 1.0
v -0.03445687 1.591073 -0.06539648 1.0
v -0.04077678 1.586408 -0.07162657 1.0
v -0.04684737 1.5805 -0.07626465 1.0
v -0.05340323 1.574617 -0.07944193 1.0
v -0.0602344 1.568077 -0.08138029 1.0
v -0.06701095 1.56052 -0.08276802 1.0
v -0.07306857 1.552019 -0.08393297 1.0
v -0.07816955 1.543247 -0.08454376 1.0
v -0.08268537 1.534055 -0.08479492 1.0
v -0.08669252 1.524454 -0.08487993 1.0
v -0.09020097 1.514574 -0.08507536 1.0
v -0.09299356 1.50419 -0.08545893 1.0
v -0.09496254 1.494816 -0.08525358 1.0
v -0.09662095 1.486891 -0.08415011 1.0
v -0.0983972 1.479056 -0.08221909 1.0
v -0.1005659 1.469319 -0.07991365 1.0
v -0.1026129 1.457622 -0.07791901 1.0
v -0.1036712 1.446219 -0.07653653 1.0
v -0.1040248 1.436159 -0.07522301 1.0
v -0.1042968 1.427489 -0.07375606 1.0
v -0.105066 1.4201 -0.07213923 1.0
v -0.1067724 1.412016 -0.07036462 1.0
v -0.1092497 1.403186 -0.06851433 1.0
v -0.1120802 1.394862 -0.06702405 1.0
v -0.1156394 1.386402 -0.06560822 1.0
v -0.1199024 1.376974 -0.06442294 1.0
v -0.1246199 1.365643 -0.06392509 1.0
v -0.1288514 1.354306 -0.06447953 1.0
v -0.1326353 1.343846 -0.06575434 1.0
v -0.1361179 1.333942 -0.06743681 1.0
v -0.1393842 1.324517 -0.06931039 1.0
v -0.1427278 1.315056 -0.07151915 1.0
v -0.1461277 1.304688 -0.07424374 1.0
v -0.1491784 1.293301 -0.07764935 1.0
v -0.1513132 1.28074 -0.08203376 1.0
v -0.1521788 1.270503 -0.08629372 1.0
v -0.1526814 1.262871 -0.08978397 1.0
v -0.15364 1.255404 -0.09292478 1.0
v -0.1551054 1.248299 -0.09558949 1.0
v -0.1570915 1.239184 -0.09868651 1.0
v -0.1589811 1.228374 -0.102286 1.0
v -0.1601512 1.218225 -0.105727 1.0
v -0.1610586 1.209445 -0.1087594 1.0
v -0.1620898 1.201935 -0.1112397 1.0
v -0.1636785 1.194083 -0.1134825 1.0
v -0.1659203 1.184976 -0.1158989 1.0
v -0.1683173 1.174998 -0.1185329 1.0
v -0.1703579 1.165413 -0.1210928 1.0
v -0.1722807 1.156038 -0.1236112 1.0
v -0.1741753 1.146868 -0.1260621 1.0
v -0.1762166 1.13766 -0.1284727 1.0
v -0.1783266 1.127587 -0.1311453 1.0
v -0.1800909 1.119149 -0.1333742 1.0
v -0.1820922 1.112653 -0.1348725 1.0
v -0.1849656 1.106929 -0.1357631 1.0
v -0.1899176 1.099627 -0.136525 1.0
v -0.1959905 1.091093 -0.1373316 1.0
v -0.2021616 1.080922 -0.1386064 1.0
v -0.2064968 1.070434 -0.1404744 1.0
v -0.2093627 1.060882 -0.1425029 1.0
v -0.2119647 1.052279 -0.144324 1.0
v -0.2158078 1.043497 -0.1458616 1.0
v -0.220233 1.034888 -0.1471508 1.0
v -0.2250674 1.02631 -0.1482643 1.0
v -0.2302461 1.01787 -0.1491881 1.0
v -0.2362476 1.010009 -0.1495904 1.0
v -0.02767271 1.594066 -0.05864238 1.0
v -0.03329258 1.590678 -0.06607949 1.0
v -0.03828878 1.585659 -0.07285479 1.0
v -0.04319395 1.579117 -0.07826741 1.0
v -0.04888394 1.572335 -0.08254728 1.0
v -0.05470369 1.565095 -0.08548813 1.0
v -0.06012339 1.557318 -0.08773081 1.0
v -0.06468382 1.54902 -0.08972221 1.0
v -0.06852524 1.540261 -0.0912777 1.0
v -0.07185177 1.531182 -0.0924955 1.0
v -0.07472233 1.521898 -0.09354877 1.0
v -0.07709614 1.512427 -0.0945739 1.0
v -0.07864262 1.502957 -0.09552947 1.0
v -0.07978503 1.493353 -0.09614531 1.0
v -0.08105879 1.483702 -0.09599228 1.0
v -0.08255289 1.47424 -0.0948061 1.0
v -0.08393046 1.464764 -0.09310268 1.0
v -0.08478541 1.455155 -0.09160197 1.0
v -0.08479761 1.445548 -0.09051432 1.0
v -0.0843479 1.435716 -0.0895895 1.0
v -0.08400995 1.425685 -0.0886251 1.0
v -0.08441125 1.415613 -0.08734561 1.0
v -0.08558094 1.405735 -0.08556545 1.0
v -0.08740087 1.395792 -0.08362104 1.0
v -0.0898227 1.385843 -0.08194894 1.0
v -0.09295658 1.376181 -0.08036394 1.0
v -0.0964022 1.366786 -0.07909792 1.0
v -0.0997633 1.357167 -0.0785329 1.0
v -0.102881 1.34735 -0.07891334 1.0
v -0.1058672 1.337672 -0.07992502 1.0
v -0.1087448 1.328154 -0.08128063 1.0
v -0.1115652 1.318715 -0.08276194 1.0
v -0.1145124 1.309193 -0.08440106 1.0
v -0.1173395 1.299817 -0.08629368 1.0
v -0.119731 1.290514 -0.08848692 1.0
v -0.1213423 1.281126 -0.09113612 1.0
v -0.1221925 1.271737 -0.09426852 1.0
v -0.1229557 1.262373 -0.09747913 1.0
v -0.124368 1.252988 -0.1003512 1.0
v -0.1265495 1.243631 -0.1028071 1.0
v -0.128948 1.234295 -0.1051455 1.0
v -0.131002 1.224914 -0.1076693 1.0
v -0.132606 1.21551 -0.1104012 1.0
v -0.1342253 1.2061 -0.1131435 1.0
v -0.1363063 1.196731 -0.1157074 1.0
v -0.1390202 1.18746 -0.118007 1.0
v -0.1420677 1.178257 -0.1201667 1.0
v -0.1450403 1.169037 -0.1223709 1.0
v -0.1478299 1.159783 -0.1246641 1.0
v -0.1505906 1.150526 -0.1269771 1.0
v -0.1534036 1.141281 -0.1292741 1.0
v -0.156362 1.132069 -0.1315137 1.0
v -0.159149 1.122825 -0.133811 1.0
v -0.1621357 1.113618 -0.1360427 1.0
v -0.1662761 1.10477 -0.1378242 1.0
v -0.1720269 1.096744 -0.1388728 1.0
v -0.1786696 1.089379 -0.139461 1.0
v -0.1854073 1.082107 -0.1400095 1.0
v -0.1915366 1.074374 -0.1409041 1.0
v -0.1964821 1.065912 -0.1424099 1.0
v -0.2007412 1.057129 -0.1442361 1.0
v -0.2052326 1.048432 -0.1459443 1.0
v -0.2106487 1.040194 -0.1471771 1.0
v -0.2165579 1.032261 -0.1481211 1.0
v -0.2227309 1.024513 -0.1488917 1.0
v -0.2291448 1.016948 -0.1494898 1.0
v -0.2361094 1.009871 -0.1496314 1.0
v -0.02767234 1.594066 -0.0586427 1.0
v -0.03223505 1.590923 -0.06697369 1.0
v -0.03617572 1.58607 -0.074759 1.0
v -0.04024629 1.579311 -0.08151481 1.0
v -0.04546677 1.572062 -0.08739778 1.0
v -0.05086684 1.564369 -0.09189926 1.0
v -0.0555679 1.556532 -0.09553803 1.0
v -0.05936215 1.548412 -0.09889427 1.0
v -0.06267268 1.539569 -0.1018864 1.0
v -0.06549516 1.530534 -0.1044993 1.0
v -0.06788952 1.521502 -0.106895 1.0
v -0.069702 1.512408 -0.1091305 1.0
v -0.07055692 1.503419 -0.1111273 1.0
v -0.07141836 1.493202 -0.1129115 1.0
v -0.07287738 1.481526 -0.1139066 1.0
v -0.074666 1.469965 -0.113573 1.0
v -0.07566013 1.46036 -0.1126892 1.0
v -0.07556923 1.452479 -0.1120722 1.0
v -0.07472502 1.44411 -0.1116926 1.0
v -0.0737386 1.434378 -0.1114853 1.0
v -0.07315563 1.423267 -0.1112578 1.0
v -0.07353482 1.410979 -0.1105451 1.0
v -0.07434385 1.399624 -0.1091447 1.0
v -0.07551047 1.38923 -0.1076171 1.0
v -0.07741898 1.378483 -0.1062689 1.0
v -0.07999331 1.368252 -0.1049763 1.0
v -0.08256088 1.359155 -0.1040299 1.0
v -0.08438712 1.351759 -0.10378 1.0
v -0.08616887 1.344202 -0.1042506 1.0
v -0.08819064 1.335806 -0.1052135 1.0
v -0.09033559 1.32689 -0.1064587 1.0
v -0.09256358 1.317499 -0.1077812 1.0
v -0.09480301 1.30822 -0.1090387 1.0
v -0.09678797 1.29989 -0.1102795 1.0
v -0.09826107 1.292495 -0.1114539 1.0
v -0.09901089 1.28619 -0.112512 1.0
v -0.09946414 1.277652 -0.1145842 1.0
v -0.1000876 1.266538 -0.1175487 1.0
v -0.1015474 1.25516 -0.1201587 1.0
v -0.1040499 1.243431 -0.1223786 1.0
v -0.1064587 1.233736 -0.1238964 1.0
v -0.1083058 1.225676 -0.1252218 1.0
v -0.1100546 1.216904 -0.1270579 1.0
v -0.1121036 1.206764 -0.1292875 1.0
v -0.1149772 1.195429 -0.1316824 1.0
v -0.1186131 1.184616 -0.1337495 1.0
v -0.1222587 1.175186 -0.1353485 1.0
v -0.1256003 1.166597 -0.1368008 1.0
v -0.1289608 1.157546 -0.1384811 1.0
v -0.1323839 1.148276 -0.1402293 1.0
v -0.1359414 1.138822 -0.1420025 1.0
v -0.1396417 1.129466 -0.1436941 1.0
v -0.1429248 1.120897 -0.1452399 1.0
v -0.1469519 1.110782 -0.1470654 1.0
v -0.1530468 1.099443 -0.1486694 1.0
v -0.1615055 1.088984 -0.1493548 1.0
v -0.1696593 1.081384 -0.1492105 1.0
v -0.1768774 1.075172 -0.1489017 1.0
v -0.1827776 1.069648 -0.1487778 1.0
v -0.1881515 1.062992 -0.1492332 1.0
v -0.193607 1.054753 -0.1501412 1.0
v -0.1997635 1.045742 -0.151004 1.0
v -0.2064907 1.037809 -0.1512116 1.0
v -0.213616 1.030307 -0.1510999 1.0
v -0.2208696 1.02315 -0.1508316 1.0
v -0.2282733 1.016236 -0.1504318 1.0
v -0.2360026 1.00976 -0.1497598 1.0
v -0.02767234 1.594066 -0.0586427 1.0
v -0.03223505 1.590923 -0.06697369 1.0
v -0.03617572 1.58607 -0.074759 1.0
v -0.04024629 1.579311 -0.08151481 1.0
v -0.04546677 1.572062 -0.08739778 1.0
v -0.05086684 1.564369 -0.09189926 1.0
v -0.0555679 1.556532 -0.09553803 1.0
v -0.05936215 1.548412 -0.09889427 1.0
v -0.06267268 1.539569 -0.1018864 1.0
v -0.06549516 1.530534 -0.1044993 1.0
v -0.06788952 1.521502 -0.106895 1.0
v -0.069702 1.512408 -0.1091305 1.0
v -0.07055692 1.503419 -0.1111273 1.0
v -0.07141836 1.493202 -0.1129115 1.0
v -0.07287738 1.481526 -0.1139066 1.0
v -0.074666 1.469965 -0.113573 1.0
v -0.07566013 1.46036 -0.1126892 1.0
v -0.07556923 1.452479 -0.1120722 1.0
v -0.07472502 1.44411 -0.1116926 1.0
v -0.0737386 1.434378 -0.1114853 1.0
v -0.07315563 1.423267 -0.1112578 1.0
v -0.07353482 1.410979 -0.1105451 1.0
v -0.07434385 1.399624 -0.1091447 1.0
v -0.07551047 1.38923 -0.1076171 1.0
v -0.07741898 1.378483 -0.1062689 1.0
v -0.07999331 1.368252 -0.1049763 1.0
v -0.08256088 1.359155 -0.1040299 1.0
v -0.08438712 1.351759 -0.10378 1.0
v -0.08616887 1.344202 -0.1042506 1.0
v -0.08819064 1.335806 -0.1052135 1.0
v -0.09033559 1.32689 -0.1064587 1.0
v -0.09256358 1.317499 -0.1077812 1.0
v -0.09480301 1.30822 -0.1090387 1.0
v -0.09678797 1.29989 -0.1102795 1.0
v -0.09826107 1.292495 -0.1114539 1.0
v -0.09901089 1.28619 -0.112512 1.0
v -0.09946414 1.277652 -0.1145842 1.0
v -0.1000876 1.266538 -0.1175487 1.0
v -0.1015474 1.25516 -0.1201587 1.0
v -0.1040499 1.243431 -0.1223786 1.0
v -0.1064587 1.233736 -0.1238964 1.0
v -0.1083058 1.225676 -0.1252218 1.0
v -0.1100546 1.216904 -0.1270579 1.0
v -0.1121036 1.206764 -0.1292875 1.0
v -0.1149772 1.195429 -0.1316824 1.0
v -0.1186131 1.184616 -0.1337495 1.0
v -0.1222587 1.175186 -0.1353485 1.0
v -0.1256003 1.166597 -0.1368008 1.0
v -0.1289608 1.157546 -0.1384811 1.0
v -0.1323839 1.148276 -0.1402293 1.0
v -0.1359414 1.138822 -0.1420025 1.0
v -0.1396417 1.129466 -0.1436941 1.0
v -0.1429248 1.120897 -0.1452399 1.0
v -0.1469519 1.110782 -0.1470654 1.0
v -0.1530468 1.099443 -0.1486694 1.0
v -0.1615055 1.088984 -0.1493548 1.0
v -0.1696593 1.081384 -0.1492105 1.0
v -0.1768774 1.075172 -0.1489017 1.0
v -0.1827776 1.069648 -0.1487778 1.0
v -0.1881515 1.062992 -0.1492332 1.0
v -0.193607 1.054753 -0.1501412 1.0
v -0.1997635 1.045742 -0.151004 1.0
v -0.2064907 1.037809 -0.1512116 1.0
v -0.213616 1.030307 -0.1510999 1.0
v -0.2208696 1.02315 -0.1508316 1.0
v -0.2282733 1.016236 -0.1504318 1.0
v -0.2360026 1.00976 -0.1497598 1.0
v -0.02767274 1.594066 -0.05864244 1.0
v -0.03339934 1.591318 -0.06629068 1.0
v -0.03866372 1.586819 -0.07353078 1.0
v -0.04389971 1.580694 -0.07951204 1.0
v -0.04998607 1.574345 -0.08429244 1.0
v -0.05639756 1.56735 -0.08779141 1.0
v -0.06245547 1.559735 -0.09057524 1.0
v -0.06774691 1.551411 -0.09310502 1.0
v -0.07231699 1.542555 -0.09515242 1.0
v -0.07632876 1.533407 -0.09679874 1.0
v -0.07985971 1.524058 -0.09822612 1.0
v -0.08280683 1.514555 -0.09963197 1.0
v -0.08490786 1.504652 -0.1010568 1.0
v -0.08659587 1.494666 -0.1020197 1.0
v -0.08843955 1.484716 -0.1020644 1.0
v -0.09051032 1.474782 -0.100986 1.0
v -0.09229554 1.464914 -0.09950013 1.0
v -0.09339672 1.454946 -0.09838921 1.0
v -0.09359863 1.444781 -0.09771479 1.0
v -0.09341548 1.434822 -0.09711881 1.0
v -0.09344248 1.425071 -0.09638873 1.0
v -0.09418961 1.415466 -0.09533867 1.0
v -0.09553531 1.405905 -0.09394388 1.0
v -0.09735929 1.396624 -0.09251042 1.0
v -0.09967652 1.387501 -0.09134398 1.0
v -0.1026761 1.378472 -0.09022056 1.0
v -0.1060611 1.369343 -0.08935489 1.0
v -0.1092437 1.360235 -0.0891722 1.0
v -0.1121393 1.351158 -0.08981679 1.0
v -0.1149587 1.341979 -0.09104283 1.0
v -0.1177086 1.332678 -0.09261485 1.0
v -0.1203826 1.323301 -0.09432964 1.0
v -0.1230184 1.314083 -0.09615681 1.0
v -0.1255762 1.304761 -0.09822955 1.0
v -0.1277084 1.295282 -0.1006163 1.0
v -0.1289818 1.285804 -0.1034096 1.0
v -0.1294504 1.276419 -0.1066094 1.0
v -0.1298134 1.267036 -0.1098536 1.0
v -0.1308194 1.257576 -0.1127323 1.0
v -0.1326057 1.248098 -0.115161 1.0
v -0.1346022 1.238625 -0.1174374 1.0
v -0.1362849 1.229137 -0.1198385 1.0
v -0.1375998 1.219619 -0.1223838 1.0
v -0.1389369 1.210109 -0.1249034 1.0
v -0.1407607 1.200633 -0.1272147 1.0
v -0.1432714 1.19124 -0.1292251 1.0
v -0.1461113 1.181906 -0.1310806 1.0
v -0.1488774 1.172558 -0.1329629 1.0
v -0.1514887 1.163176 -0.1349098 1.0
v -0.154074 1.153788 -0.1368634 1.0
v -0.1567131 1.144408 -0.1387904 1.0
v -0.1594962 1.135057 -0.1406532 1.0
v -0.1621024 1.125659 -0.1425742 1.0
v -0.164907 1.116312 -0.1443968 1.0
v -0.1688629 1.107326 -0.1457176 1.0
v -0.1744442 1.099168 -0.1462452 1.0
v -0.1809073 1.091632 -0.1462745 1.0
v -0.1874606 1.084158 -0.1462239 1.0
v -0.1934026 1.076196 -0.14648 1.0
v -0.1981663 1.067513 -0.1472977 1.0
v -0.2022285 1.058505 -0.148408 1.0
v -0.2064956 1.049589 -0.1493837 1.0
v -0.2116499 1.041112 -0.149896 1.0
v -0.2172911 1.032933 -0.1501295 1.0
v -0.223206 1.024948 -0.1502042 1.0
v -0.2293746 1.017158 -0.1501301 1.0
v -0.2361408 1.009899 -0.1497188 1.0
v -0.0276731 1.594066 -0.05864213 1.0
v -0.02767271 1.594066 -0.05864238 1.0
v -0.02767234 1.594066 -0.0586427 1.0
v -0.02767274 1.594066 -0.05864244 1.0
v -0.2362476 1.010009 -0.1495904 1.0
v -0.2361094 1.009871 -0.1496314 1.0
v -0.2360026 1.00976 -0.1497598 1.0
v -0.2361408 1.009899 -0.1497188 1.0
v 0.02798877 1.59406 -0.05822724 1.0
v 0.03229432 1.590931 -0.06669563 1.0
v 0.03595963 1.586081 -0.07461636 1.0
v 0.03985762 1.579298 -0.08150979 1.0
v 0.04507758 1.572026 -0.08748949 1.0
v 0.05056297 1.564329 -0.09201609 1.0
v 0.05535296 1.556532 -0.09567077 1.0
v 0.05919693 1.548424 -0.09903239 1.0
v 0.0625222 1.539538 -0.1019788 1.0
v 0.06533246 1.530479 -0.1045301 1.0
v 0.06767569 1.521444 -0.1068554 1.0
v 0.06925444 1.512857 -0.1089388 1.0
v 0.07022689 1.503406 -0.1110627 1.0
v 0.07103654 1.493186 -0.1128628 1.0
v 0.07246067 1.481459 -0.1138524 1.0
v 0.07425288 1.469868 -0.1135156 1.0
v 0.07527249 1.460262 -0.1126593 1.0
v 0.0752015 1.452403 -0.1120915 1.0
v 0.07432424 1.444048 -0.1117244 1.0
v 0.073291 1.434318 -0.111514 1.0
v 0.07264613 1.42319 -0.1112645 1.0
v 0.07297112 1.410849 -0.1105103 1.0
v 0.07377493 1.399445 -0.1090682 1.0
v 0.07492971 1.389065 -0.1075009 1.0
v 0.0768495 1.378292 -0.1061233 1.0
v 0.07941212 1.368168 -0.1048384 1.0
v 0.08201028 1.359069 -0.1039109 1.0
v 0.08387441 1.35173 -0.1037063 1.0
v 0.08571289 1.344145 -0.1042021 1.0
v 0.08777338 1.335731 -0.1051822 1.0
v 0.08995817 1.326782 -0.1064371 1.0
v 0.09224164 1.317314 -0.1077608 1.0
v 0.09451162 1.308031 -0.1089639 1.0
v 0.09653087 1.299791 -0.1101527 1.0
v 0.09802733 1.292599 -0.1112683 1.0
v 0.09884221 1.286334 -0.1123528 1.0
v 0.09931356 1.277509 -0.1145473 1.0
v 0.09982568 1.267599 -0.1171264 1.0
v 0.1013577 1.255076 -0.1200898 1.0
v 0.1037375 1.243519 -0.1222263 1.0
v 0.106041 1.233908 -0.1236946 1.0
v 0.1078537 1.225844 -0.1250218 1.0
v 0.1096016 1.21698 -0.1269281 1.0
v 0.1116486 1.206723 -0.1292233 1.0
v 0.1145405 1.195283 -0.131658 1.0
v 0.1181996 1.184494 -0.1337298 1.0
v 0.1218625 1.175142 -0.1353207 1.0
v 0.1252328 1.166572 -0.1367751 1.0
v 0.1286178 1.157514 -0.1384438 1.0
v 0.1320637 1.148247 -0.1401791 1.0
v 0.1355916 1.138965 -0.1419 1.0
v 0.1393513 1.129469 -0.1436149 1.0
v 0.1426476 1.120913 -0.1451467 1.0
v 0.1467008 1.110757 -0.1469718 1.0
v 0.1528083 1.099398 -0.1485771 1.0
v 0.1611869 1.088997 -0.1492763 1.0
v 0.1692562 1.081427 -0.1491588 1.0
v 0.176424 1.075223 -0.1488697 1.0
v 0.1823261 1.069687 -0.1487507 1.0
v 0.1877426 1.062966 -0.1492242 1.0
v 0.1932358 1.054691 -0.1501419 1.0
v 0.1991637 1.046145 -0.1509376 1.0
v 0.2061916 1.037786 -0.1511737 1.0
v 0.213353 1.030322 -0.1510279 1.0
v 0.2206284 1.02321 -0.1507298 1.0
v 0.2280164 1.016311 -0.150324 1.0
v 0.2356481 1.009741 -0.1497073 1.0
v 0.02798877 1.59406 -0.05822724 1.0
v 0.03229432 1.590931 -0.06669563 1.0
v 0.03595963 1.586081 -0.07461636 1.0
v 0.03985762 1.579298 -0.08150979 1.0
v 0.04507758 1.572026 -0.08748949 1.0
v 0.05056297 1.564329 -0.09201609 1.0
v 0.05535296 1.556532 -0.09567077 1.0
v 0.05919693 1.548424 -0.09903239 1.0
v 0.0625222 1.539538 -0.1019788 1.0
v 0.06533246 1.530479 -0.1045301 1.0
v 0.06767569 1.521444 -0.1068554 1.0
v 0.06925444 1.512857 -0.1089388 1.0
v 0.07022689 1.503406 -0.1110627 1.0
v 0.07103654 1.493186 -0.1128628 1.0
v 0.07246067 1.481459 -0.1138524 1.0
v 0.07425288 1.469868 -0.1135156 1.0
v 0.07527249 1.460262 -0.1126593 1.0
v 0.0752015 1.452403 -0.1120915 1.0
v 0.07432424 1.444048 -0.1117244 1.0
v 0.073291 1.434318 -0.111514 1.0
v 0.07264613 1.42319 -0.1112645 1.0
v 0.07297112 1.410849 -0.1105103 1.0
v 0.07377493 1.399445 -0.1090682 1.0
v 0.07492971 1.389065 -0.1075009 1.0
v 0.0768495 1.378292 -0.1061233 1.0
v 0.07941212 1.368168 -0.1048384 1.0
v 0.08201028 1.359069 -0.1039109 1.0
v 0.08387441 1.35173 -0.1037063 1.0
v 0.08571289 1.344145 -0.1042021 1.0
v 0.08777338 1.335731 -0.1051822 1.0
v 0.08995817 1.326782 -0.1064371 1.0
v 0.09224164 1.317314 -0.1077608 1.0
v 0.09451162 1.308031 -0.1089639 1.0
v 0.09653087 1.299791 -0.1101527 1.0
v 0.09802733 1.292599 -0.1112683 1.0
v 0.09884221 1.286334 -0.1123528 1.0
v 0.09931356 1.277509 -0.1145473 1.0
v 0.09982568 1.267599 -0.1171264 1.0
v 0.1013577 1.255076 -0.1200898 1.0
v 0.1037375 1.243519 -0.1222263 1.0
v 0.106041 1.233908 -0.1236946 1.0
v 0.1078537 1.225844 -0.1250218 1.0
v 0.1096016 1.21698 -0.1269281 1.0
v 0.1116486 1.206723 -0.1292233 1.0
v 0.1145405 1.195283 -0.131658 1.0
v 0.1181996 1.184494 -0.1337298 1.0
v 0.1218625 1.175142 -0.1353207 1.0
v 0.1252328 1.166572 -0.1367751 1.0
v 0.1286178 1.157514 -0.1384438 1.0
v 0.1320637 1.148247 -0.1401791 1.0
v 0.1355916 1.138965 -0.1419 1.0
v 0.1393513 1.129469 -0.1436149 1.0
v 0.1426476 1.120913 -0.1451467 1.0
v 0.1467008 1.110757 -0.1469718 1.0
v 0.1528083 1.099398 -0.1485771 1.0
v 0.1611869 1.088997 -0.1492763 1.0
v 0.1692562 1.081427 -0.1491588 1.0
v 0.176424 1.075223 -0.1488697 1.0
v 0.1823261 1.069687 -0.1487507 1.0
v 0.1877426 1.062966 -0.1492242 1.0
v 0.1932358 1.054691 -0.1501419 1.0
v 0.1991637 1.046145 -0.1509376 1.0
v 0.2061916 1.037786 -0.1511737 1.0
v 0.213353 1.030322 -0.1510279 1.0
v 0.2206284 1.02321 -0.1507298 1.0
v 0.2280164 1.016311 -0.150324 1.0
v 0.2356481 1.009741 -0.1497073 1.0
v 0.02798914 1.59406 -0.05822694 1.0
v 0.03337232 1.590667 -0.06583187 1.0
v 0.03810741 1.585615 -0.07276437 1.0
v 0.04282722 1.579031 -0.07828763 1.0
v 0.04845508 1.572224 -0.08260766 1.0
v 0.05427602 1.564974 -0.0855239 1.0
v 0.05970449 1.557198 -0.08773708 1.0
v 0.06425972 1.548899 -0.0897072 1.0
v 0.0681122 1.540141 -0.09122414 1.0
v 0.07145442 1.531066 -0.0924018 1.0
v 0.07433846 1.521785 -0.093422 1.0
v 0.07668743 1.51246 -0.09440745 1.0
v 0.07822178 1.502843 -0.09542133 1.0
v 0.07933572 1.493238 -0.09606258 1.0
v 0.0806007 1.483587 -0.09591363 1.0
v 0.08208927 1.474125 -0.09472342 1.0
v 0.0834528 1.464647 -0.09303062 1.0
v 0.08428353 1.455036 -0.09155602 1.0
v 0.08427779 1.44543 -0.0904863 1.0
v 0.08381979 1.435599 -0.08957598 1.0
v 0.08348087 1.425569 -0.08861828 1.0
v 0.08388887 1.415501 -0.08733381 1.0
v 0.08507603 1.405627 -0.08553816 1.0
v 0.08691921 1.395672 -0.08356638 1.0
v 0.08936108 1.385747 -0.08188767 1.0
v 0.09245609 1.376252 -0.08031929 1.0
v 0.09596089 1.366703 -0.07904081 1.0
v 0.09931847 1.357081 -0.07848857 1.0
v 0.1024401 1.347267 -0.07887156 1.0
v 0.1054307 1.337597 -0.07988029 1.0
v 0.1083208 1.328088 -0.08122718 1.0
v 0.1111722 1.318642 -0.08269333 1.0
v 0.1141741 1.309138 -0.08429443 1.0
v 0.1170605 1.299782 -0.08614802 1.0
v 0.1194997 1.290492 -0.08831476 1.0
v 0.1211231 1.2811 -0.09096511 1.0
v 0.1219656 1.271719 -0.09411059 1.0
v 0.1227175 1.262355 -0.09733881 1.0
v 0.1241269 1.252981 -0.100215 1.0
v 0.126271 1.243625 -0.102693 1.0
v 0.1286272 1.234286 -0.105056 1.0
v 0.1306436 1.224905 -0.1075996 1.0
v 0.1322063 1.215502 -0.110351 1.0
v 0.1337922 1.206092 -0.113108 1.0
v 0.1358577 1.196725 -0.1156791 1.0
v 0.1385802 1.187459 -0.1179753 1.0
v 0.1416523 1.178263 -0.1201243 1.0
v 0.1446484 1.16905 -0.1223187 1.0
v 0.147463 1.159803 -0.1246025 1.0
v 0.1502486 1.150553 -0.1269064 1.0
v 0.1530855 1.141315 -0.1291947 1.0
v 0.156061 1.132109 -0.1314279 1.0
v 0.1588684 1.122872 -0.1337184 1.0
v 0.1618678 1.11367 -0.1359459 1.0
v 0.1659975 1.104822 -0.1377314 1.0
v 0.1717032 1.096773 -0.1388009 1.0
v 0.1783066 1.089377 -0.1394098 1.0
v 0.1850133 1.082081 -0.1399745 1.0
v 0.1911257 1.074337 -0.140877 1.0
v 0.1960652 1.065873 -0.1423854 1.0
v 0.2003353 1.057096 -0.1442067 1.0
v 0.2048466 1.04841 -0.1459053 1.0
v 0.2103092 1.040198 -0.1471139 1.0
v 0.2162635 1.032298 -0.1480323 1.0
v 0.2224746 1.02458 -0.1487802 1.0
v 0.2288879 1.017017 -0.1493773 1.0
v 0.2357562 1.009848 -0.1495771 1.0
v 0.02798955 1.59406 -0.0582267 1.0
v 0.03455909 1.591043 -0.06517745 1.0
v 0.04063576 1.586308 -0.0715868 1.0
v 0.04651626 1.580342 -0.07630165 1.0
v 0.05296569 1.57444 -0.07944172 1.0
v 0.05973441 1.567893 -0.08127707 1.0
v 0.06647081 1.560308 -0.08255371 1.0
v 0.07249144 1.551789 -0.08364874 1.0
v 0.07759359 1.543056 -0.0842328 1.0
v 0.08213925 1.53389 -0.08447873 1.0
v 0.08620124 1.524292 -0.08459287 1.0
v 0.08991707 1.513902 -0.08494893 1.0
v 0.09251941 1.503978 -0.08526377 1.0
v 0.09447356 1.494607 -0.0851035 1.0
v 0.09613762 1.486732 -0.08402666 1.0
v 0.09789962 1.478929 -0.08208922 1.0
v 0.1000268 1.469192 -0.07976153 1.0
v 0.1020213 1.457471 -0.07775126 1.0
v 0.1030724 1.446052 -0.07640017 1.0
v 0.1034433 1.435992 -0.07513519 1.0
v 0.103755 1.427339 -0.07372774 1.0
v 0.1045702 1.420005 -0.07216845 1.0
v 0.1063041 1.411981 -0.07041895 1.0
v 0.1088174 1.40315 -0.06857291 1.0
v 0.1116719 1.394865 -0.06710326 1.0
v 0.1152767 1.386314 -0.06566794 1.0
v 0.1195237 1.376897 -0.06447075 1.0
v 0.1242163 1.365518 -0.06392857 1.0
v 0.1284148 1.354221 -0.06444481 1.0
v 0.1321829 1.343788 -0.06568693 1.0
v 0.1356595 1.333927 -0.06733744 1.0
v 0.1389261 1.324594 -0.06917337 1.0
v 0.1423383 1.315159 -0.07137349 1.0
v 0.1458271 1.304725 -0.0740758 1.0
v 0.1489615 1.29315 -0.07748408 1.0
v 0.1510799 1.280554 -0.08182463 1.0
v 0.1519173 1.270615 -0.08598848 1.0
v 0.1525065 1.261792 -0.0898972 1.0
v 0.1533713 1.255478 -0.09270727 1.0
v 0.1548523 1.2482 -0.09551727 1.0
v 0.1568307 1.238994 -0.09872616 1.0
v 0.1586725 1.228188 -0.102366 1.0
v 0.159775 1.218133 -0.1057686 1.0
v 0.1606272 1.209471 -0.1087603 1.0
v 0.1616128 1.202069 -0.1112139 1.0
v 0.1632041 1.194203 -0.1134421 1.0
v 0.1654872 1.185035 -0.1158405 1.0
v 0.1679097 1.175052 -0.11845 1.0
v 0.1699728 1.165488 -0.1210037 1.0
v 0.1719202 1.156123 -0.1235178 1.0
v 0.173889 1.146795 -0.126005 1.0
v 0.1759035 1.137739 -0.1283807 1.0
v 0.1780384 1.127665 -0.1310544 1.0
v 0.1797992 1.119277 -0.1332764 1.0
v 0.1817663 1.112801 -0.1347821 1.0
v 0.1846337 1.106971 -0.1356999 1.0
v 0.1895962 1.09958 -0.1364741 1.0
v 0.19566 1.09099 -0.137292 1.0
v 0.2017961 1.08081 -0.1385773 1.0
v 0.2060808 1.070384 -0.1404302 1.0
v 0.2089346 1.060882 -0.1424372 1.0
v 0.211808 1.051834 -0.1443055 1.0
v 0.2154383 1.043534 -0.1457669 1.0
v 0.2199139 1.034951 -0.1470408 1.0
v 0.2248 1.026388 -0.1481405 1.0
v 0.2299915 1.017934 -0.1490693 1.0
v 0.2358964 1.009984 -0.1495339 1.0
v 0.02798955 1.59406 -0.0582267 1.0
v 0.03455909 1.591043 -0.06517745 1.0
v 0.04063576 1.586308 -0.0715868 1.0
v 0.04651626 1.580342 -0.07630165 1.0
v 0.05296569 1.57444 -0.07944172 1.0
v 0.05973441 1.567893 -0.08127707 1.0
v 0.06647081 1.560308 -0.08255371 1.0
v 0.07249144 1.551789 -0.08364874 1.0
v 0.07759359 1.543056 -0.0842328 1.0
v 0.08213925 1.53389 -0.08447873 1.0
v 0.08620124 1.524292 -0.08459287 1.0
v 0.08991707 1.513902 -0.08494893 1.0
v 0.09251941 1.503978 -0.08526377 1.0
v 0.09447356 1.494607 -0.0851035 1.0
v 0.09613762 1.486732 -0.08402666 1.0
v 0.09789962 1.478929 -0.08208922 1.0
v 0.1000268 1.469192 -0.07976153 1.0
v 0.1020213 1.457471 -0.07775126 1.0
v 0.1030724 1.446052 -0.07640017 1.0
v 0.1034433 1.435992 -0.07513519 1.0
v 0.103755 1.427339 -0.07372774 1.0
v 0.1045702 1.420005 -0.07216845 1.0
v 0.1063041 1.411981 -0.07041895 1.0
v 0.1088174 1.40315 -0.06857291 1.0
v 0.1116719 1.394865 -0.06710326 1.0
v 0.1152767 1.386314 -0.06566794 1.0
v 0.1195237 1.376897 -0.06447075 1.0
v 0.1242163 1.365518 -0.06392857 1.0
v 0.1284148 1.354221 -0.06444481 1.0
v 0.1321829 1.343788 -0.06568693 1.0
v 0.1356595 1.333927 -0.06733744 1.0
v 0.1389261 1.324594 -0.06917337 1.0
v 0.1423383 1.315159 -0.07137349 1.0
v 0.1458271 1.304725 -0.0740758 1.0
v 0.1489615 1.29315 -0.07748408 1.0
v 0.1510799 1.280554 -0.08182463 1.0
v 0.1519173 1.270615 -0.08598848 1.0
v 0.1525065 1.261792 -0.0898972 1.0
v 0.1533713 1.255478 -0.09270727 1.0
v 0.1548523 1.2482 -0.09551727 1.0
v 0.1568307 1.238994 -0.09872616 1.0
v 0.1586725 1.228188 -0.102366 1.0
v 0.159775 1.218133 -0.1057686 1.0
v 0.1606272 1.209471 -0.1087603 1.0
v 0.1616128 1.202069 -0.1112139 1.0
v 0.1632041 1.194203 -0.1134421 1.0
v 0.1654872 1.185035 -0.1158405 1.0
v 0.1679097 1.175052 -0.11845 1.0
v 0.1699728 1.165488 -0.1210037 1.0
v 0.1719202 1.156123 -0.1235178 1.0
v 0.173889 1.146795 -0.126005 1.0
v 0.1759035 1.137739 -0.1283807 1.0
v 0.1780384 1.127665 -0.1310544 1.0
v 0.1797992 1.119277 -0.1332764 1.0
v 0.1817663 1.112801 -0.1347821 1.0
v 0.1846337 1.106971 -0.1356999 1.0
v 0.1895962 1.09958 -0.1364741 1.0
v 0.19566 1.09099 -0.137292 1.0
v 0.2017961 1.08081 -0.1385773 1.0
v 0.2060808 1.070384 -0.1404302 1.0
v 0.2089346 1.060882 -0.1424372 1.0
v 0.211808 1.051834 -0.1443055 1.0
v 0.2154383 1.043534 -0.1457669 1.0
v 0.2199139 1.034951 -0.1470408 1.0
v 0.2248 1.026388 -0.1481405 1.0
v 0.2299915 1.017934 -0.1490693 1.0
v 0.2358964 1.009984 -0.1495339 1.0
v 0.02798917 1.594061 -0.05822701 1.0
v 0.03348109 1.591307 -0.06604121 1.0
v 0.03848797 1.586774 -0.07343879 1.0
v 0.04354666 1.580609 -0.07952381 1.0
v 0.04958818 1.574242 -0.08432355 1.0
v 0.05602136 1.567248 -0.08776927 1.0
v 0.06211927 1.559642 -0.0904874 1.0
v 0.06742866 1.551314 -0.09297394 1.0
v 0.07200358 1.542453 -0.09498748 1.0
v 0.07601729 1.533303 -0.09660702 1.0
v 0.07953847 1.523951 -0.09802628 1.0
v 0.08248408 1.5143 -0.09948032 1.0
v 0.08452451 1.504541 -0.1009051 1.0
v 0.08617438 1.494554 -0.1019038 1.0
v 0.08799759 1.484604 -0.1019655 1.0
v 0.09006324 1.474673 -0.1008814 1.0
v 0.09184653 1.464807 -0.09939016 1.0
v 0.09293929 1.454837 -0.09828676 1.0
v 0.09311881 1.44467 -0.09763829 1.0
v 0.09291451 1.434711 -0.0970732 1.0
v 0.09292026 1.42496 -0.09637393 1.0
v 0.09365242 1.415353 -0.09534492 1.0
v 0.09500302 1.405799 -0.09394899 1.0
v 0.09682788 1.396543 -0.09250741 1.0
v 0.0991603 1.38741 -0.09133888 1.0
v 0.1022327 1.37823 -0.09018711 1.0
v 0.1055731 1.369263 -0.0893408 1.0
v 0.1087723 1.360167 -0.08914635 1.0
v 0.1116876 1.3511 -0.08977539 1.0
v 0.1145255 1.341921 -0.09098884 1.0
v 0.1172969 1.332622 -0.09254738 1.0
v 0.1199955 1.323267 -0.09424082 1.0
v 0.1226758 1.314052 -0.096043 1.0
v 0.1252975 1.304734 -0.09808043 1.0
v 0.1274892 1.295257 -0.1004376 1.0
v 0.1287991 1.285787 -0.1032123 1.0
v 0.1292653 1.276405 -0.1064252 1.0
v 0.1296147 1.267035 -0.1096848 1.0
v 0.1306021 1.257573 -0.1125821 1.0
v 0.1323189 1.248093 -0.1150505 1.0
v 0.1342446 1.238616 -0.1173648 1.0
v 0.1358827 1.229127 -0.1197882 1.0
v 0.1371704 1.219611 -0.1223457 1.0
v 0.1384836 1.210103 -0.1248756 1.0
v 0.1402957 1.200627 -0.1271928 1.0
v 0.1428234 1.191238 -0.1291966 1.0
v 0.1456974 1.181913 -0.131037 1.0
v 0.1484942 1.172575 -0.1329064 1.0
v 0.1511276 1.163199 -0.134845 1.0
v 0.1537353 1.153818 -0.1367905 1.0
v 0.1563951 1.144445 -0.1387103 1.0
v 0.1591938 1.135098 -0.1405676 1.0
v 0.1618176 1.125706 -0.1424828 1.0
v 0.1646322 1.116364 -0.1443023 1.0
v 0.1685771 1.107376 -0.1456278 1.0
v 0.1741174 1.099194 -0.1461753 1.0
v 0.1805458 1.09163 -0.1462232 1.0
v 0.1870708 1.084133 -0.1461872 1.0
v 0.1929965 1.07616 -0.146451 1.0
v 0.1977583 1.067477 -0.1472691 1.0
v 0.201835 1.058477 -0.1483724 1.0
v 0.2061251 1.04957 -0.1493379 1.0
v 0.2113207 1.041122 -0.1498266 1.0
v 0.2170035 1.032975 -0.1500365 1.0
v 0.2229537 1.025018 -0.1500902 1.0
v 0.22912 1.017228 -0.1500161 1.0
v 0.2357883 1.009877 -0.149664 1.0
v 0.02798877 1.59406 -0.05822724 1.0
v 0.02798914 1.59406 -0.05822694 1.0
v 0.02798955 1.59406 -0.0582267 1.0
v 0.02798917 1.594061 -0.05822701 1.0
v 0.2356481 1.009741 -0.1497073 1.0
v 0.2357562 1.009848 -0.1495771 1.0
v 0.2358964 1.009984 -0.1495339 1.0
v 0.2357883 1.009877 -0.149664 1.0
v -0.03077827 1.591377 -0.06244676 1.0
v -0.0351078 1.587444 -0.07054485 1.0
v -0.03907172 1.581828 -0.07775755 1.0
v -0.04282655 1.575231 -0.08422405 1.0
v -0.04645077 1.56811 -0.09014846 1.0
v -0.04986142 1.560402 -0.09543592 1.0
v -0.05304464 1.552189 -0.1002404 1.0
v -0.05585965 1.543648 -0.1044329 1.0
v -0.05848909 1.53517 -0.1077733 1.0
v -0.06118464 1.526817 -0.1101718 1.0
v -0.06399108 1.51827 -0.1117719 1.0
v -0.06684416 1.509675 -0.1126114 1.0
v -0.06979676 1.501305 -0.1128073 1.0
v -0.07294443 1.492385 -0.1124243 1.0
v -0.07599558 1.482992 -0.111575 1.0
v -0.0786647 1.474311 -0.1100778 1.0
v -0.08127114 1.464542 -0.1081663 1.0
v -0.08342365 1.453636 -0.1061761 1.0
v -0.08480112 1.443251 -0.1041346 1.0
v -0.08590183 1.433706 -0.1021026 1.0
v -0.08710422 1.423636 -0.1001791 1.0
v -0.08817063 1.414529 -0.09835248 1.0
v -0.08941342 1.407105 -0.0965449 1.0
v -0.09125876 1.399701 -0.09439974 1.0
v -0.09399585 1.390383 -0.09196145 1.0
v -0.09710792 1.37977 -0.09010825 1.0
v -0.1002548 1.369636 -0.08937638 1.0
v -0.1035261 1.358378 -0.08934651 1.0
v -0.1061747 1.347109 -0.09013519 1.0
v -0.1082111 1.335947 -0.09177476 1.0
v -0.1101016 1.328393 -0.09329699 1.0
v -0.1121938 1.322975 -0.09417605 1.0
v -0.1156837 1.313798 -0.09517068 1.0
v -0.1196355 1.300117 -0.09703934 1.0
v -0.1215748 1.286466 -0.09995512 1.0
v -0.1221645 1.275843 -0.1028806 1.0
v -0.1225808 1.267502 -0.1053463 1.0
v -0.1232131 1.257995 -0.1080275 1.0
v -0.1237913 1.248478 -0.1107722 1.0
v -0.1243109 1.238255 -0.1137153 1.0
v -0.124455 1.228713 -0.1165323 1.0
v -0.1245703 1.22159 -0.1186614 1.0
v -0.1251065 1.21578 -0.1202371 1.0
v -0.1269878 1.207981 -0.1219667 1.0
v -0.1297408 1.198587 -0.1239324 1.0
v -0.1324233 1.188993 -0.1260023 1.0
v -0.1349603 1.180052 -0.1279383 1.0
v -0.137556 1.171572 -0.1297243 1.0
v -0.1404638 1.163146 -0.1314165 1.0
v -0.1435381 1.155048 -0.1329723 1.0
v -0.146774 1.147736 -0.1342561 1.0
v -0.1503959 1.141173 -0.1352101 1.0
v -0.1557316 1.133112 -0.1361759 1.0
v -0.1619509 1.123335 -0.1374349 1.0
v -0.1670052 1.113573 -0.1389389 1.0
v -0.1710188 1.104655 -0.1404641 1.0
v -0.1749825 1.095929 -0.1419323 1.0
v -0.1790549 1.086994 -0.1434174 1.0
v -0.1830489 1.078344 -0.1448457 1.0
v -0.1872871 1.069597 -0.1462695 1.0
v -0.1914802 1.060751 -0.1477813 1.0
v -0.1956042 1.053139 -0.1489217 1.0
v -0.2001534 1.047462 -0.1492388 1.0
v -0.2073983 1.042222 -0.1485929 1.0
v -0.2164828 1.034658 -0.1479607 1.0
v -0.2223874 1.026573 -0.1483968 1.0
v -0.2283279 1.018523 -0.1488084 1.0
v -0.2344405 1.010644 -0.1491024 1.0
v -0.03077827 1.591377 -0.06244676 1.0
v -0.0351078 1.587444 -0.07054485 1.0
v -0.03907172 1.581828 -0.07775755 1.0
v -0.04282655 1.575231 -0.08422405 1.0
v -0.04645077 1.56811 -0.09014846 1.0
v -0.04986142 1.560402 -0.09543592 1.0
v -0.05304464 1.552189 -0.1002404 1.0
v -0.05585965 1.543648 -0.1044329 1.0
v -0.05848909 1.53517 -0.1077733 1.0
v -0.06118464 1.526817 -0.1101718 1.0
v -0.06399108 1.51827 -0.1117719 1.0
v -0.06684416 1.509675 -0.1126114 1.0
v -0.06979676 1.501305 -0.1128073 1.0
v -0.07294443 1.492385 -0.1124243 1.0
v -0.07599558 1.482992 -0.111575 1.0
v -0.0786647 1.474311 -0.1100778 1.0
v -0.08127114 1.464542 -0.1081663 1.0
v -0.08342365 1.453636 -0.1061761 1.0
v -0.08480112 1.443251 -0.1041346 1.0
v -0.08590183 1.433706 -0.1021026 1.0
v -0.08710422 1.423636 -0.1001791 1.0
v -0.08817063 1.414529 -0.09835248 1.0
v -0.08941342 1.407105 -0.0965449 1.0
v -0.09125876 1.399701 -0.09439974 1.0
v -0.09399585 1.390383 -0.09196145 1.0
v -0.09710792 1.37977 -0.09010825 1.0
v -0.1002548 1.369636 -0.08937638 1.0
v -0.1035261 1.358378 -0.08934651 1.0
v -0.1061747 1.347109 -0.09013519 1.0
v -0.1082111 1.335947 -0.09177476 1.0
v -0.1101016 1.328393 -0.09329699 1.0
v -0.1121938 1.322975 -0.09417605 1.0
v -0.1156837 1.313798 -0.09517068 1.0
v -0.1196355 1.300117 -0.09703934 1.0
v -0.1215748 1.286466 -0.09995512 1.0
v -0.1221645 1.275843 -0.1028806 1.0
v -0.1225808 1.267502 -0.1053463 1.0
v -0.1232131 1.257995 -0.1080275 1.0
v -0.1237913 1.248478 -0.1107722 1.0
v -0.1243109 1.238255 -0.1137153 1.0
v -0.124455 1.228713 -0.1165323 1.0
v -0.1245703 1.22159 -0.1186614 1.0
v -0.1251065 1.21578 -0.1202371 1.0
v -0.1269878 1.207981 -0.1219667 1.0
v -0.1297408 1.198587 -0.1239324 1.0
v -0.1324233 1.188993 -0.1260023 1.0
v -0.1349603 1.180052 -0.1279383 1.0
v -0.137556 1.171572 -0.1297243 1.0
v -0.1404638 1.163146 -0.1314165 1.0
v -0.1435381 1.155048 -0.1329723 1.0
v -0.146774 1.147736 -0.1342561 1.0
v -0.1503959 1.141173 -0.1352101 1.0
v -0.1557316 1.133112 -0.1361759 1.0
v -0.1619509 1.123335 -0.1374349 1.0
v -0.1670052 1.113573 -0.1389389 1.0
v -0.1710188 1.104655 -0.1404641 1.0
v -0.1749825 1.095929 -0.1419323 1.0
v -0.1790549 1.086994 -0.1434174 1.0
v -0.1830489 1.078344 -0.1448457 1.0
v -0.1872871 1.069597 -0.1462695 1.0
v -0.1914802 1.060751 -0.1477813 1.0
v -0.1956042 1.053139 -0.1489217 1.0
v -0.2001534 1.047462 -0.1492388 1.0
v -0.2073983 1.042222 -0.1485929 1.0
v -0.2164828 1.034658 -0.1479607 1.0
v -0.2223874 1.026573 -0.1483968 1.0
v -0.2283279 1.018523 -0.1488084 1.0
v -0.2344405 1.010644 -0.1491024 1.0
v -0.03077781 1.591377 -0.06244689 1.0
v -0.03378945 1.587222 -0.07090579 1.0
v -0.03634052 1.581506 -0.07842207 1.0
v -0.03866143 1.574808 -0.08529486 1.0
v -0.04080596 1.567648 -0.09159935 1.0
v -0.04272544 1.559929 -0.09729636 1.0
v -0.04440935 1.551835 -0.1025016 1.0
v -0.04577479 1.543411 -0.1072023 1.0
v -0.04707646 1.534687 -0.1113053 1.0
v -0.04858131 1.525722 -0.1146068 1.0
v -0.05026009 1.516536 -0.117003 1.0
v -0.05206899 1.50718 -0.1185419 1.0
v -0.05405692 1.497786 -0.1192262 1.0
v -0.05615361 1.488374 -0.1191321 1.0
v -0.05813561 1.478827 -0.1184868 1.0
v -0.05994234 1.469524 -0.1171841 1.0
v -0.0615285 1.460147 -0.1154521 1.0
v -0.06255744 1.450664 -0.113705 1.0
v -0.06297411 1.441138 -0.1118849 1.0
v -0.06322992 1.431391 -0.1100083 1.0
v -0.06353529 1.421669 -0.1081752 1.0
v -0.06380367 1.411895 -0.1063606 1.0
v -0.06453346 1.402094 -0.1044106 1.0
v -0.06604121 1.392555 -0.1021075 1.0
v -0.06811105 1.382882 -0.09966008 1.0
v -0.07034585 1.372857 -0.09779127 1.0
v -0.07271335 1.362855 -0.09671272 1.0
v -0.07502305 1.352923 -0.09630813 1.0
v -0.07683346 1.343009 -0.09664498 1.0
v -0.07820529 1.332933 -0.09776619 1.0
v -0.07999278 1.323117 -0.09896796 1.0
v -0.0828547 1.313516 -0.09987696 1.0
v -0.08621634 1.30412 -0.100765 1.0
v -0.08892205 1.294657 -0.1020487 1.0
v -0.09030621 1.284986 -0.103999 1.0
v -0.09093489 1.275336 -0.1063578 1.0
v -0.0916141 1.265726 -0.108766 1.0
v -0.09252197 1.256114 -0.111164 1.0
v -0.09344738 1.24654 -0.113615 1.0
v -0.09432702 1.236989 -0.1161121 1.0
v -0.0949531 1.227439 -0.1187283 1.0
v -0.09585945 1.217903 -0.1212867 1.0
v -0.09778991 1.208454 -0.1235193 1.0
v -0.1008032 1.199185 -0.125378 1.0
v -0.1041737 1.190021 -0.127143 1.0
v -0.1074587 1.180828 -0.1290098 1.0
v -0.1108503 1.171691 -0.1308728 1.0
v -0.11449 1.162646 -0.1326604 1.0
v -0.1184734 1.153729 -0.1343211 1.0
v -0.1227878 1.144936 -0.1358668 1.0
v -0.1276704 1.136402 -0.1372099 1.0
v -0.133365 1.128344 -0.1382277 1.0
v -0.139538 1.120628 -0.1390409 1.0
v -0.1454763 1.112757 -0.1399817 1.0
v -0.1507523 1.104464 -0.1412609 1.0
v -0.1557169 1.096017 -0.1427072 1.0
v -0.1608131 1.087646 -0.1441067 1.0
v -0.1659855 1.079311 -0.1454834 1.0
v -0.1713129 1.071061 -0.1468138 1.0
v -0.1768561 1.062935 -0.1480897 1.0
v -0.1823783 1.054808 -0.149422 1.0
v -0.1885228 1.047122 -0.1504336 1.0
v -0.1961436 1.040895 -0.1505078 1.0
v -0.2050141 1.036619 -0.1495668 1.0
v -0.2133 1.031548 -0.1488945 1.0
v -0.2203106 1.024544 -0.1490061 1.0
v -0.2273166 1.017535 -0.1491051 1.0
v -0.2343004 1.010507 -0.1491435 1.0
v -0.03077738 1.591377 -0.0624471 1.0
v -0.03260769 1.587609 -0.07151543 1.0
v -0.03400996 1.582259 -0.07983844 1.0
v -0.0351746 1.575958 -0.08757349 1.0
v -0.03618608 1.5691 -0.09487536 1.0
v -0.03698603 1.561656 -0.1016189 1.0
v -0.03757911 1.55389 -0.1078806 1.0
v -0.03794803 1.545683 -0.1137605 1.0
v -0.03840617 1.536727 -0.1192815 1.0
v -0.03924228 1.527005 -0.1241383 1.0
v -0.0403172 1.516912 -0.1279533 1.0
v -0.04157976 1.506486 -0.1307567 1.0
v -0.04304436 1.495653 -0.1324738 1.0
v -0.04446907 1.485307 -0.1331709 1.0
v -0.04565965 1.475372 -0.1332014 1.0
v -0.04697118 1.464784 -0.1324558 1.0
v -0.04778469 1.455296 -0.1312558 1.0
v -0.04785385 1.446776 -0.1301247 1.0
v -0.04747577 1.437658 -0.1288742 1.0
v -0.04707308 1.427697 -0.1275353 1.0
v -0.04660074 1.418244 -0.1261975 1.0
v -0.04622218 1.407826 -0.1247769 1.0
v -0.04664245 1.395844 -0.1230344 1.0
v -0.04802904 1.384196 -0.120871 1.0
v -0.04942799 1.374661 -0.1188677 1.0
v -0.0505843 1.366212 -0.1174982 1.0
v -0.05190124 1.357129 -0.1165216 1.0
v -0.05302151 1.349082 -0.1161028 1.0
v -0.05382031 1.340881 -0.116291 1.0
v -0.05430691 1.332553 -0.1171066 1.0
v -0.05570975 1.320763 -0.1182381 1.0
v -0.05909646 1.307272 -0.119353 1.0
v -0.06221895 1.297872 -0.1202168 1.0
v -0.06367353 1.292703 -0.1209407 1.0
v -0.06440774 1.287142 -0.1219125 1.0
v -0.06490606 1.278553 -0.123672 1.0
v -0.0656537 1.267705 -0.1259685 1.0
v -0.06665701 1.258038 -0.1279755 1.0
v -0.06774533 1.248403 -0.1300018 1.0
v -0.06881052 1.239486 -0.1318936 1.0
v -0.06976756 1.229902 -0.1341047 1.0
v -0.0713203 1.217909 -0.1368634 1.0
v -0.07451922 1.204748 -0.1395003 1.0
v -0.07851971 1.193955 -0.1412123 1.0
v -0.08235198 1.184953 -0.1424879 1.0
v -0.08608118 1.17612 -0.1438344 1.0
v -0.09018487 1.166712 -0.145294 1.0
v -0.09473462 1.157006 -0.146741 1.0
v -0.09965686 1.147484 -0.1480191 1.0
v -0.1050639 1.137896 -0.1491895 1.0
v -0.1114413 1.128054 -0.1502122 1.0
v -0.119065 1.118413 -0.1509023 1.0
v -0.1259365 1.110926 -0.1511715 1.0
v -0.1314553 1.104829 -0.1513983 1.0
v -0.1368333 1.097893 -0.1520125 1.0
v -0.1426379 1.089779 -0.1528959 1.0
v -0.1487486 1.081604 -0.1537002 1.0
v -0.1548838 1.073706 -0.1543971 1.0
v -0.1613889 1.065687 -0.1550165 1.0
v -0.1680552 1.058009 -0.1554914 1.0
v -0.1747152 1.050406 -0.1559608 1.0
v -0.1826914 1.042419 -0.1561367 1.0
v -0.1931975 1.035436 -0.1552334 1.0
v -0.2034938 1.031919 -0.1532583 1.0
v -0.2108418 1.029074 -0.1518121 1.0
v -0.2187066 1.022929 -0.1509098 1.0
v -0.2265355 1.016749 -0.1500321 1.0
v -0.2341923 1.010398 -0.1492719 1.0
v -0.03077738 1.591377 -0.0624471 1.0
v -0.03260769 1.587609 -0.07151543 1.0
v -0.03400996 1.582259 -0.07983844 1.0
v -0.0351746 1.575958 -0.08757349 1.0
v -0.03618608 1.5691 -0.09487536 1.0
v -0.03698603 1.561656 -0.1016189 1.0
v -0.03757911 1.55389 -0.1078806 1.0
v -0.03794803 1.545683 -0.1137605 1.0
v -0.03840617 1.536727 -0.1192815 1.0
v -0.03924228 1.527005 -0.1241383 1.0
v -0.0403172 1.516912 -0.1279533 1.0
v -0.04157976 1.506486 -0.1307567 1.0
v -0.04304436 1.495653 -0.1324738 1.0
v -0.04446907 1.485307 -0.1331709 1.0
v -0.04565965 1.475372 -0.1332014 1.0
v -0.04697118 1.464784 -0.1324558 1.0
v -0.04778469 1.455296 -0.1312558 1.0
v -0.04785385 1.446776 -0.1301247 1.0
v -0.04747577 1.437658 -0.1288742 1.0
v -0.04707308 1.427697 -0.1275353 1.0
v -0.04660074 1.418244 -0.1261975 1.0
v -0.04622218 1.407826 -0.1247769 1.0
v -0.04664245 1.395844 -0.1230344 1.0
v -0.04802904 1.384196 -0.120871 1.0
v -0.04942799 1.374661 -0.1188677 1.0
v -0.0505843 1.366212 -0.1174982 1.0
v -0.05190124 1.357129 -0.1165216 1.0
v -0.05302151 1.349082 -0.1161028 1.0
v -0.05382031 1.340881 -0.116291 1.0
v -0.05430691 1.332553 -0.1171066 1.0
v -0.05570975 1.320763 -0.1182381 1.0
v -0.05909646 1.307272 -0.119353 1.0
v -0.06221895 1.297872 -0.1202168 1.0
v -0.06367353 1.292703 -0.1209407 1.0
v -0.06440774 1.287142 -0.1219125 1.0
v -0.06490606 1.278553 -0.123672 1.0
v -0.0656537 1.267705 -0.1259685 1.0
v -0.06665701 1.258038 -0.1279755 1.0
v -0.06774533 1.248403 -0.1300018 1.0
v -0.06881052 1.239486 -0.1318936 1.0
v -0.06976756 1.229902 -0.1341047 1.0
v -0.0713203 1.217909 -0.1368634 1.0
v -0.07451922 1.204748 -0.1395003 1.0
v -0.07851971 1.193955 -0.1412123 1.0
v -0.08235198 1.184953 -0.1424879 1.0
v -0.08608118 1.17612 -0.1438344 1.0
v -0.09018487 1.166712 -0.145294 1.0
v -0.09473462 1.157006 -0.146741 1.0
v -0.09965686 1.147484 -0.1480191 1.0
v -0.1050639 1.137896 -0.1491895 1.0
v -0.1114413 1.128054 -0.1502122 1.0
v -0.119065 1.118413 -0.1509023 1.0
v -0.1259365 1.110926 -0.1511715 1.0
v -0.1314553 1.104829 -0.1513983 1.0
v -0.1368333 1.097893 -0.1520125 1.0
v -0.1426379 1.089779 -0.1528959 1.0
v -0.1487486 1.081604 -0.1537002 1.0
v -0.1548838 1.073706 -0.1543971 1.0
v -0.1613889 1.065687 -0.1550165 1.0
v -0.1680552 1.058009 -0.1554914 1.0
v -0.1747152 1.050406 -0.1559608 1.0
v -0.1826914 1.042419 -0.1561367 1.0
v -0.1931975 1.035436 -0.1552334 1.0
v -0.2034938 1.031919 -0.1532583 1.0
v -0.2108418 1.029074 -0.1518121 1.0
v -0.2187066 1.022929 -0.1509098 1.0
v -0.2265355 1.016749 -0.1500321 1.0
v -0.2341923 1.010398 -0.1492719 1.0
v -0.03077785 1.591378 -0.06244697 1.0
v -0.03392604 1.587831 -0.07115449 1.0
v -0.03674115 1.582582 -0.07917392 1.0
v -0.03933972 1.576381 -0.08650268 1.0
v -0.0418309 1.569561 -0.09342446 1.0
v -0.04412201 1.562129 -0.09975844 1.0
v -0.04621439 1.554243 -0.1056194 1.0
v -0.04803288 1.54592 -0.110991 1.0
v -0.04981881 1.53721 -0.1157495 1.0
v -0.05184561 1.5281 -0.1197033 1.0
v -0.0540482 1.518645 -0.1227222 1.0
v -0.05635493 1.508981 -0.1248262 1.0
v -0.0587842 1.499172 -0.1260549 1.0
v -0.0612599 1.489319 -0.1264631 1.0
v -0.06351962 1.479538 -0.1262896 1.0
v -0.06569353 1.469571 -0.1253495 1.0
v -0.06752733 1.459692 -0.12397 1.0
v -0.06872006 1.449748 -0.1225959 1.0
v -0.06930279 1.43977 -0.1211239 1.0
v -0.069745 1.430013 -0.1196296 1.0
v -0.07016969 1.420212 -0.1182014 1.0
v -0.07058913 1.41046 -0.1167687 1.0
v -0.0715224 1.400855 -0.1151687 1.0
v -0.07324658 1.391341 -0.1131632 1.0
v -0.07531278 1.382163 -0.111169 1.0
v -0.07734638 1.373126 -0.1098152 1.0
v -0.07944264 1.363909 -0.1091853 1.0
v -0.08152455 1.354537 -0.1091412 1.0
v -0.08316159 1.344981 -0.1097812 1.0
v -0.08431269 1.335567 -0.1111151 1.0
v -0.08581859 1.32604 -0.1125672 1.0
v -0.08843559 1.316731 -0.1136521 1.0
v -0.09168631 1.30755 -0.1146225 1.0
v -0.09438699 1.298162 -0.1159313 1.0
v -0.09567638 1.288621 -0.1178686 1.0
v -0.09613565 1.27906 -0.1201948 1.0
v -0.0966204 1.269481 -0.1225488 1.0
v -0.09734818 1.259919 -0.1248391 1.0
v -0.09808929 1.250341 -0.127159 1.0
v -0.09879441 1.240752 -0.1294967 1.0
v -0.09926949 1.231175 -0.1319087 1.0
v -0.1000312 1.221596 -0.134238 1.0
v -0.1018358 1.212075 -0.1362181 1.0
v -0.1047043 1.202751 -0.1378011 1.0
v -0.107919 1.193518 -0.1392773 1.0
v -0.1110458 1.184285 -0.1408269 1.0
v -0.1142949 1.175074 -0.1423595 1.0
v -0.1178007 1.165932 -0.1438049 1.0
v -0.1216472 1.156901 -0.1451146 1.0
v -0.1258142 1.148007 -0.1462951 1.0
v -0.1305449 1.139388 -0.1472584 1.0
v -0.1360959 1.131243 -0.1478847 1.0
v -0.1421301 1.12341 -0.1483064 1.0
v -0.1479299 1.115407 -0.1488515 1.0
v -0.1530861 1.107002 -0.1496905 1.0
v -0.1579399 1.098416 -0.1506529 1.0
v -0.162918 1.089887 -0.1515259 1.0
v -0.1679532 1.08139 -0.1523311 1.0
v -0.1731249 1.07297 -0.1530485 1.0
v -0.1784862 1.064671 -0.1536712 1.0
v -0.1838171 1.056349 -0.1543202 1.0
v -0.1897728 1.048437 -0.1546248 1.0
v -0.1972073 1.042003 -0.1539645 1.0
v -0.205878 1.037522 -0.1522844 1.0
v -0.2140246 1.032184 -0.1508783 1.0
v -0.2207834 1.024959 -0.1503006 1.0
v -0.2275468 1.017737 -0.1497354 1.0
v -0.2343323 1.010535 -0.1492308 1.0
v -0.03077827 1.591377 -0.06244676 1.0
v -0.03077781 1.591377 -0.06244689 1.0
v -0.03077738 1.591377 -0.0624471 1.0
v -0.03077785 1.591378 -0.06244697 1.0
v -0.2344405 1.010644 -0.1491024 1.0
v -0.2343004 1.010507 -0.1491435 1.0
v -0.2341923 1.010398 -0.1492719 1.0
v -0.2343323 1.010535 -0.1492308 1.0
v 0.03029859 1.591416 -0.06253798 1.0
v 0.03215752 1.587654 -0.0716068 1.0
v 0.03353672 1.582266 -0.07991023 1.0
v 0.03468884 1.575944 -0.08764428 1.0
v 0.03570829 1.569105 -0.09496798 1.0
v 0.03652106 1.561689 -0.1017459 1.0
v 0.03712604 1.553942 -0.1080394 1.0
v 0.03751078 1.545756 -0.1139573 1.0
v 0.03799018 1.536814 -0.1195196 1.0
v 0.03884243 1.527078 -0.1243929 1.0
v 0.0399179 1.516957 -0.1281808 1.0
v 0.04117452 1.506515 -0.1309462 1.0
v 0.04263503 1.495667 -0.1326351 1.0
v 0.0440446 1.485308 -0.1332956 1.0
v 0.04521129 1.475366 -0.1332845 1.0
v 0.04648447 1.464773 -0.1324825 1.0
v 0.04724848 1.455283 -0.1312118 1.0
v 0.04726552 1.446763 -0.1300008 1.0
v 0.04684463 1.437654 -0.1286804 1.0
v 0.04640473 1.427703 -0.1272803 1.0
v 0.0459239 1.418256 -0.1259272 1.0
v 0.04555088 1.40783 -0.1245145 1.0
v 0.04597747 1.395829 -0.1227728 1.0
v 0.04735789 1.384173 -0.1205868 1.0
v 0.04873696 1.374632 -0.1185342 1.0
v 0.04987982 1.366168 -0.1171199 1.0
v 0.05120349 1.357069 -0.116134 1.0
v 0.05233047 1.34901 -0.1157076 1.0
v 0.05312651 1.340798 -0.1158732 1.0
v 0.05361103 1.33245 -0.1166675 1.0
v 0.0550263 1.320651 -0.1178113 1.0
v 0.05844852 1.307164 -0.1189982 1.0
v 0.06159176 1.297767 -0.1199052 1.0
v 0.06305121 1.292597 -0.1206419 1.0
v 0.06380706 1.287048 -0.1216733 1.0
v 0.06434005 1.278478 -0.1235263 1.0
v 0.06512426 1.267648 -0.1259177 1.0
v 0.06614711 1.257989 -0.1279778 1.0
v 0.06725036 1.248363 -0.1300463 1.0
v 0.06831963 1.239449 -0.1319555 1.0
v 0.06926911 1.229856 -0.134148 1.0
v 0.0708214 1.217854 -0.1368951 1.0
v 0.07402712 1.204682 -0.1395227 1.0
v 0.07803649 1.193888 -0.1412389 1.0
v 0.0818707 1.184885 -0.1425147 1.0
v 0.08559045 1.176047 -0.1438374 1.0
v 0.08968282 1.166626 -0.1452598 1.0
v 0.09422493 1.156904 -0.1466716 1.0
v 0.09909043 1.147465 -0.1479405 1.0
v 0.1044905 1.13781 -0.1491602 1.0
v 0.1112339 1.127542 -0.1502241 1.0
v 0.1199292 1.117445 -0.1507271 1.0
v 0.1264361 1.111152 -0.1506903 1.0
v 0.1311287 1.105946 -0.1508851 1.0
v 0.1363087 1.098658 -0.1516745 1.0
v 0.1419802 1.09017 -0.1527011 1.0
v 0.1481263 1.081638 -0.1536063 1.0
v 0.1542899 1.073677 -0.1543267 1.0
v 0.1608437 1.065649 -0.1549539 1.0
v 0.1675182 1.057997 -0.1554398 1.0
v 0.1741638 1.050427 -0.1559305 1.0
v 0.1821221 1.042464 -0.1561328 1.0
v 0.1926119 1.035474 -0.1552519 1.0
v 0.2029668 1.031915 -0.1532512 1.0
v 0.2102853 1.029016 -0.1518124 1.0
v 0.2181635 1.022883 -0.1509009 1.0
v 0.2260039 1.016712 -0.1500082 1.0
v 0.2336712 1.01037 -0.1492297 1.0
v 0.03029859 1.591416 -0.06253798 1.0
v 0.03215752 1.587654 -0.0716068 1.0
v 0.03353672 1.582266 -0.07991023 1.0
v 0.03468884 1.575944 -0.08764428 1.0
v 0.03570829 1.569105 -0.09496798 1.0
v 0.03652106 1.561689 -0.1017459 1.0
v 0.03712604 1.553942 -0.1080394 1.0
v 0.03751078 1.545756 -0.1139573 1.0
v 0.03799018 1.536814 -0.1195196 1.0
v 0.03884243 1.527078 -0.1243929 1.0
v 0.0399179 1.516957 -0.1281808 1.0
v 0.04117452 1.506515 -0.1309462 1.0
v 0.04263503 1.495667 -0.1326351 1.0
v 0.0440446 1.485308 -0.1332956 1.0
v 0.04521129 1.475366 -0.1332845 1.0
v 0.04648447 1.464773 -0.1324825 1.0
v 0.04724848 1.455283 -0.1312118 1.0
v 0.04726552 1.446763 -0.1300008 1.0
v 0.04684463 1.437654 -0.1286804 1.0
v 0.04640473 1.427703 -0.1272803 1.0
v 0.0459239 1.418256 -0.1259272 1.0
v 0.04555088 1.40783 -0.1245145 1.0
v 0.04597747 1.395829 -0.1227728 1.0
v 0.04735789 1.384173 -0.1205868 1.0
v 0.04873696 1.374632 -0.1185342 1.0
v 0.04987982 1.366168 -0.1171199 1.0
v 0.05120349 1.357069 -0.116134 1.0
v 0.05233047 1.34901 -0.1157076 1.0
v 0.05312651 1.340798 -0.1158732 1.0
v 0.05361103 1.33245 -0.1166675 1.0
v 0.0550263 1.320651 -0.1178113 1.0
v 0.05844852 1.307164 -0.1189982 1.0
v 0.06159176 1.297767 -0.1199052 1.0
v 0.06305121 1.292597 -0.1206419 1.0
v 0.06380706 1.287048 -0.1216733 1.0
v 0.06434005 1.278478 -0.1235263 1.0
v 0.06512426 1.267648 -0.1259177 1.0
v 0.06614711 1.257989 -0.1279778 1.0
v 0.06725036 1.248363 -0.1300463 1.0
v 0.06831963 1.239449 -0.1319555 1.0
v 0.06926911 1.229856 -0.134148 1.0
v 0.0708214 1.217854 -0.1368951 1.0
v 0.07402712 1.204682 -0.1395227 1.0
v 0.07803649 1.193888 -0.1412389 1.0
v 0.0818707 1.184885 -0.1425147 1.0
v 0.08559045 1.176047 -0.1438374 1.0
v 0.08968282 1.166626 -0.1452598 1.0
v 0.09422493 1.156904 -0.1466716 1.0
v 0.09909043 1.147465 -0.1479405 1.0
v 0.1044905 1.13781 -0.1491602 1.0
v 0.1112339 1.127542 -0.1502241 1.0
v 0.1199292 1.117445 -0.1507271 1.0
v 0.1264361 1.111152 -0.1506903 1.0
v 0.1311287 1.105946 -0.1508851 1.0
v 0.1363087 1.098658 -0.1516745 1.0
v 0.1419802 1.09017 -0.1527011 1.0
v 0.1481263 1.081638 -0.1536063 1.0
v 0.1542899 1.073677 -0.1543267 1.0
v 0.1608437 1.065649 -0.1549539 1.0
v 0.1675182 1.057997 -0.1554398 1.0
v 0.1741638 1.050427 -0.1559305 1.0
v 0.1821221 1.042464 -0.1561328 1.0
v 0.1926119 1.035474 -0.1552519 1.0
v 0.2029668 1.031915 -0.1532512 1.0
v 0.2102853 1.029016 -0.1518124 1.0
v 0.2181635 1.022883 -0.1509009 1.0
v 0.2260039 1.016712 -0.1500082 1.0
v 0.2336712 1.01037 -0.1492297 1.0
v 0.03029901 1.591416 -0.06253777 1.0
v 0.03333015 1.587252 -0.07098951 1.0
v 0.03586045 1.581499 -0.07848975 1.0
v 0.03817642 1.574792 -0.08536749 1.0
v 0.04032945 1.567646 -0.09169704 1.0
v 0.04225947 1.559949 -0.09742701 1.0
v 0.04395176 1.551871 -0.1026607 1.0
v 0.04532467 1.543461 -0.1073917 1.0
v 0.04662778 1.534749 -0.1115144 1.0
v 0.04812267 1.525789 -0.114805 1.0
v 0.04978142 1.51659 -0.1171587 1.0
v 0.05157031 1.50721 -0.1186519 1.0
v 0.05354088 1.497803 -0.1192999 1.0
v 0.05562475 1.488378 -0.1191713 1.0
v 0.05760235 1.478824 -0.1184991 1.0
v 0.0594217 1.469511 -0.1171812 1.0
v 0.06102635 1.460133 -0.1154376 1.0
v 0.06206995 1.450655 -0.1136729 1.0
v 0.06249589 1.441131 -0.111831 1.0
v 0.06276189 1.431377 -0.1099362 1.0
v 0.06307671 1.421637 -0.1081042 1.0
v 0.06335453 1.411861 -0.1063047 1.0
v 0.06408113 1.402086 -0.1043581 1.0
v 0.06556187 1.392573 -0.1020273 1.0
v 0.0676044 1.382899 -0.09952816 1.0
v 0.06982705 1.372851 -0.09761419 1.0
v 0.0721878 1.362832 -0.09651855 1.0
v 0.07450159 1.352884 -0.09610946 1.0
v 0.07632703 1.342958 -0.09645234 1.0
v 0.07772166 1.33287 -0.09759322 1.0
v 0.07952043 1.323064 -0.09881765 1.0
v 0.08237181 1.313476 -0.09974731 1.0
v 0.0857321 1.304077 -0.1006512 1.0
v 0.08844674 1.2946 -0.1019531 1.0
v 0.08982907 1.284915 -0.103937 1.0
v 0.09044874 1.27527 -0.1063308 1.0
v 0.0911145 1.265677 -0.1087593 1.0
v 0.09200852 1.256071 -0.1111601 1.0
v 0.09291846 1.246493 -0.1136072 1.0
v 0.09378809 1.236935 -0.1160992 1.0
v 0.09441267 1.22738 -0.1187054 1.0
v 0.09532205 1.217829 -0.121258 1.0
v 0.09727114 1.208361 -0.1234968 1.0
v 0.1003035 1.199098 -0.1253745 1.0
v 0.1036826 1.189943 -0.1271522 1.0
v 0.1069623 1.180761 -0.1290063 1.0
v 0.1103505 1.171619 -0.1308465 1.0
v 0.1139942 1.16256 -0.1326169 1.0
v 0.1179712 1.15362 -0.1342902 1.0
v 0.1222555 1.14481 -0.1358709 1.0
v 0.1272075 1.136325 -0.1371919 1.0
v 0.1332922 1.128551 -0.1380051 1.0
v 0.1398591 1.121144 -0.1385956 1.0
v 0.1456343 1.113157 -0.1395991 1.0
v 0.1505544 1.104669 -0.1410232 1.0
v 0.1552545 1.096081 -0.1425701 1.0
v 0.1602238 1.087632 -0.144024 1.0
v 0.1653899 1.079287 -0.1454147 1.0
v 0.1707487 1.071052 -0.1467473 1.0
v 0.1763074 1.062933 -0.1480308 1.0
v 0.1818317 1.054804 -0.1493807 1.0
v 0.1879757 1.047113 -0.1504089 1.0
v 0.1955974 1.040879 -0.1504894 1.0
v 0.2044727 1.036604 -0.1495398 1.0
v 0.2127277 1.031487 -0.1488796 1.0
v 0.2197541 1.024493 -0.1489822 1.0
v 0.2267768 1.017495 -0.1490714 1.0
v 0.233778 1.010478 -0.1490997 1.0
v 0.03029947 1.591416 -0.06253763 1.0
v 0.03464831 1.587458 -0.07061838 1.0
v 0.03859296 1.581805 -0.07782248 1.0
v 0.04234138 1.575215 -0.0842963 1.0
v 0.04597344 1.56811 -0.09024333 1.0
v 0.04939386 1.560421 -0.09556022 1.0
v 0.0525845 1.552222 -0.1003892 1.0
v 0.05540406 1.543689 -0.1046015 1.0
v 0.05802778 1.53521 -0.107939 1.0
v 0.0607038 1.526855 -0.1103004 1.0
v 0.06348123 1.518295 -0.1118372 1.0
v 0.06630554 1.509681 -0.1126126 1.0
v 0.06923344 1.501303 -0.1127563 1.0
v 0.07236801 1.49238 -0.1123397 1.0
v 0.07542369 1.482984 -0.1114853 1.0
v 0.07812766 1.474299 -0.1100328 1.0
v 0.08078534 1.464524 -0.1081935 1.0
v 0.08298378 1.45361 -0.1062703 1.0
v 0.08439315 1.443211 -0.1042725 1.0
v 0.08552454 1.433653 -0.1022835 1.0
v 0.0867419 1.423566 -0.1003878 1.0
v 0.08781822 1.414454 -0.09858303 1.0
v 0.08905776 1.407042 -0.0967686 1.0
v 0.0908753 1.399647 -0.09457289 1.0
v 0.09357988 1.390341 -0.0920821 1.0
v 0.09666938 1.379741 -0.09019446 1.0
v 0.09979529 1.369613 -0.08943532 1.0
v 0.1030618 1.358359 -0.0894023 1.0
v 0.105725 1.347096 -0.09022889 1.0
v 0.1077843 1.335954 -0.09193191 1.0
v 0.1096792 1.328411 -0.09348873 1.0
v 0.1117475 1.322986 -0.09432676 1.0
v 0.1152289 1.313804 -0.09530207 1.0
v 0.119188 1.300122 -0.09718925 1.0
v 0.12112 1.286464 -0.1000967 1.0
v 0.1216919 1.275829 -0.1029859 1.0
v 0.1220858 1.267471 -0.1053904 1.0
v 0.1226996 1.257947 -0.1080196 1.0
v 0.1232583 1.248409 -0.1107061 1.0
v 0.1237664 1.238169 -0.1136176 1.0
v 0.1239103 1.228622 -0.1164354 1.0
v 0.1240287 1.221497 -0.1185608 1.0
v 0.1245782 1.215696 -0.1201541 1.0
v 0.1264785 1.207905 -0.1219216 1.0
v 0.1292447 1.198514 -0.1239177 1.0
v 0.1319312 1.188911 -0.125995 1.0
v 0.1344682 1.179963 -0.1279271 1.0
v 0.137066 1.171482 -0.1297149 1.0
v 0.1400029 1.162956 -0.1314375 1.0
v 0.143023 1.154896 -0.1330124 1.0
v 0.1460454 1.148089 -0.1342126 1.0
v 0.1493837 1.142532 -0.1349478 1.0
v 0.1558615 1.133883 -0.1357802 1.0
v 0.1625784 1.123 -0.1371922 1.0
v 0.1671317 1.113201 -0.1388069 1.0
v 0.17075 1.104383 -0.1403881 1.0
v 0.1744212 1.095869 -0.1418615 1.0
v 0.1784519 1.086984 -0.1433502 1.0
v 0.1824604 1.078372 -0.1447742 1.0
v 0.1867253 1.069614 -0.1462013 1.0
v 0.1909397 1.060734 -0.1477252 1.0
v 0.1950855 1.053091 -0.1488703 1.0
v 0.1996563 1.047407 -0.1491759 1.0
v 0.2068483 1.042206 -0.1485407 1.0
v 0.215901 1.034602 -0.1479264 1.0
v 0.2218235 1.026524 -0.1483536 1.0
v 0.2277839 1.018484 -0.1487621 1.0
v 0.2339174 1.010615 -0.1490564 1.0
v 0.03029947 1.591416 -0.06253763 1.0
v 0.03464831 1.587458 -0.07061838 1.0
v 0.03859296 1.581805 -0.07782248 1.0
v 0.04234138 1.575215 -0.0842963 1.0
v 0.04597344 1.56811 -0.09024333 1.0
v 0.04939386 1.560421 -0.09556022 1.0
v 0.0525845 1.552222 -0.1003892 1.0
v 0.05540406 1.543689 -0.1046015 1.0
v 0.05802778 1.53521 -0.107939 1.0
v 0.0607038 1.526855 -0.1103004 1.0
v 0.06348123 1.518295 -0.1118372 1.0
v 0.06630554 1.509681 -0.1126126 1.0
v 0.06923344 1.501303 -0.1127563 1.0
v 0.07236801 1.49238 -0.1123397 1.0
v 0.07542369 1.482984 -0.1114853 1.0
v 0.07812766 1.474299 -0.1100328 1.0
v 0.08078534 1.464524 -0.1081935 1.0
v 0.08298378 1.45361 -0.1062703 1.0
v 0.08439315 1.443211 -0.1042725 1.0
v 0.08552454 1.433653 -0.1022835 1.0
v 0.0867419 1.423566 -0.1003878 1.0
v 0.08781822 1.414454 -0.09858303 1.0
v 0.08905776 1.407042 -0.0967686 1.0
v 0.0908753 1.399647 -0.09457289 1.0
v 0.09357988 1.390341 -0.0920821 1.0
v 0.09666938 1.379741 -0.09019446 1.0
v 0.09979529 1.369613 -0.08943532 1.0
v 0.1030618 1.358359 -0.0894023 1.0
v 0.105725 1.347096 -0.09022889 1.0
v 0.1077843 1.335954 -0.09193191 1.0
v 0.1096792 1.328411 -0.09348873 1.0
v 0.1117475 1.322986 -0.09432676 1.0
v 0.1152289 1.313804 -0.09530207 1.0
v 0.119188 1.300122 -0.09718925 1.0
v 0.12112 1.286464 -0.1000967 1.0
v 0.1216919 1.275829 -0.1029859 1.0
v 0.1220858 1.267471 -0.1053904 1.0
v 0.1226996 1.257947 -0.1080196 1.0
v 0.1232583 1.248409 -0.1107061 1.0
v 0.1237664 1.238169 -0.1136176 1.0
v 0.1239103 1.228622 -0.1164354 1.0
v 0.1240287 1.221497 -0.1185608 1.0
v 0.1245782 1.215696 -0.1201541 1.0
v 0.1264785 1.207905 -0.1219216 1.0
v 0.1292447 1.198514 -0.1239177 1.0
v 0.1319312 1.188911 -0.125995 1.0
v 0.1344682 1.179963 -0.1279271 1.0
v 0.137066 1.171482 -0.1297149 1.0
v 0.1400029 1.162956 -0.1314375 1.0
v 0.143023 1.154896 -0.1330124 1.0
v 0.1460454 1.148089 -0.1342126 1.0
v 0.1493837 1.142532 -0.1349478 1.0
v 0.1558615 1.133883 -0.1357802 1.0
v 0.1625784 1.123 -0.1371922 1.0
v 0.1671317 1.113201 -0.1388069 1.0
v 0.17075 1.104383 -0.1403881 1.0
v 0.1744212 1.095869 -0.1418615 1.0
v 0.1784519 1.086984 -0.1433502 1.0
v 0.1824604 1.078372 -0.1447742 1.0
v 0.1867253 1.069614 -0.1462013 1.0
v 0.1909397 1.060734 -0.1477252 1.0
v 0.1950855 1.053091 -0.1488703 1.0
v 0.1996563 1.047407 -0.1491759 1.0
v 0.2068483 1.042206 -0.1485407 1.0
v 0.215901 1.034602 -0.1479264 1.0
v 0.2218235 1.026524 -0.1483536 1.0
v 0.2277839 1.018484 -0.1487621 1.0
v 0.2339174 1.010615 -0.1490564 1.0
v 0.03029905 1.591416 -0.06253785 1.0
v 0.03347569 1.58786 -0.07123566 1.0
v 0.03626924 1.582571 -0.07924296 1.0
v 0.0388538 1.576367 -0.08657309 1.0
v 0.04135227 1.569568 -0.09351426 1.0
v 0.04365545 1.56216 -0.09987908 1.0
v 0.04575879 1.554292 -0.1057679 1.0
v 0.04759017 1.545983 -0.1111671 1.0
v 0.04939017 1.537275 -0.1159442 1.0
v 0.05142356 1.528144 -0.1198883 1.0
v 0.0536177 1.518662 -0.1228593 1.0
v 0.05590975 1.508986 -0.1249069 1.0
v 0.05832759 1.499167 -0.1260915 1.0
v 0.06078785 1.48931 -0.126464 1.0
v 0.06303263 1.479526 -0.1262706 1.0
v 0.06519043 1.469562 -0.1253341 1.0
v 0.06700747 1.459674 -0.1239677 1.0
v 0.06817935 1.449718 -0.1225982 1.0
v 0.06874189 1.439735 -0.121122 1.0
v 0.06916738 1.429978 -0.1196276 1.0
v 0.06958909 1.420186 -0.1182108 1.0
v 0.07001457 1.410423 -0.1167929 1.0
v 0.0709541 1.400785 -0.1151833 1.0
v 0.07267132 1.391248 -0.1131324 1.0
v 0.07471246 1.382074 -0.1110881 1.0
v 0.07672214 1.373057 -0.1097001 1.0
v 0.07881098 1.36385 -0.1090508 1.0
v 0.08089063 1.354486 -0.1090005 1.0
v 0.08252446 1.344936 -0.1096497 1.0
v 0.08367372 1.335534 -0.1110062 1.0
v 0.0851851 1.325998 -0.1124824 1.0
v 0.08782423 1.316674 -0.1135776 1.0
v 0.09108854 1.307494 -0.1145561 1.0
v 0.09379247 1.29812 -0.1158781 1.0
v 0.09509799 1.288597 -0.117833 1.0
v 0.09558322 1.279036 -0.1201814 1.0
v 0.0960955 1.269441 -0.1225488 1.0
v 0.09683818 1.259865 -0.1248372 1.0
v 0.09759021 1.250279 -0.1271452 1.0
v 0.09829796 1.240683 -0.1294739 1.0
v 0.09876675 1.231099 -0.1318781 1.0
v 0.09952804 1.221523 -0.134198 1.0
v 0.1013342 1.212017 -0.13618 1.0
v 0.1042115 1.202696 -0.137786 1.0
v 0.1074328 1.193456 -0.1392802 1.0
v 0.1105593 1.184198 -0.1408261 1.0
v 0.1138005 1.174971 -0.1423404 1.0
v 0.1172967 1.165827 -0.1437696 1.0
v 0.1211221 1.156801 -0.1450878 1.0
v 0.125258 1.147896 -0.1463017 1.0
v 0.1300719 1.139306 -0.1472448 1.0
v 0.1360206 1.131426 -0.1476698 1.0
v 0.1424385 1.123891 -0.1478748 1.0
v 0.1480728 1.115789 -0.1484782 1.0
v 0.1528859 1.10719 -0.1494582 1.0
v 0.1574757 1.098471 -0.1505191 1.0
v 0.1623237 1.089875 -0.1514437 1.0
v 0.1673519 1.081373 -0.1522621 1.0
v 0.1725555 1.07297 -0.1529809 1.0
v 0.1779361 1.064678 -0.1536103 1.0
v 0.1832719 1.056356 -0.154275 1.0
v 0.1892319 1.048441 -0.1545942 1.0
v 0.1966708 1.042001 -0.1539384 1.0
v 0.2053424 1.037518 -0.1522521 1.0
v 0.2134586 1.03213 -0.1508591 1.0
v 0.220233 1.024914 -0.1502724 1.0
v 0.227011 1.017701 -0.1496989 1.0
v 0.2338106 1.010507 -0.1491865 1.0
v 0.03029859 1.591416 -0.06253798 1.0
v 0.03029901 1.591416 -0.06253777 1.0
v 0.03029947 1.591416 -0.06253763 1.0
v 0.03029905 1.591416 -0.06253785 1.0
v 0.2336712 1.01037 -0.1492297 1.0
v 0.233778 1.010478 -0.1490997 1.0
v 0.2339174 1.010615 -0.1490564 1.0
v 0.2338106 1.010507 -0.1491865 1.0
v -0.03234107 1.588567 -0.06805417 1.0
v -0.03830511 1.584185 -0.07483198 1.0
v -0.04383721 1.578438 -0.08093555 1.0
v -0.04884934 1.571368 -0.0857987 1.0
v -0.0540019 1.564185 -0.08981372 1.0
v -0.05908874 1.556437 -0.09260483 1.0
v -0.06389563 1.547952 -0.09442305 1.0
v -0.06858754 1.539401 -0.09599181 1.0
v -0.07304478 1.530739 -0.0970568 1.0
v -0.07718684 1.521928 -0.09756857 1.0
v -0.08097202 1.51307 -0.09741354 1.0
v -0.08459903 1.503578 -0.09686191 1.0
v -0.08777566 1.493619 -0.09613658 1.0
v -0.09027615 1.483879 -0.09517454 1.0
v -0.09233333 1.473791 -0.09405033 1.0
v -0.09390654 1.463345 -0.09290745 1.0
v -0.09493589 1.452464 -0.09188607 1.0
v -0.09539516 1.442086 -0.0907733 1.0
v -0.09576824 1.432459 -0.08960593 1.0
v -0.09623843 1.42238 -0.0885354 1.0
v -0.09668508 1.412858 -0.08744837 1.0
v -0.09742894 1.404075 -0.08637374 1.0
v -0.09864238 1.39507 -0.08538446 1.0
v -0.1001998 1.38603 -0.08448874 1.0
v -0.1021995 1.377263 -0.0839149 1.0
v -0.1047144 1.368587 -0.08363877 1.0
v -0.1077535 1.359412 -0.08366856 1.0
v -0.110884 1.351138 -0.08404507 1.0
v -0.1148942 1.341249 -0.08476041 1.0
v -0.1186908 1.330803 -0.08597087 1.0
v -0.1220378 1.319934 -0.0877685 1.0
v -0.1249038 1.308786 -0.0900839 1.0
v -0.1270459 1.296705 -0.09299342 1.0
v -0.12815 1.285349 -0.09620788 1.0
v -0.128804 1.276067 -0.09911179 1.0
v -0.1294817 1.266705 -0.1020236 1.0
v -0.1300955 1.257442 -0.1049559 1.0
v -0.130727 1.248521 -0.1077584 1.0
v -0.131399 1.239039 -0.1106206 1.0
v -0.1320285 1.230468 -0.1132044 1.0
v -0.1327842 1.223196 -0.1153654 1.0
v -0.1340693 1.216404 -0.1171087 1.0
v -0.1368179 1.206477 -0.1193417 1.0
v -0.1395407 1.194082 -0.1223383 1.0
v -0.1406643 1.183838 -0.1251475 1.0
v -0.1415314 1.175032 -0.1275983 1.0
v -0.1428054 1.167958 -0.1293838 1.0
v -0.1448797 1.159805 -0.1312515 1.0
v -0.1474424 1.151343 -0.1330784 1.0
v -0.1503808 1.142721 -0.134846 1.0
v -0.1535595 1.13422 -0.1365006 1.0
v -0.1569556 1.126022 -0.1380129 1.0
v -0.1604233 1.118514 -0.139292 1.0
v -0.1645783 1.111085 -0.1403122 1.0
v -0.1699844 1.102555 -0.1413524 1.0
v -0.1751821 1.093812 -0.1424988 1.0
v -0.1801267 1.085153 -0.1436848 1.0
v -0.185183 1.076209 -0.1449684 1.0
v -0.1897966 1.067297 -0.1465924 1.0
v -0.1938103 1.059441 -0.1479792 1.0
v -0.1991912 1.052209 -0.1484326 1.0
v -0.205958 1.045956 -0.148051 1.0
v -0.2134504 1.0382 -0.1479552 1.0
v -0.21864 1.028857 -0.1491087 1.0
v -0.2227175 1.019782 -0.1504794 1.0
v -0.03234107 1.588567 -0.06805417 1.0
v -0.03830511 1.584185 -0.07483198 1.0
v -0.04383721 1.578438 -0.08093555 1.0
v -0.04884934 1.571368 -0.0857987 1.0
v -0.0540019 1.564185 -0.08981372 1.0
v -0.05908874 1.556437 -0.09260483 1.0
v -0.06389563 1.547952 -0.09442305 1.0
v -0.06858754 1.539401 -0.09599181 1.0
v -0.07304478 1.530739 -0.0970568 1.0
v -0.07718684 1.521928 -0.09756857 1.0
v -0.08097202 1.51307 -0.09741354 1.0
v -0.08459903 1.503578 -0.09686191 1.0
v -0.08777566 1.493619 -0.09613658 1.0
v -0.09027615 1.483879 -0.09517454 1.0
v -0.09233333 1.473791 -0.09405033 1.0
v -0.09390654 1.463345 -0.09290745 1.0
v -0.09493589 1.452464 -0.09188607 1.0
v -0.09539516 1.442086 -0.0907733 1.0
v -0.09576824 1.432459 -0.08960593 1.0
v -0.09623843 1.42238 -0.0885354 1.0
v -0.09668508 1.412858 -0.08744837 1.0
v -0.09742894 1.404075 -0.08637374 1.0
v -0.09864238 1.39507 -0.08538446 1.0
v -0.1001998 1.38603 -0.08448874 1.0
v -0.1021995 1.377263 -0.0839149 1.0
v -0.1047144 1.368587 -0.08363877 1.0
v -0.1077535 1.359412 -0.08366856 1.0
v -0.110884 1.351138 -0.08404507 1.0
v -0.1148942 1.341249 -0.08476041 1.0
v -0.1186908 1.330803 -0.08597087 1.0
v -0.1220378 1.319934 -0.0877685 1.0
v -0.1249038 1.308786 -0.0900839 1.0
v -0.1270459 1.296705 -0.09299342 1.0
v -0.12815 1.285349 -0.09620788 1.0
v -0.128804 1.276067 -0.09911179 1.0
v -0.1294817 1.266705 -0.1020236 1.0
v -0.1300955 1.257442 -0.1049559 1.0
v -0.130727 1.248521 -0.1077584 1.0
v -0.131399 1.239039 -0.1106206 1.0
v -0.1320285 1.230468 -0.1132044 1.0
v -0.1327842 1.223196 -0.1153654 1.0
v -0.1340693 1.216404 -0.1171087 1.0
v -0.1368179 1.206477 -0.1193417 1.0
v -0.1395407 1.194082 -0.1223383 1.0
v -0.1406643 1.183838 -0.1251475 1.0
v -0.1415314 1.175032 -0.1275983 1.0
v -0.1428054 1.167958 -0.1293838 1.0
v -0.1448797 1.159805 -0.1312515 1.0
v -0.1474424 1.151343 -0.1330784 1.0
v -0.1503808 1.142721 -0.134846 1.0
v -0.1535595 1.13422 -0.1365006 1.0
v -0.1569556 1.126022 -0.1380129 1.0
v -0.1604233 1.118514 -0.139292 1.0
v -0.1645783 1.111085 -0.1403122 1.0
v -0.1699844 1.102555 -0.1413524 1.0
v -0.1751821 1.093812 -0.1424988 1.0
v -0.1801267 1.085153 -0.1436848 1.0
v -0.185183 1.076209 -0.1449684 1.0
v -0.1897966 1.067297 -0.1465924 1.0
v -0.1938103 1.059441 -0.1479792 1.0
v -0.1991912 1.052209 -0.1484326 1.0
v -0.205958 1.045956 -0.148051 1.0
v -0.2134504 1.0382 -0.1479552 1.0
v -0.21864 1.028857 -0.1491087 1.0
v -0.2227175 1.019782 -0.1504794 1.0
v -0.03234064 1.588567 -0.06805439 1.0
v -0.03702257 1.58384 -0.07541796 1.0
v -0.0411388 1.57781 -0.08199845 1.0
v -0.04469178 1.570433 -0.08734667 1.0
v -0.0485538 1.562651 -0.09218063 1.0
v -0.05240611 1.554637 -0.09609719 1.0
v -0.05602303 1.546086 -0.09914064 1.0
v -0.05939778 1.53727 -0.1015636 1.0
v -0.06250137 1.528214 -0.1032896 1.0
v -0.06534044 1.518978 -0.1044202 1.0
v -0.06794833 1.509653 -0.1049369 1.0
v -0.07029528 1.500226 -0.1049409 1.0
v -0.07219841 1.490703 -0.1047175 1.0
v -0.07363622 1.481002 -0.1042821 1.0
v -0.07465493 1.471345 -0.1036333 1.0
v -0.07525488 1.461631 -0.1029138 1.0
v -0.07528092 1.452021 -0.1021128 1.0
v -0.07481672 1.44229 -0.1012242 1.0
v -0.07430366 1.432351 -0.1003156 1.0
v -0.07385713 1.422514 -0.09938973 1.0
v -0.0734217 1.412576 -0.09844662 1.0
v -0.07334688 1.402521 -0.09746393 1.0
v -0.07371723 1.392583 -0.0963475 1.0
v -0.07450064 1.382461 -0.0952292 1.0
v -0.075887 1.372186 -0.09437421 1.0
v -0.0779212 1.362079 -0.09382705 1.0
v -0.08043122 1.352133 -0.09356999 1.0
v -0.08340157 1.342205 -0.09363362 1.0
v -0.08673614 1.332645 -0.09401537 1.0
v -0.08974359 1.32321 -0.0947632 1.0
v -0.09236217 1.31357 -0.09592826 1.0
v -0.09459516 1.303945 -0.09745019 1.0
v -0.09619322 1.294323 -0.09932788 1.0
v -0.09712555 1.284655 -0.1016051 1.0
v -0.09789989 1.275018 -0.1040276 1.0
v -0.09880619 1.265391 -0.1064622 1.0
v -0.09973858 1.255788 -0.1089481 1.0
v -0.1008123 1.246219 -0.1114141 1.0
v -0.1019494 1.236658 -0.1138693 1.0
v -0.1032272 1.227088 -0.1163073 1.0
v -0.1049915 1.21755 -0.1186295 1.0
v -0.1076702 1.208169 -0.1206825 1.0
v -0.1109041 1.198951 -0.1225631 1.0
v -0.113597 1.189626 -0.1246628 1.0
v -0.1153677 1.180149 -0.1271053 1.0
v -0.1171747 1.170686 -0.1295582 1.0
v -0.1198791 1.161368 -0.1317238 1.0
v -0.1232091 1.152205 -0.1336767 1.0
v -0.1269516 1.143171 -0.1354932 1.0
v -0.1310104 1.134252 -0.1372103 1.0
v -0.1353547 1.125455 -0.1388297 1.0
v -0.1400603 1.11682 -0.1403239 1.0
v -0.145288 1.108457 -0.1416424 1.0
v -0.1512361 1.100551 -0.1426922 1.0
v -0.1575355 1.092922 -0.1436051 1.0
v -0.1636797 1.085181 -0.1445993 1.0
v -0.1697926 1.077407 -0.1456254 1.0
v -0.1759096 1.069628 -0.1466826 1.0
v -0.1817857 1.061697 -0.147918 1.0
v -0.1878549 1.053937 -0.149043 1.0
v -0.1951464 1.047245 -0.1493722 1.0
v -0.2035203 1.041932 -0.1488605 1.0
v -0.2114076 1.035948 -0.148623 1.0
v -0.2173698 1.028094 -0.1494262 1.0
v -0.2225494 1.019682 -0.1505212 1.0
v -0.03234026 1.588567 -0.06805468 1.0
v -0.03590177 1.584114 -0.07629897 1.0
v -0.03888456 1.578287 -0.08386838 1.0
v -0.04134742 1.570912 -0.09037007 1.0
v -0.04423447 1.563037 -0.09652019 1.0
v -0.04756042 1.554898 -0.1021424 1.0
v -0.05074554 1.546417 -0.1068707 1.0
v -0.05342362 1.537344 -0.1107473 1.0
v -0.05572481 1.527783 -0.1137912 1.0
v -0.05779395 1.517945 -0.116166 1.0
v -0.05979182 1.507863 -0.1179045 1.0
v -0.06136409 1.498185 -0.1189828 1.0
v -0.06244783 1.488737 -0.1197458 1.0
v -0.063228 1.478884 -0.1202601 1.0
v -0.06359018 1.46927 -0.1204739 1.0
v -0.06353427 1.459933 -0.1205404 1.0
v -0.06275409 1.450985 -0.120364 1.0
v -0.06155268 1.441552 -0.1200989 1.0
v -0.06039245 1.431375 -0.1198339 1.0
v -0.05919407 1.421647 -0.1194646 1.0
v -0.05806429 1.411366 -0.1190599 1.0
v -0.05735791 1.400342 -0.118558 1.0
v -0.05696259 1.389575 -0.1177453 1.0
v -0.05696819 1.378886 -0.1168712 1.0
v -0.05761964 1.368004 -0.1161995 1.0
v -0.05900088 1.357211 -0.1157895 1.0
v -0.06077258 1.347107 -0.1156112 1.0
v -0.06324162 1.336324 -0.1156796 1.0
v -0.06569727 1.32745 -0.1159914 1.0
v -0.06780259 1.319006 -0.1165304 1.0
v -0.06945276 1.31081 -0.1172652 1.0
v -0.07080617 1.30281 -0.1181651 1.0
v -0.07162624 1.295636 -0.1191377 1.0
v -0.07213152 1.287732 -0.120525 1.0
v -0.07274999 1.277785 -0.1224707 1.0
v -0.07360667 1.267929 -0.1243774 1.0
v -0.07457621 1.257995 -0.1263319 1.0
v -0.07581943 1.247728 -0.1283444 1.0
v -0.07717344 1.238021 -0.1302337 1.0
v -0.07885648 1.227417 -0.1323237 1.0
v -0.08138621 1.215598 -0.1345654 1.0
v -0.08526949 1.2036 -0.1366462 1.0
v -0.08880931 1.194999 -0.1378846 1.0
v -0.09128348 1.188626 -0.1387852 1.0
v -0.09352506 1.179824 -0.1405272 1.0
v -0.09610574 1.169599 -0.1426311 1.0
v -0.1000913 1.15793 -0.144806 1.0
v -0.1045274 1.147643 -0.146461 1.0
v -0.1092964 1.137924 -0.1478722 1.0
v -0.1143258 1.128595 -0.1491328 1.0
v -0.1196964 1.119382 -0.1503021 1.0
v -0.1255695 1.110193 -0.1513491 1.0
v -0.1324083 1.100858 -0.152231 1.0
v -0.140017 1.092359 -0.1527753 1.0
v -0.1470806 1.085466 -0.1529836 1.0
v -0.1540302 1.078542 -0.1532032 1.0
v -0.1611432 1.071465 -0.1534001 1.0
v -0.168119 1.064657 -0.1535275 1.0
v -0.1749904 1.057449 -0.1536692 1.0
v -0.1829023 1.04949 -0.1537967 1.0
v -0.1919476 1.043133 -0.1532126 1.0
v -0.2017603 1.038588 -0.1517773 1.0
v -0.2098498 1.034163 -0.1506422 1.0
v -0.2163488 1.027545 -0.1504014 1.0
v -0.2224141 1.01961 -0.1506498 1.0
v -0.03234026 1.588567 -0.06805468 1.0
v -0.03590177 1.584114 -0.07629897 1.0
v -0.03888456 1.578287 -0.08386838 1.0
v -0.04134742 1.570912 -0.09037007 1.0
v -0.04423447 1.563037 -0.09652019 1.0
v -0.04756042 1.554898 -0.1021424 1.0
v -0.05074554 1.546417 -0.1068707 1.0
v -0.05342362 1.537344 -0.1107473 1.0
v -0.05572481 1.527783 -0.1137912 1.0
v -0.05779395 1.517945 -0.116166 1.0
v -0.05979182 1.507863 -0.1179045 1.0
v -0.06136409 1.498185 -0.1189828 1.0
v -0.06244783 1.488737 -0.1197458 1.0
v -0.063228 1.478884 -0.1202601 1.0
v -0.06359018 1.46927 -0.1204739 1.0
v -0.06353427 1.459933 -0.1205404 1.0
v -0.06275409 1.450985 -0.120364 1.0
v -0.06155268 1.441552 -0.1200989 1.0
v -0.06039245 1.431375 -0.1198339 1.0
v -0.05919407 1.421647 -0.1194646 1.0
v -0.05806429 1.411366 -0.1190599 1.0
v -0.05735791 1.400342 -0.118558 1.0
v -0.05696259 1.389575 -0.1177453 1.0
v -0.05696819 1.378886 -0.1168712 1.0
v -0.05761964 1.368004 -0.1161995 1.0
v -0.05900088 1.357211 -0.1157895 1.0
v -0.06077258 1.347107 -0.1156112 1.0
v -0.06324162 1.336324 -0.1156796 1.0
v -0.06569727 1.32745 -0.1159914 1.0
v -0.06780259 1.319006 -0.1165304 1.0
v -0.06945276 1.31081 -0.1172652 1.0
v -0.07080617 1.30281 -0.1181651 1.0
v -0.07162624 1.295636 -0.1191377 1.0
v -0.07213152 1.287732 -0.120525 1.0
v -0.07274999 1.277785 -0.1224707 1.0
v -0.07360667 1.267929 -0.1243774 1.0
v -0.07457621 1.257995 -0.1263319 1.0
v -0.07581943 1.247728 -0.1283444 1.0
v -0.07717344 1.238021 -0.1302337 1.0
v -0.07885648 1.227417 -0.1323237 1.0
v -0.08138621 1.215598 -0.1345654 1.0
v -0.08526949 1.2036 -0.1366462 1.0
v -0.08880931 1.194999 -0.1378846 1.0
v -0.09128348 1.188626 -0.1387852 1.0
v -0.09352506 1.179824 -0.1405272 1.0
v -0.09610574 1.169599 -0.1426311 1.0
v -0.1000913 1.15793 -0.144806 1.0
v -0.1045274 1.147643 -0.146461 1.0
v -0.1092964 1.137924 -0.1478722 1.0
v -0.1143258 1.128595 -0.1491328 1.0
v -0.1196964 1.119382 -0.1503021 1.0
v -0.1255695 1.110193 -0.1513491 1.0
v -0.1324083 1.100858 -0.152231 1.0
v -0.140017 1.092359 -0.1527753 1.0
v -0.1470806 1.085466 -0.1529836 1.0
v -0.1540302 1.078542 -0.1532032 1.0
v -0.1611432 1.071465 -0.1534001 1.0
v -0.168119 1.064657 -0.1535275 1.0
v -0.1749904 1.057449 -0.1536692 1.0
v -0.1829023 1.04949 -0.1537967 1.0
v -0.1919476 1.043133 -0.1532126 1.0
v -0.2017603 1.038588 -0.1517773 1.0
v -0.2098498 1.034163 -0.1506422 1.0
v -0.2163488 1.027545 -0.1504014 1.0
v -0.2224141 1.01961 -0.1506498 1.0
v -0.03234069 1.588567 -0.06805447 1.0
v -0.03718431 1.584458 -0.07571299 1.0
v -0.04158297 1.578916 -0.08280548 1.0
v -0.04550498 1.571847 -0.0888221 1.0
v -0.04968258 1.564572 -0.09415328 1.0
v -0.05424305 1.556698 -0.09865008 1.0
v -0.05861814 1.548283 -0.1021531 1.0
v -0.0626134 1.539474 -0.1051755 1.0
v -0.06626821 1.530308 -0.1075583 1.0
v -0.06964034 1.520894 -0.1093144 1.0
v -0.0728155 1.51128 -0.1103812 1.0
v -0.07566784 1.501538 -0.1109039 1.0
v -0.07802509 1.491653 -0.1111649 1.0
v -0.07986793 1.481761 -0.1111526 1.0
v -0.08126858 1.471716 -0.1108909 1.0
v -0.08218592 1.461647 -0.110534 1.0
v -0.08240905 1.451428 -0.1101372 1.0
v -0.08213113 1.441348 -0.109648 1.0
v -0.08185702 1.431483 -0.1091242 1.0
v -0.08157537 1.421514 -0.1086103 1.0
v -0.08132767 1.411647 -0.1080617 1.0
v -0.08143996 1.401896 -0.1074678 1.0
v -0.08188774 1.392061 -0.1067823 1.0
v -0.08266733 1.382455 -0.1061308 1.0
v -0.08393213 1.373082 -0.1057402 1.0
v -0.08579405 1.363719 -0.1056012 1.0
v -0.08809488 1.354386 -0.1057098 1.0
v -0.0907241 1.345257 -0.106091 1.0
v -0.09385534 1.336055 -0.1067364 1.0
v -0.0967498 1.326599 -0.1077381 1.0
v -0.09912842 1.317174 -0.1091055 1.0
v -0.1011148 1.307651 -0.1107989 1.0
v -0.1024789 1.298019 -0.1128032 1.0
v -0.1031559 1.288425 -0.1151278 1.0
v -0.1036541 1.278834 -0.1175549 1.0
v -0.1042822 1.269243 -0.1199388 1.0
v -0.1049331 1.259649 -0.1223397 1.0
v -0.1057342 1.250029 -0.1246886 1.0
v -0.1066231 1.240402 -0.126985 1.0
v -0.1076578 1.230796 -0.1292208 1.0
v -0.1091789 1.221244 -0.1313013 1.0
v -0.1116685 1.211836 -0.1330724 1.0
v -0.1147231 1.202525 -0.1346632 1.0
v -0.1172271 1.193083 -0.1364606 1.0
v -0.1188217 1.183513 -0.1385695 1.0
v -0.1204625 1.173945 -0.1406713 1.0
v -0.1230176 1.16452 -0.142466 1.0
v -0.126198 1.155243 -0.1440357 1.0
v -0.1297871 1.146095 -0.1454574 1.0
v -0.1336963 1.137064 -0.1467685 1.0
v -0.1379013 1.128147 -0.147973 1.0
v -0.1424648 1.119394 -0.1490382 1.0
v -0.1475437 1.110915 -0.1498806 1.0
v -0.1533592 1.102893 -0.1503952 1.0
v -0.1595296 1.095099 -0.1507308 1.0
v -0.1655326 1.087173 -0.1511027 1.0
v -0.1714772 1.079211 -0.1514595 1.0
v -0.1773924 1.071239 -0.1518132 1.0
v -0.1830013 1.06305 -0.1523436 1.0
v -0.1888577 1.054995 -0.152733 1.0
v -0.1959924 1.048097 -0.1522729 1.0
v -0.204198 1.042612 -0.1509678 1.0
v -0.2118926 1.036415 -0.1499745 1.0
v -0.217619 1.028307 -0.150084 1.0
v -0.2225823 1.019711 -0.150608 1.0
v -0.03234107 1.588567 -0.06805417 1.0
v -0.03234064 1.588567 -0.06805439 1.0
v -0.03234026 1.588567 -0.06805468 1.0
v -0.03234069 1.588567 -0.06805447 1.0
v -0.2227175 1.019782 -0.1504794 1.0
v -0.2225494 1.019682 -0.1505212 1.0
v -0.2224141 1.01961 -0.1506498 1.0
v -0.2225823 1.019711 -0.150608 1.0
v 0.03184891 1.588591 -0.06810971 1.0
v 0.03539547 1.58409 -0.07633695 1.0
v 0.03838999 1.578287 -0.08392791 1.0
v 0.0408976 1.570975 -0.09050143 1.0
v 0.04381757 1.563154 -0.09670069 1.0
v 0.04716089 1.555003 -0.1023306 1.0
v 0.05035125 1.546501 -0.1070495 1.0
v 0.05302037 1.537387 -0.1108984 1.0
v 0.05528865 1.52779 -0.1138829 1.0
v 0.05731037 1.51794 -0.1161948 1.0
v 0.0592938 1.507865 -0.117927 1.0
v 0.06086601 1.498184 -0.1190187 1.0
v 0.06195169 1.488718 -0.1197868 1.0
v 0.0627112 1.479009 -0.1202998 1.0
v 0.0631168 1.46924 -0.1205187 1.0
v 0.0630741 1.459903 -0.1205888 1.0
v 0.06230718 1.450958 -0.1204247 1.0
v 0.06112046 1.441514 -0.1201725 1.0
v 0.0599642 1.431318 -0.1198927 1.0
v 0.05876735 1.421528 -0.1194781 1.0
v 0.05762239 1.411279 -0.1189999 1.0
v 0.05689681 1.400335 -0.1184531 1.0
v 0.05648445 1.389604 -0.1176357 1.0
v 0.05648113 1.378941 -0.1167848 1.0
v 0.0571253 1.368098 -0.1161527 1.0
v 0.05851543 1.357312 -0.115808 1.0
v 0.06031169 1.347185 -0.1156977 1.0
v 0.0627876 1.336386 -0.1157887 1.0
v 0.06525921 1.327452 -0.116109 1.0
v 0.06714258 1.319887 -0.1165934 1.0
v 0.06904533 1.31084 -0.1174443 1.0
v 0.07041681 1.302835 -0.1183851 1.0
v 0.07121474 1.29562 -0.1193231 1.0
v 0.07166097 1.28774 -0.1205947 1.0
v 0.07222936 1.277838 -0.1224296 1.0
v 0.07306485 1.267907 -0.1242798 1.0
v 0.07400718 1.257989 -0.1261622 1.0
v 0.07524013 1.24769 -0.1281457 1.0
v 0.07659438 1.237981 -0.1300376 1.0
v 0.07828856 1.227384 -0.1321608 1.0
v 0.08083013 1.215575 -0.1344419 1.0
v 0.08472379 1.203592 -0.1365656 1.0
v 0.08826216 1.194988 -0.1377993 1.0
v 0.09073417 1.188607 -0.1386796 1.0
v 0.092979 1.179806 -0.1404295 1.0
v 0.09556698 1.169587 -0.1425604 1.0
v 0.09956563 1.157928 -0.1447842 1.0
v 0.1040139 1.147649 -0.1464751 1.0
v 0.1087925 1.137938 -0.1479146 1.0
v 0.1138247 1.128615 -0.1491849 1.0
v 0.1191945 1.119401 -0.1503513 1.0
v 0.125064 1.110211 -0.1513908 1.0
v 0.1318928 1.100874 -0.1522573 1.0
v 0.1394842 1.092363 -0.1527691 1.0
v 0.1465379 1.085448 -0.1529382 1.0
v 0.1534904 1.078512 -0.1531439 1.0
v 0.1606109 1.07144 -0.1533497 1.0
v 0.1675905 1.064639 -0.1534851 1.0
v 0.1744621 1.057432 -0.1536236 1.0
v 0.1823725 1.049471 -0.1537462 1.0
v 0.1914202 1.043115 -0.1531731 1.0
v 0.2012354 1.038572 -0.1517486 1.0
v 0.2093277 1.034147 -0.1506165 1.0
v 0.215826 1.027526 -0.1503677 1.0
v 0.2218951 1.019594 -0.1506234 1.0
v 0.03184891 1.588591 -0.06810971 1.0
v 0.03539547 1.58409 -0.07633695 1.0
v 0.03838999 1.578287 -0.08392791 1.0
v 0.0408976 1.570975 -0.09050143 1.0
v 0.04381757 1.563154 -0.09670069 1.0
v 0.04716089 1.555003 -0.1023306 1.0
v 0.05035125 1.546501 -0.1070495 1.0
v 0.05302037 1.537387 -0.1108984 1.0
v 0.05528865 1.52779 -0.1138829 1.0
v 0.05731037 1.51794 -0.1161948 1.0
v 0.0592938 1.507865 -0.117927 1.0
v 0.06086601 1.498184 -0.1190187 1.0
v 0.06195169 1.488718 -0.1197868 1.0
v 0.0627112 1.479009 -0.1202998 1.0
v 0.0631168 1.46924 -0.1205187 1.0
v 0.0630741 1.459903 -0.1205888 1.0
v 0.06230718 1.450958 -0.1204247 1.0
v 0.06112046 1.441514 -0.1201725 1.0
v 0.0599642 1.431318 -0.1198927 1.0
v 0.05876735 1.421528 -0.1194781 1.0
v 0.05762239 1.411279 -0.1189999 1.0
v 0.05689681 1.400335 -0.1184531 1.0
v 0.05648445 1.389604 -0.1176357 1.0
v 0.05648113 1.378941 -0.1167848 1.0
v 0.0571253 1.368098 -0.1161527 1.0
v 0.05851543 1.357312 -0.115808 1.0
v 0.06031169 1.347185 -0.1156977 1.0
v 0.0627876 1.336386 -0.1157887 1.0
v 0.06525921 1.327452 -0.116109 1.0
v 0.06714258 1.319887 -0.1165934 1.0
v 0.06904533 1.31084 -0.1174443 1.0
v 0.07041681 1.302835 -0.1183851 1.0
v 0.07121474 1.29562 -0.1193231 1.0
v 0.07166097 1.28774 -0.1205947 1.0
v 0.07222936 1.277838 -0.1224296 1.0
v 0.07306485 1.267907 -0.1242798 1.0
v 0.07400718 1.257989 -0.1261622 1.0
v 0.07524013 1.24769 -0.1281457 1.0
v 0.07659438 1.237981 -0.1300376 1.0
v 0.07828856 1.227384 -0.1321608 1.0
v 0.08083013 1.215575 -0.1344419 1.0
v 0.08472379 1.203592 -0.1365656 1.0
v 0.08826216 1.194988 -0.1377993 1.0
v 0.09073417 1.188607 -0.1386796 1.0
v 0.092979 1.179806 -0.1404295 1.0
v 0.09556698 1.169587 -0.1425604 1.0
v 0.09956563 1.157928 -0.1447842 1.0
v 0.1040139 1.147649 -0.1464751 1.0
v 0.1087925 1.137938 -0.1479146 1.0
v 0.1138247 1.128615 -0.1491849 1.0
v 0.1191945 1.119401 -0.1503513 1.0
v 0.125064 1.110211 -0.1513908 1.0
v 0.1318928 1.100874 -0.1522573 1.0
v 0.1394842 1.092363 -0.1527691 1.0
v 0.1465379 1.085448 -0.1529382 1.0
v 0.1534904 1.078512 -0.1531439 1.0
v 0.1606109 1.07144 -0.1533497 1.0
v 0.1675905 1.064639 -0.1534851 1.0
v 0.1744621 1.057432 -0.1536236 1.0
v 0.1823725 1.049471 -0.1537462 1.0
v 0.1914202 1.043115 -0.1531731 1.0
v 0.2012354 1.038572 -0.1517486 1.0
v 0.2093277 1.034147 -0.1506165 1.0
v 0.215826 1.027526 -0.1503677 1.0
v 0.2218951 1.019594 -0.1506234 1.0
v 0.03184929 1.588591 -0.06810941 1.0
v 0.03651331 1.583812 -0.07545359 1.0
v 0.04062591 1.577782 -0.08204348 1.0
v 0.04418528 1.57043 -0.08742753 1.0
v 0.04804468 1.56266 -0.09228189 1.0
v 0.0519026 1.554649 -0.09620813 1.0
v 0.05552337 1.546102 -0.09925171 1.0
v 0.05889109 1.537284 -0.1016485 1.0
v 0.06198651 1.528214 -0.1033307 1.0
v 0.06483053 1.518962 -0.1044312 1.0
v 0.06745119 1.509629 -0.1049562 1.0
v 0.06981107 1.500207 -0.104983 1.0
v 0.07171623 1.490697 -0.1047692 1.0
v 0.07312944 1.481108 -0.1043258 1.0
v 0.07414321 1.471344 -0.1036565 1.0
v 0.07472692 1.461626 -0.1029199 1.0
v 0.07474355 1.452009 -0.1021126 1.0
v 0.07427098 1.442282 -0.1012197 1.0
v 0.07374318 1.432365 -0.1002845 1.0
v 0.07326037 1.422566 -0.0992882 1.0
v 0.07278015 1.41264 -0.09824858 1.0
v 0.07267271 1.402544 -0.09720229 1.0
v 0.07303704 1.392578 -0.09607644 1.0
v 0.07382697 1.382438 -0.09498021 1.0
v 0.07523578 1.372132 -0.09416955 1.0
v 0.07731843 1.362005 -0.0937072 1.0
v 0.0798655 1.352098 -0.09353821 1.0
v 0.08284733 1.342213 -0.09363756 1.0
v 0.08617666 1.332659 -0.0940204 1.0
v 0.08918566 1.323178 -0.09477216 1.0
v 0.09178355 1.313584 -0.09592286 1.0
v 0.09400048 1.303958 -0.097436 1.0
v 0.09560157 1.29434 -0.09928984 1.0
v 0.0965494 1.284672 -0.101535 1.0
v 0.09733175 1.275027 -0.1039284 1.0
v 0.09824033 1.265401 -0.1063262 1.0
v 0.09916985 1.255781 -0.1087789 1.0
v 0.1002496 1.246179 -0.1112403 1.0
v 0.1014055 1.236599 -0.1137281 1.0
v 0.102703 1.227043 -0.1162114 1.0
v 0.1044727 1.217539 -0.1185628 1.0
v 0.1071332 1.208174 -0.1206183 1.0
v 0.1103596 1.19895 -0.1224842 1.0
v 0.1130583 1.189614 -0.1245745 1.0
v 0.1148275 1.180133 -0.127017 1.0
v 0.1166293 1.170667 -0.1294762 1.0
v 0.119328 1.161343 -0.1316578 1.0
v 0.1226624 1.152181 -0.1336317 1.0
v 0.1264094 1.143152 -0.1354669 1.0
v 0.1304712 1.13424 -0.1371943 1.0
v 0.1348198 1.125446 -0.1388195 1.0
v 0.1395262 1.116815 -0.1403141 1.0
v 0.1447462 1.108453 -0.1416228 1.0
v 0.1506785 1.100538 -0.1426447 1.0
v 0.1569753 1.092889 -0.1435291 1.0
v 0.1631332 1.08514 -0.1445245 1.0
v 0.169262 1.077378 -0.1455743 1.0
v 0.1753871 1.069614 -0.1466503 1.0
v 0.1812663 1.061688 -0.1478893 1.0
v 0.1873354 1.053928 -0.1490131 1.0
v 0.1946235 1.047232 -0.149342 1.0
v 0.2029935 1.041913 -0.1488281 1.0
v 0.2108807 1.035927 -0.1485889 1.0
v 0.2168484 1.028077 -0.1493945 1.0
v 0.2220312 1.019666 -0.1504959 1.0
v 0.03184972 1.588591 -0.0681092 1.0
v 0.03779673 1.584151 -0.07486609 1.0
v 0.04332009 1.578384 -0.08095505 1.0
v 0.04832415 1.571308 -0.08579826 1.0
v 0.05346357 1.564096 -0.08978968 1.0
v 0.05853828 1.556368 -0.09258744 1.0
v 0.0633411 1.547905 -0.09441957 1.0
v 0.06802708 1.539373 -0.09597334 1.0
v 0.07248933 1.530717 -0.09702078 1.0
v 0.07666206 1.521904 -0.09755047 1.0
v 0.08047249 1.513041 -0.09742635 1.0
v 0.08412077 1.503558 -0.09691387 1.0
v 0.0873022 1.493616 -0.09620509 1.0
v 0.08981041 1.483729 -0.09521611 1.0
v 0.09180099 1.473794 -0.09403686 1.0
v 0.09334045 1.463347 -0.09284396 1.0
v 0.09434766 1.452461 -0.09178911 1.0
v 0.09478634 1.442095 -0.09064525 1.0
v 0.09513414 1.43249 -0.08942876 1.0
v 0.09554749 1.422486 -0.08824129 1.0
v 0.09593486 1.412948 -0.08702409 1.0
v 0.09664242 1.404095 -0.08587089 1.0
v 0.09785765 1.395052 -0.0848759 1.0
v 0.09943151 1.38598 -0.08400756 1.0
v 0.1014668 1.377172 -0.08348947 1.0
v 0.1040416 1.368495 -0.08332564 1.0
v 0.1071316 1.359359 -0.08346972 1.0
v 0.1102901 1.351111 -0.08390372 1.0
v 0.1142797 1.34128 -0.08461465 1.0
v 0.1183003 1.329952 -0.0858649 1.0
v 0.1213963 1.319929 -0.08752313 1.0
v 0.1242385 1.308778 -0.0897715 1.0
v 0.1263963 1.296728 -0.0926817 1.0
v 0.1275455 1.285335 -0.09597381 1.0
v 0.1282282 1.275994 -0.09894835 1.0
v 0.1289126 1.266689 -0.1018576 1.0
v 0.1295306 1.257391 -0.1047984 1.0
v 0.1301664 1.248494 -0.1076102 1.0
v 0.1308564 1.239028 -0.1105269 1.0
v 0.1315047 1.230475 -0.1131712 1.0
v 0.1322678 1.22321 -0.115363 1.0
v 0.1335378 1.216402 -0.1170683 1.0
v 0.1362778 1.206466 -0.1192747 1.0
v 0.1390034 1.194073 -0.1222713 1.0
v 0.1401243 1.183825 -0.1250698 1.0
v 0.1409847 1.175013 -0.1275014 1.0
v 0.1422484 1.167934 -0.1292612 1.0
v 0.1443236 1.159783 -0.1311307 1.0
v 0.1468909 1.151321 -0.1329659 1.0
v 0.1498352 1.1427 -0.1347461 1.0
v 0.1530198 1.134202 -0.1364176 1.0
v 0.1564199 1.126004 -0.137941 1.0
v 0.1598884 1.118487 -0.1392185 1.0
v 0.1640346 1.111043 -0.1402161 1.0
v 0.1694271 1.10251 -0.1412394 1.0
v 0.1746251 1.093779 -0.1424034 1.0
v 0.1795861 1.085136 -0.1436314 1.0
v 0.1846589 1.076201 -0.1449481 1.0
v 0.1892783 1.067292 -0.1465845 1.0
v 0.1932931 1.059435 -0.1479746 1.0
v 0.1986702 1.052197 -0.1484137 1.0
v 0.2054313 1.045936 -0.1480139 1.0
v 0.2129217 1.038177 -0.1479105 1.0
v 0.2181188 1.02884 -0.1490794 1.0
v 0.2221996 1.019767 -0.1504557 1.0
v 0.03184972 1.588591 -0.0681092 1.0
v 0.03779673 1.584151 -0.07486609 1.0
v 0.04332009 1.578384 -0.08095505 1.0
v 0.04832415 1.571308 -0.08579826 1.0
v 0.05346357 1.564096 -0.08978968 1.0
v 0.05853828 1.556368 -0.09258744 1.0
v 0.0633411 1.547905 -0.09441957 1.0
v 0.06802708 1.539373 -0.09597334 1.0
v 0.07248933 1.530717 -0.09702078 1.0
v 0.07666206 1.521904 -0.09755047 1.0
v 0.08047249 1.513041 -0.09742635 1.0
v 0.08412077 1.503558 -0.09691387 1.0
v 0.0873022 1.493616 -0.09620509 1.0
v 0.08981041 1.483729 -0.09521611 1.0
v 0.09180099 1.473794 -0.09403686 1.0
v 0.09334045 1.463347 -0.09284396 1.0
v 0.09434766 1.452461 -0.09178911 1.0
v 0.09478634 1.442095 -0.09064525 1.0
v 0.09513414 1.43249 -0.08942876 1.0
v 0.09554749 1.422486 -0.08824129 1.0
v 0.09593486 1.412948 -0.08702409 1.0
v 0.09664242 1.404095 -0.08587089 1.0
v 0.09785765 1.395052 -0.0848759 1.0
v 0.09943151 1.38598 -0.08400756 1.0
v 0.1014668 1.377172 -0.08348947 1.0
v 0.1040416 1.368495 -0.08332564 1.0
v 0.1071316 1.359359 -0.08346972 1.0
v 0.1102901 1.351111 -0.08390372 1.0
v 0.1142797 1.34128 -0.08461465 1.0
v 0.1183003 1.329952 -0.0858649 1.0
v 0.1213963 1.319929 -0.08752313 1.0
v 0.1242385 1.308778 -0.0897715 1.0
v 0.1263963 1.296728 -0.0926817 1.0
v 0.1275455 1.285335 -0.09597381 1.0
v 0.1282282 1.275994 -0.09894835 1.0
v 0.1289126 1.266689 -0.1018576 1.0
v 0.1295306 1.257391 -0.1047984 1.0
v 0.1301664 1.248494 -0.1076102 1.0
v 0.1308564 1.239028 -0.1105269 1.0
v 0.1315047 1.230475 -0.1131712 1.0
v 0.1322678 1.22321 -0.115363 1.0
v 0.1335378 1.216402 -0.1170683 1.0
v 0.1362778 1.206466 -0.1192747 1.0
v 0.1390034 1.194073 -0.1222713 1.0
v 0.1401243 1.183825 -0.1250698 1.0
v 0.1409847 1.175013 -0.1275014 1.0
v 0.1422484 1.167934 -0.1292612 1.0
v 0.1443236 1.159783 -0.1311307 1.0
v 0.1468909 1.151321 -0.1329659 1.0
v 0.1498352 1.1427 -0.1347461 1.0
v 0.1530198 1.134202 -0.1364176 1.0
v 0.1564199 1.126004 -0.137941 1.0
v 0.1598884 1.118487 -0.1392185 1.0
v 0.1640346 1.111043 -0.1402161 1.0
v 0.1694271 1.10251 -0.1412394 1.0
v 0.1746251 1.093779 -0.1424034 1.0
v 0.1795861 1.085136 -0.1436314 1.0
v 0.1846589 1.076201 -0.1449481 1.0
v 0.1892783 1.067292 -0.1465845 1.0
v 0.1932931 1.059435 -0.1479746 1.0
v 0.1986702 1.052197 -0.1484137 1.0
v 0.2054313 1.045936 -0.1480139 1.0
v 0.2129217 1.038177 -0.1479105 1.0
v 0.2181188 1.02884 -0.1490794 1.0
v 0.2221996 1.019767 -0.1504557 1.0
v 0.03184934 1.588591 -0.0681095 1.0
v 0.03667889 1.584429 -0.07574946 1.0
v 0.04108417 1.57889 -0.08283949 1.0
v 0.04503647 1.571853 -0.08887216 1.0
v 0.04923646 1.56459 -0.09420848 1.0
v 0.05379657 1.556721 -0.09870993 1.0
v 0.05816898 1.548303 -0.1022174 1.0
v 0.06215635 1.539476 -0.1052232 1.0
v 0.06579147 1.530293 -0.107573 1.0
v 0.06914191 1.520881 -0.1093141 1.0
v 0.0723151 1.511277 -0.1103971 1.0
v 0.07517571 1.501535 -0.1109495 1.0
v 0.07753764 1.491638 -0.1112227 1.0
v 0.07939217 1.481631 -0.1111901 1.0
v 0.08077459 1.471691 -0.1108991 1.0
v 0.08168764 1.461624 -0.1105129 1.0
v 0.0819113 1.451411 -0.1101012 1.0
v 0.08163583 1.441327 -0.109598 1.0
v 0.08135516 1.431443 -0.1090369 1.0
v 0.08105447 1.421449 -0.1084312 1.0
v 0.08077709 1.411588 -0.1077754 1.0
v 0.08086652 1.401886 -0.1071217 1.0
v 0.08130506 1.392078 -0.1064352 1.0
v 0.08208568 1.382484 -0.1058121 1.0
v 0.08335628 1.373137 -0.1054726 1.0
v 0.08523858 1.363802 -0.1054265 1.0
v 0.0875778 1.354446 -0.1056293 1.0
v 0.09023041 1.345284 -0.1060548 1.0
v 0.09336228 1.336072 -0.1067032 1.0
v 0.09625726 1.326661 -0.1076862 1.0
v 0.09865809 1.317185 -0.1090446 1.0
v 0.1006548 1.307655 -0.1107205 1.0
v 0.1020095 1.298008 -0.112715 1.0
v 0.1026571 1.288403 -0.1150336 1.0
v 0.1031258 1.278805 -0.1174495 1.0
v 0.1037371 1.269195 -0.1198112 1.0
v 0.104368 1.259598 -0.1221817 1.0
v 0.105157 1.250005 -0.1245157 1.0
v 0.1060453 1.24041 -0.1268364 1.0
v 0.1070903 1.230816 -0.1291206 1.0
v 0.1086252 1.221247 -0.1312421 1.0
v 0.1111283 1.21182 -0.1330156 1.0
v 0.1141804 1.202504 -0.1345898 1.0
v 0.1166793 1.193066 -0.1363764 1.0
v 0.1182759 1.183498 -0.1384823 1.0
v 0.1199224 1.173933 -0.1405857 1.0
v 0.1224861 1.164518 -0.1423877 1.0
v 0.1256752 1.155251 -0.1439742 1.0
v 0.129274 1.146107 -0.1454136 1.0
v 0.1331887 1.137074 -0.1467367 1.0
v 0.1373945 1.128157 -0.1479495 1.0
v 0.1419577 1.1194 -0.1490177 1.0
v 0.147035 1.110908 -0.149853 1.0
v 0.1528404 1.102868 -0.1503405 1.0
v 0.1589897 1.095069 -0.1506485 1.0
v 0.1649823 1.087151 -0.1510229 1.0
v 0.170935 1.079198 -0.1514068 1.0
v 0.1768623 1.071226 -0.1517828 1.0
v 0.1824742 1.063035 -0.1523187 1.0
v 0.1883302 1.054978 -0.1527077 1.0
v 0.1954669 1.04808 -0.1522448 1.0
v 0.2036732 1.042594 -0.1509344 1.0
v 0.2113687 1.036397 -0.149938 1.0
v 0.2170964 1.02829 -0.1500527 1.0
v 0.2220635 1.019694 -0.1505832 1.0
v 0.03184891 1.588591 -0.06810971 1.0
v 0.03184929 1.588591 -0.06810941 1.0
v 0.03184972 1.588591 -0.0681092 1.0
v 0.03184934 1.588591 -0.0681095 1.0
v 0.2218951 1.019594 -0.1506234 1.0
v 0.2220312 1.019666 -0.1504959 1.0
v 0.2221996 1.019767 -0.1504557 1.0
v 0.2220635 1.019694 -0.1505832 1.0

vt 0.2 0.9899999
vt 0.2 0.9583333
vt 0.2 0.9166667
vt 0.2 0.875
vt 0.2 0.8333334
vt 0.2 0.7916667
vt 0.2 0.75
vt 0.2 0.7083334
vt 0.2 0.6666666
vt 0.2 0.625
vt 0.2 0.5833334
vt 0.2 0.5416666
vt 0.2 0.5
vt 0.2 0.4583333
vt 0.2 0.4166667
vt 0.2 0.375
vt 0.2 0.3333333
vt 0.2 0.2916667
vt 0.2 0.25
vt 0.2 0.2083333
vt 0.2 0.1666667
vt 0.2 0.125
vt 0.2 0.08333331
vt 0.2 0.04166669
vt 0.2 0
vt 0 0.9899999
vt 0 0.9583333
vt 0 0.9166667
vt 0 0.875
vt 0 0.8333334
vt 0 0.7916667
vt 0 0.75
vt 0 0.7083334
vt 0 0.6666666
vt 0 0.625
vt 0 0.5833334
vt 0 0.5416666
vt 0 0.5
vt 0 0.4583333
vt 0 0.4166667
vt 0 0.375
vt 0 0.3333333
vt 0 0.2916667
vt 0 0.25
vt 0 0.2083333
vt 0 0.1666667
vt 0 0.125
vt 0 0.08333331
vt 0 0.04166669
vt 0 0
vt 0.05 0.9899999
vt 0.05 0.9583333
vt 0.05 0.9166667
vt 0.05 0.875
vt 0.05 0.8333334
vt 0.05 0.7916667
vt 0.05 0.75
vt 0.05 0.7083334
vt 0.05 0.6666666
vt 0.05 0.625
vt 0.05 0.5833334
vt 0.05 0.5416666
vt 0.05 0.5
vt 0.05 0.4583333
vt 0.05 0.4166667
vt 0.05 0.375
vt 0.05 0.3333333
vt 0.05 0.2916667
vt 0.05 0.25
vt 0.05 0.2083333
vt 0.05 0.1666667
vt 0.05 0.125
vt 0.05 0.08333331
vt 0.05 0.04166669
vt 0.05 0
vt 0.1 0.9899999
vt 0.1 0.9583333
vt 0.1 0.9166667
vt 0.1 0.875
vt 0.1 0.8333334
vt 0.1 0.7916667
vt 0.1 0.75
vt 0.1 0.7083334
vt 0.1 0.6666666
vt 0.1 0.625
vt 0.1 0.5833334
vt 0.1 0.5416666
vt 0.1 0.5
vt 0.1 0.4583333
vt 0.1 0.4166667
vt 0.1 0.375
vt 0.1 0.3333333
vt 0.1 0.2916667
vt 0.1 0.25
vt 0.1 0.2083333
vt 0.1 0.1666667
vt 0.1 0.125
vt 0.1 0.08333331
vt 0.1 0.04166669
vt 0.1 0
vt 0.1 0.9899999
vt 0.1 0.9583333
vt 0.1 0.9166667
vt 0.1 0.875
vt 0.1 0.8333334
vt 0.1 0.7916667
vt 0.1 0.75
vt 0.1 0.7083334
vt 0.1 0.6666666
vt 0.1 0.625
vt 0.1 0.5833334
vt 0.1 0.5416666
vt 0.1 0.5
vt 0.1 0.4583333
vt 0.1 0.4166667
vt 0.1 0.375
vt 0.1 0.3333333
vt 0.1 0.2916667
vt 0.1 0.25
vt 0.1 0.2083333
vt 0.1 0.1666667
vt 0.1 0.125
vt 0.1 0.08333331
vt 0.1 0.04166669
vt 0.1 0
vt 0.15 0.9899999
vt 0.15 0.9583333
vt 0.15 0.9166667
vt 0.15 0.875
vt 0.15 0.8333334
vt 0.15 0.7916667
vt 0.15 0.75
vt 0.15 0.7083334
vt 0.15 0.6666666
vt 0.15 0.625
vt 0.15 0.5833334
vt 0.15 0.5416666
vt 0.15 0.5
vt 0.15 0.4583333
vt 0.15 0.4166667
vt 0.15 0.375
vt 0.15 0.3333333
vt 0.15 0.2916667
vt 0.15 0.25
vt 0.15 0.2083333
vt 0.15 0.1666667
vt 0.15 0.125
vt 0.15 0.08333331
vt 0.15 0.04166669
vt 0.15 0
vt 0.2 0.9899999
vt 0.05 0.9899999
vt 0.1 0.9899999
vt 0.15 0.9899999
vt 0.2 0
vt 0.05 0
vt 0.1 0
vt 0.15 0
vt 0.2 0.9899999
vt 0.2 0.9583333
vt 0.2 0.9166667
vt 0.2 0.875
vt 0.2 0.8333334
vt 0.2 0.7916667
vt 0.2 0.75
vt 0.2 0.7083334
vt 0.2 0.6666666
vt 0.2 0.625
vt 0.2 0.5833334
vt 0.2 0.5416666
vt 0.2 0.5
vt 0.2 0.4583333
vt 0.2 0.4166667
vt 0.2 0.375
vt 0.2 0.3333333
vt 0.2 0.2916667
vt 0.2 0.25
vt 0.2 0.2083333
vt 0.2 0.1666667
vt 0.2 0.125
vt 0.2 0.08333331
vt 0.2 0.04166669
vt 0.2 0
vt 0 0.9899999
vt 0 0.9583333
vt 0 0.9166667
vt 0 0.875
vt 0 0.8333334
vt 0 0.7916667
vt 0 0.75
vt 0 0.7083334
vt 0 0.6666666
vt 0 0.625
vt 0 0.5833334
vt 0 0.5416666
vt 0 0.5
vt 0 0.4583333
vt 0 0.4166667
vt 0 0.375
vt 0 0.3333333
vt 0 0.2916667
vt 0 0.25
vt 0 0.2083333
vt 0 0.1666667
vt 0 0.125
vt 0 0.08333331
vt 0 0.04166669
vt 0 0
vt 0.05 0.9899999
vt 0.05 0.9583333
vt 0.05 0.9166667
vt 0.05 0.875
vt 0.05 0.8333334
vt 0.05 0.7916667
vt 0.05 0.75
vt 0.05 0.7083334
vt 0.05 0.6666666
vt 0.05 0.625
vt 0.05 0.5833334
vt 0.05 0.5416666
vt 0.05 0.5
vt 0.05 0.4583333
vt 0.05 0.4166667
vt 0.05 0.375
vt 0.05 0.3333333
vt 0.05 0.2916667
vt 0.05 0.25
vt 0.05 0.2083333
vt 0.05 0.1666667
vt 0.05 0.125
vt 0.05 0.08333331
vt 0.05 0.04166669
vt 0.05 0
vt 0.1 0.9899999
vt 0.1 0.9583333
vt 0.1 0.9166667
vt 0.1 0.875
vt 0.1 0.8333334
vt 0.1 0.7916667
vt 0.1 0.75
vt 0.1 0.7083334
vt 0.1 0.6666666
vt 0.1 0.625
vt 0.1 0.5833334
vt 0.1 0.5416666
vt 0.1 0.5
vt 0.1 0.4583333
vt 0.1 0.4166667
vt 0.1 0.375
vt 0.1 0.3333333
vt 0.1 0.2916667
vt 0.1 0.25
vt 0.1 0.2083333
vt 0.1 0.1666667
vt 0.1 0.125
vt 0.1 0.08333331
vt 0.1 0.04166669
vt 0.1 0
vt 0.1 0.9899999
vt 0.1 0.9583333
vt 0.1 0.9166667
vt 0.1 0.875
vt 0.1 0.8333334
vt 0.1 0.7916667
vt 0.1 0.75
vt 0.1 0.7083334
vt 0.1 0.6666666
vt 0.1 0.625
vt 0.1 0.5833334
vt 0.1 0.5416666
vt 0.1 0.5
vt 0.1 0.4583333
vt 0.1 0.4166667
vt 0.1 0.375
vt 0.1 0.3333333
vt 0.1 0.2916667
vt 0.1 0.25
vt 0.1 0.2083333
vt 0.1 0.1666667
vt 0.1 0.125
vt 0.1 0.08333331
vt 0.1 0.04166669
vt 0.1 0
vt 0.15 0.9899999
vt 0.15 0.9583333
vt 0.15 0.9166667
vt 0.15 0.875
vt 0.15 0.8333334
vt 0.15 0.7916667
vt 0.15 0.75
vt 0.15 0.7083334
vt 0.15 0.6666666
vt 0.15 0.625
vt 0.15 0.5833334
vt 0.15 0.5416666
vt 0.15 0.5
vt 0.15 0.4583333
vt 0.15 0.4166667
vt 0.15 0.375
vt 0.15 0.3333333
vt 0.15 0.2916667
vt 0.15 0.25
vt 0.15 0.2083333
vt 0.15 0.1666667
vt 0.15 0.125
vt 0.15 0.08333331
vt 0.15 0.04166669
vt 0.15 0
vt 0.2 0.9899999
vt 0.05 0.9899999
vt 0.1 0.9899999
vt 0.15 0.9899999
vt 0.2 0
vt 0.05 0
vt 0.1 0
vt 0.15 0
vt 0.2 0.9899999
vt 0.2 0.9565217
vt 0.2 0.9130435
vt 0.2 0.8695652
vt 0.2 0.826087
vt 0.2 0.7826087
vt 0.2 0.7391304
vt 0.2 0.6956522
vt 0.2 0.6521739
vt 0.2 0.6086956
vt 0.2 0.5652174
vt 0.2 0.5217391
vt 0.2 0.4782609
vt 0.2 0.4347826
vt 0.2 0.3913044
vt 0.2 0.3478261
vt 0.2 0.3043478
vt 0.2 0.2608696
vt 0.2 0.2173913
vt 0.2 0.1739131
vt 0.2 0.1304348
vt 0.2 0.0869565
vt 0.2 0.04347825
vt 0.2 0
vt 0 0.9899999
vt 0 0.9565217
vt 0 0.9130435
vt 0 0.8695652
vt 0 0.826087
vt 0 0.7826087
vt 0 0.7391304
vt 0 0.6956522
vt 0 0.6521739
vt 0 0.6086956
vt 0 0.5652174
vt 0 0.5217391
vt 0 0.4782609
vt 0 0.4347826
vt 0 0.3913044
vt 0 0.3478261
vt 0 0.3043478
vt 0 0.2608696
vt 0 0.2173913
vt 0 0.1739131
vt 0 0.1304348
vt 0 0.0869565
vt 0 0.04347825
vt 0 0
vt 0.05 0.9899999
vt 0.05 0.9565217
vt 0.05 0.9130435
vt 0.05 0.8695652
vt 0.05 0.826087
vt 0.05 0.7826087
vt 0.05 0.7391304
vt 0.05 0.6956522
vt 0.05 0.6521739
vt 0.05 0.6086956
vt 0.05 0.5652174
vt 0.05 0.5217391
vt 0.05 0.4782609
vt 0.05 0.4347826
vt 0.05 0.3913044
vt 0.05 0.3478261
vt 0.05 0.3043478
vt 0.05 0.2608696
vt 0.05 0.2173913
vt 0.05 0.1739131
vt 0.05 0.1304348
vt 0.05 0.0869565
vt 0.05 0.04347825
vt 0.05 0
vt 0.1 0.9899999
vt 0.1 0.9565217
vt 0.1 0.9130435
vt 0.1 0.8695652
vt 0.1 0.826087
vt 0.1 0.7826087
vt 0.1 0.7391304
vt 0.1 0.6956522
vt 0.1 0.6521739
vt 0.1 0.6086956
vt 0.1 0.5652174
vt 0.1 0.5217391
vt 0.1 0.4782609
vt 0.1 0.4347826
vt 0.1 0.3913044
vt 0.1 0.3478261
vt 0.1 0.3043478
vt 0.1 0.2608696
vt 0.1 0.2173913
vt 0.1 0.1739131
vt 0.1 0.1304348
vt 0.1 0.0869565
vt 0.1 0.04347825
vt 0.1 0
vt 0.1 0.9899999
vt 0.1 0.9565217
vt 0.1 0.9130435
vt 0.1 0.8695652
vt 0.1 0.826087
vt 0.1 0.7826087
vt 0.1 0.7391304
vt 0.1 0.6956522
vt 0.1 0.6521739
vt 0.1 0.6086956
vt 0.1 0.5652174
vt 0.1 0.5217391
vt 0.1 0.4782609
vt 0.1 0.4347826
vt 0.1 0.3913044
vt 0.1 0.3478261
vt 0.1 0.3043478
vt 0.1 0.2608696
vt 0.1 0.2173913
vt 0.1 0.1739131
vt 0.1 0.1304348
vt 0.1 0.0869565
vt 0.1 0.04347825
vt 0.1 0
vt 0.15 0.9899999
vt 0.15 0.9565217
vt 0.15 0.9130435
vt 0.15 0.8695652
vt 0.15 0.826087
vt 0.15 0.7826087
vt 0.15 0.7391304
vt 0.15 0.6956522
vt 0.15 0.6521739
vt 0.15 0.6086956
vt 0.15 0.5652174
vt 0.15 0.5217391
vt 0.15 0.4782609
vt 0.15 0.4347826
vt 0.15 0.3913044
vt 0.15 0.3478261
vt 0.15 0.3043478
vt 0.15 0.2608696
vt 0.15 0.2173913
vt 0.15 0.1739131
vt 0.15 0.1304348
vt 0.15 0.0869565
vt 0.15 0.04347825
vt 0.15 0
vt 0.2 0.9899999
vt 0.05 0.9899999
vt 0.1 0.9899999
vt 0.15 0.9899999
vt 0.2 0
vt 0.05 0
vt 0.1 0
vt 0.15 0
vt 0.2 0.9899999
vt 0.2 0.952381
vt 0.2 0.9047619
vt 0.2 0.8571429
vt 0.2 0.8095238
vt 0.2 0.7619048
vt 0.2 0.7142857
vt 0.2 0.6666666
vt 0.2 0.6190476
vt 0.2 0.5714285
vt 0.2 0.5238096
vt 0.2 0.4761904
vt 0.2 0.4285714
vt 0.2 0.3809524
vt 0.2 0.3333333
vt 0.2 0.2857143
vt 0.2 0.2380952
vt 0.2 0.1904762
vt 0.2 0.1428571
vt 0.2 0.09523809
vt 0.2 0.04761904
vt 0.2 0
vt 0 0.9899999
vt 0 0.952381
vt 0 0.9047619
vt 0 0.8571429
vt 0 0.8095238
vt 0 0.7619048
vt 0 0.7142857
vt 0 0.6666666
vt 0 0.6190476
vt 0 0.5714285
vt 0 0.5238096
vt 0 0.4761904
vt 0 0.4285714
vt 0 0.3809524
vt 0 0.3333333
vt 0 0.2857143
vt 0 0.2380952
vt 0 0.1904762
vt 0 0.1428571
vt 0 0.09523809
vt 0 0.04761904
vt 0 0
vt 0.05 0.9899999
vt 0.05 0.952381
vt 0.05 0.9047619
vt 0.05 0.8571429
vt 0.05 0.8095238
vt 0.05 0.7619048
vt 0.05 0.7142857
vt 0.05 0.6666666
vt 0.05 0.6190476
vt 0.05 0.5714285
vt 0.05 0.5238096
vt 0.05 0.4761904
vt 0.05 0.4285714
vt 0.05 0.3809524
vt 0.05 0.3333333
vt 0.05 0.2857143
vt 0.05 0.2380952
vt 0.05 0.1904762
vt 0.05 0.1428571
vt 0.05 0.09523809
vt 0.05 0.04761904
vt 0.05 0
vt 0.1 0.9899999
vt 0.1 0.952381
vt 0.1 0.9047619
vt 0.1 0.8571429
vt 0.1 0.8095238
vt 0.1 0.7619048
vt 0.1 0.7142857
vt 0.1 0.6666666
vt 0.1 0.6190476
vt 0.1 0.5714285
vt 0.1 0.5238096
vt 0.1 0.4761904
vt 0.1 0.4285714
vt 0.1 0.3809524
vt 0.1 0.3333333
vt 0.1 0.2857143
vt 0.1 0.2380952
vt 0.1 0.1904762
vt 0.1 0.1428571
vt 0.1 0.09523809
vt 0.1 0.04761904
vt 0.1 0
vt 0.1 0.9899999
vt 0.1 0.952381
vt 0.1 0.9047619
vt 0.1 0.8571429
vt 0.1 0.8095238
vt 0.1 0.7619048
vt 0.1 0.7142857
vt 0.1 0.6666666
vt 0.1 0.6190476
vt 0.1 0.5714285
vt 0.1 0.5238096
vt 0.1 0.4761904
vt 0.1 0.4285714
vt 0.1 0.3809524
vt 0.1 0.3333333
vt 0.1 0.2857143
vt 0.1 0.2380952
vt 0.1 0.1904762
vt 0.1 0.1428571
vt 0.1 0.09523809
vt 0.1 0.04761904
vt 0.1 0
vt 0.15 0.9899999
vt 0.15 0.952381
vt 0.15 0.9047619
vt 0.15 0.8571429
vt 0.15 0.8095238
vt 0.15 0.7619048
vt 0.15 0.7142857
vt 0.15 0.6666666
vt 0.15 0.6190476
vt 0.15 0.5714285
vt 0.15 0.5238096
vt 0.15 0.4761904
vt 0.15 0.4285714
vt 0.15 0.3809524
vt 0.15 0.3333333
vt 0.15 0.2857143
vt 0.15 0.2380952
vt 0.15 0.1904762
vt 0.15 0.1428571
vt 0.15 0.09523809
vt 0.15 0.04761904
vt 0.15 0
vt 0.2 0.9899999
vt 0.05 0.9899999
vt 0.1 0.9899999
vt 0.15 0.9899999
vt 0.2 0
vt 0.05 0
vt 0.1 0
vt 0.15 0
vt 0.2 0.9899999
vt 0.2 0.9545454
vt 0.2 0.9090908
vt 0.2 0.8636364
vt 0.2 0.8181818
vt 0.2 0.7727273
vt 0.2 0.7272727
vt 0.2 0.6818182
vt 0.2 0.6363636
vt 0.2 0.5909091
vt 0.2 0.5454545
vt 0.2 0.5
vt 0.2 0.4545454
vt 0.2 0.4090909
vt 0.2 0.3636364
vt 0.2 0.3181818
vt 0.2 0.2727273
vt 0.2 0.2272727
vt 0.2 0.1818182
vt 0.2 0.1363636
vt 0.2 0.09090906
vt 0.2 0.04545456
vt 0.2 0
vt 0 0.9899999
vt 0 0.9545454
vt 0 0.9090908
vt 0 0.8636364
vt 0 0.8181818
vt 0 0.7727273
vt 0 0.7272727
vt 0 0.6818182
vt 0 0.6363636
vt 0 0.5909091
vt 0 0.5454545
vt 0 0.5
vt 0 0.4545454
vt 0 0.4090909
vt 0 0.3636364
vt 0 0.3181818
vt 0 0.2727273
vt 0 0.2272727
vt 0 0.1818182
vt 0 0.1363636
vt 0 0.09090906
vt 0 0.04545456
vt 0 0
vt 0.05 0.9899999
vt 0.05 0.9545454
vt 0.05 0.9090908
vt 0.05 0.8636364
vt 0.05 0.8181818
vt 0.05 0.7727273
vt 0.05 0.7272727
vt 0.05 0.6818182
vt 0.05 0.6363636
vt 0.05 0.5909091
vt 0.05 0.5454545
vt 0.05 0.5
vt 0.05 0.4545454
vt 0.05 0.4090909
vt 0.05 0.3636364
vt 0.05 0.3181818
vt 0.05 0.2727273
vt 0.05 0.2272727
vt 0.05 0.1818182
vt 0.05 0.1363636
vt 0.05 0.09090906
vt 0.05 0.04545456
vt 0.05 0
vt 0.1 0.9899999
vt 0.1 0.9545454
vt 0.1 0.9090908
vt 0.1 0.8636364
vt 0.1 0.8181818
vt 0.1 0.7727273
vt 0.1 0.7272727
vt 0.1 0.6818182
vt 0.1 0.6363636
vt 0.1 0.5909091
vt 0.1 0.5454545
vt 0.1 0.5
vt 0.1 0.4545454
vt 0.1 0.4090909
vt 0.1 0.3636364
vt 0.1 0.3181818
vt 0.1 0.2727273
vt 0.1 0.2272727
vt 0.1 0.1818182
vt 0.1 0.1363636
vt 0.1 0.09090906
vt 0.1 0.04545456
vt 0.1 0
vt 0.1 0.9899999
vt 0.1 0.9545454
vt 0.1 0.9090908
vt 0.1 0.8636364
vt 0.1 0.8181818
vt 0.1 0.7727273
vt 0.1 0.7272727
vt 0.1 0.6818182
vt 0.1 0.6363636
vt 0.1 0.5909091
vt 0.1 0.5454545
vt 0.1 0.5
vt 0.1 0.4545454
vt 0.1 0.4090909
vt 0.1 0.3636364
vt 0.1 0.3181818
vt 0.1 0.2727273
vt 0.1 0.2272727
vt 0.1 0.1818182
vt 0.1 0.1363636
vt 0.1 0.09090906
vt 0.1 0.04545456
vt 0.1 0
vt 0.15 0.9899999
vt 0.15 0.9545454
vt 0.15 0.9090908
vt 0.15 0.8636364
vt 0.15 0.8181818
vt 0.15 0.7727273
vt 0.15 0.7272727
vt 0.15 0.6818182
vt 0.15 0.6363636
vt 0.15 0.5909091
vt 0.15 0.5454545
vt 0.15 0.5
vt 0.15 0.4545454
vt 0.15 0.4090909
vt 0.15 0.3636364
vt 0.15 0.3181818
vt 0.15 0.2727273
vt 0.15 0.2272727
vt 0.15 0.1818182
vt 0.15 0.1363636
vt 0.15 0.09090906
vt 0.15 0.04545456
vt 0.15 0
vt 0.2 0.9899999
vt 0.05 0.9899999
vt 0.1 0.9899999
vt 0.15 0.9899999
vt 0.2 0
vt 0.05 0
vt 0.1 0
vt 0.15 0
vt 0.2 0.9899999
vt 0.2 0.952381
vt 0.2 0.9047619
vt 0.2 0.8571429
vt 0.2 0.8095238
vt 0.2 0.7619048
vt 0.2 0.7142857
vt 0.2 0.6666666
vt 0.2 0.6190476
vt 0.2 0.5714285
vt 0.2 0.5238096
vt 0.2 0.4761904
vt 0.2 0.4285714
vt 0.2 0.3809524
vt 0.2 0.3333333
vt 0.2 0.2857143
vt 0.2 0.2380952
vt 0.2 0.1904762
vt 0.2 0.1428571
vt 0.2 0.09523809
vt 0.2 0.04761904
vt 0.2 0
vt 0 0.9899999
vt 0 0.952381
vt 0 0.9047619
vt 0 0.8571429
vt 0 0.8095238
vt 0 0.7619048
vt 0 0.7142857
vt 0 0.6666666
vt 0 0.6190476
vt 0 0.5714285
vt 0 0.5238096
vt 0 0.4761904
vt 0 0.4285714
vt 0 0.3809524
vt 0 0.3333333
vt 0 0.2857143
vt 0 0.2380952
vt 0 0.1904762
vt 0 0.1428571
vt 0 0.09523809
vt 0 0.04761904
vt 0 0
vt 0.05 0.9899999
vt 0.05 0.952381
vt 0.05 0.9047619
vt 0.05 0.8571429
vt 0.05 0.8095238
vt 0.05 0.7619048
vt 0.05 0.7142857
vt 0.05 0.6666666
vt 0.05 0.6190476
vt 0.05 0.5714285
vt 0.05 0.5238096
vt 0.05 0.4761904
vt 0.05 0.4285714
vt 0.05 0.3809524
vt 0.05 0.3333333
vt 0.05 0.2857143
vt 0.05 0.2380952
vt 0.05 0.1904762
vt 0.05 0.1428571
vt 0.05 0.09523809
vt 0.05 0.04761904
vt 0.05 0
vt 0.1 0.9899999
vt 0.1 0.952381
vt 0.1 0.9047619
vt 0.1 0.8571429
vt 0.1 0.8095238
vt 0.1 0.7619048
vt 0.1 0.7142857
vt 0.1 0.6666666
vt 0.1 0.6190476
vt 0.1 0.5714285
vt 0.1 0.5238096
vt 0.1 0.4761904
vt 0.1 0.4285714
vt 0.1 0.3809524
vt 0.1 0.3333333
vt 0.1 0.2857143
vt 0.1 0.2380952
vt 0.1 0.1904762
vt 0.1 0.1428571
vt 0.1 0.09523809
vt 0.1 0.04761904
vt 0.1 0
vt 0.1 0.9899999
vt 0.1 0.952381
vt 0.1 0.9047619
vt 0.1 0.8571429
vt 0.1 0.8095238
vt 0.1 0.7619048
vt 0.1 0.7142857
vt 0.1 0.6666666
vt 0.1 0.6190476
vt 0.1 0.5714285
vt 0.1 0.5238096
vt 0.1 0.4761904
vt 0.1 0.4285714
vt 0.1 0.3809524
vt 0.1 0.3333333
vt 0.1 0.2857143
vt 0.1 0.2380952
vt 0.1 0.1904762
vt 0.1 0.1428571
vt 0.1 0.09523809
vt 0.1 0.04761904
vt 0.1 0
vt 0.15 0.9899999
vt 0.15 0.952381
vt 0.15 0.9047619
vt 0.15 0.8571429
vt 0.15 0.8095238
vt 0.15 0.7619048
vt 0.15 0.7142857
vt 0.15 0.6666666
vt 0.15 0.6190476
vt 0.15 0.5714285
vt 0.15 0.5238096
vt 0.15 0.4761904
vt 0.15 0.4285714
vt 0.15 0.3809524
vt 0.15 0.3333333
vt 0.15 0.2857143
vt 0.15 0.2380952
vt 0.15 0.1904762
vt 0.15 0.1428571
vt 0.15 0.09523809
vt 0.15 0.04761904
vt 0.15 0
vt 0.2 0.9899999
vt 0.05 0.9899999
vt 0.1 0.9899999
vt 0.15 0.9899999
vt 0.2 0
vt 0.05 0
vt 0.1 0
vt 0.15 0
vt 0.2 0.9899999
vt 0.2 0.967742
vt 0.2 0.9354839
vt 0.2 0.9032258
vt 0.2 0.8709677
vt 0.2 0.8387097
vt 0.2 0.8064516
vt 0.2 0.7741935
vt 0.2 0.7419355
vt 0.2 0.7096775
vt 0.2 0.6774194
vt 0.2 0.6451613
vt 0.2 0.6129032
vt 0.2 0.5806452
vt 0.2 0.5483871
vt 0.2 0.516129
vt 0.2 0.483871
vt 0.2 0.4516129
vt 0.2 0.4193549
vt 0.2 0.3870968
vt 0.2 0.3548387
vt 0.2 0.3225806
vt 0.2 0.2903226
vt 0.2 0.2580645
vt 0.2 0.2258065
vt 0.2 0.1935484
vt 0.2 0.1612903
vt 0.2 0.1290323
vt 0.2 0.09677422
vt 0.2 0.06451613
vt 0.2 0.03225809
vt 0.2 0
vt 0 0.9899999
vt 0 0.967742
vt 0 0.9354839
vt 0 0.9032258
vt 0 0.8709677
vt 0 0.8387097
vt 0 0.8064516
vt 0 0.7741935
vt 0 0.7419355
vt 0 0.7096775
vt 0 0.6774194
vt 0 0.6451613
vt 0 0.6129032
vt 0 0.5806452
vt 0 0.5483871
vt 0 0.516129
vt 0 0.483871
vt 0 0.4516129
vt 0 0.4193549
vt 0 0.3870968
vt 0 0.3548387
vt 0 0.3225806
vt 0 0.2903226
vt 0 0.2580645
vt 0 0.2258065
vt 0 0.1935484
vt 0 0.1612903
vt 0 0.1290323
vt 0 0.09677422
vt 0 0.06451613
vt 0 0.03225809
vt 0 0
vt 0.05 0.9899999
vt 0.05 0.967742
vt 0.05 0.9354839
vt 0.05 0.9032258
vt 0.05 0.8709677
vt 0.05 0.8387097
vt 0.05 0.8064516
vt 0.05 0.7741935
vt 0.05 0.7419355
vt 0.05 0.7096775
vt 0.05 0.6774194
vt 0.05 0.6451613
vt 0.05 0.6129032
vt 0.05 0.5806452
vt 0.05 0.5483871
vt 0.05 0.516129
vt 0.05 0.483871
vt 0.05 0.4516129
vt 0.05 0.4193549
vt 0.05 0.3870968
vt 0.05 0.3548387
vt 0.05 0.3225806
vt 0.05 0.2903226
vt 0.05 0.2580645
vt 0.05 0.2258065
vt 0.05 0.1935484
vt 0.05 0.1612903
vt 0.05 0.1290323
vt 0.05 0.09677422
vt 0.05 0.06451613
vt 0.05 0.03225809
vt 0.05 0
vt 0.1 0.9899999
vt 0.1 0.967742
vt 0.1 0.9354839
vt 0.1 0.9032258
vt 0.1 0.8709677
vt 0.1 0.8387097
vt 0.1 0.8064516
vt 0.1 0.7741935
vt 0.1 0.7419355
vt 0.1 0.7096775
vt 0.1 0.6774194
vt 0.1 0.6451613
vt 0.1 0.6129032
vt 0.1 0.5806452
vt 0.1 0.5483871
vt 0.1 0.516129
vt 0.1 0.483871
vt 0.1 0.4516129
vt 0.1 0.4193549
vt 0.1 0.3870968
vt 0.1 0.3548387
vt 0.1 0.3225806
vt 0.1 0.2903226
vt 0.1 0.2580645
vt 0.1 0.2258065
vt 0.1 0.1935484
vt 0.1 0.1612903
vt 0.1 0.1290323
vt 0.1 0.09677422
vt 0.1 0.06451613
vt 0.1 0.03225809
vt 0.1 0
vt 0.1 0.9899999
vt 0.1 0.967742
vt 0.1 0.9354839
vt 0.1 0.9032258
vt 0.1 0.8709677
vt 0.1 0.8387097
vt 0.1 0.8064516
vt 0.1 0.7741935
vt 0.1 0.7419355
vt 0.1 0.7096775
vt 0.1 0.6774194
vt 0.1 0.6451613
vt 0.1 0.6129032
vt 0.1 0.5806452
vt 0.1 0.5483871
vt 0.1 0.516129
vt 0.1 0.483871
vt 0.1 0.4516129
vt 0.1 0.4193549
vt 0.1 0.3870968
vt 0.1 0.3548387
vt 0.1 0.3225806
vt 0.1 0.2903226
vt 0.1 0.2580645
vt 0.1 0.2258065
vt 0.1 0.1935484
vt 0.1 0.1612903
vt 0.1 0.1290323
vt 0.1 0.09677422
vt 0.1 0.06451613
vt 0.1 0.03225809
vt 0.1 0
vt 0.15 0.9899999
vt 0.15 0.967742
vt 0.15 0.9354839
vt 0.15 0.9032258
vt 0.15 0.8709677
vt 0.15 0.8387097
vt 0.15 0.8064516
vt 0.15 0.7741935
vt 0.15 0.7419355
vt 0.15 0.7096775
vt 0.15 0.6774194
vt 0.15 0.6451613
vt 0.15 0.6129032
vt 0.15 0.5806452
vt 0.15 0.5483871
vt 0.15 0.516129
vt 0.15 0.483871
vt 0.15 0.4516129
vt 0.15 0.4193549
vt 0.15 0.3870968
vt 0.15 0.3548387
vt 0.15 0.3225806
vt 0.15 0.2903226
vt 0.15 0.2580645
vt 0.15 0.2258065
vt 0.15 0.1935484
vt 0.15 0.1612903
vt 0.15 0.1290323
vt 0.15 0.09677422
vt 0.15 0.06451613
vt 0.15 0.03225809
vt 0.15 0
vt 0.2 0.9899999
vt 0.05 0.9899999
vt 0.1 0.9899999
vt 0.15 0.9899999
vt 0.2 0
vt 0.05 0
vt 0.1 0
vt 0.15 0
vt 0.2 0.9899999
vt 0.2 0.962963
vt 0.2 0.925926
vt 0.2 0.8888888
vt 0.2 0.8518518
vt 0.2 0.8148148
vt 0.2 0.7777778
vt 0.2 0.7407408
vt 0.2 0.7037037
vt 0.2 0.6666666
vt 0.2 0.6296296
vt 0.2 0.5925926
vt 0.2 0.5555556
vt 0.2 0.5185185
vt 0.2 0.4814815
vt 0.2 0.4444444
vt 0.2 0.4074074
vt 0.2 0.3703704
vt 0.2 0.3333333
vt 0.2 0.2962963
vt 0.2 0.2592593
vt 0.2 0.2222222
vt 0.2 0.1851852
vt 0.2 0.1481481
vt 0.2 0.1111111
vt 0.2 0.07407409
vt 0.2 0.03703701
vt 0.2 0
vt 0 0.9899999
vt 0 0.962963
vt 0 0.925926
vt 0 0.8888888
vt 0 0.8518518
vt 0 0.8148148
vt 0 0.7777778
vt 0 0.7407408
vt 0 0.7037037
vt 0 0.6666666
vt 0 0.6296296
vt 0 0.5925926
vt 0 0.5555556
vt 0 0.5185185
vt 0 0.4814815
vt 0 0.4444444
vt 0 0.4074074
vt 0 0.3703704
vt 0 0.3333333
vt 0 0.2962963
vt 0 0.2592593
vt 0 0.2222222
vt 0 0.1851852
vt 0 0.1481481
vt 0 0.1111111
vt 0 0.07407409
vt 0 0.03703701
vt 0 0
vt 0.05 0.9899999
vt 0.05 0.962963
vt 0.05 0.925926
vt 0.05 0.8888888
vt 0.05 0.8518518
vt 0.05 0.8148148
vt 0.05 0.7777778
vt 0.05 0.7407408
vt 0.05 0.7037037
vt 0.05 0.6666666
vt 0.05 0.6296296
vt 0.05 0.5925926
vt 0.05 0.5555556
vt 0.05 0.5185185
vt 0.05 0.4814815
vt 0.05 0.4444444
vt 0.05 0.4074074
vt 0.05 0.3703704
vt 0.05 0.3333333
vt 0.05 0.2962963
vt 0.05 0.2592593
vt 0.05 0.2222222
vt 0.05 0.1851852
vt 0.05 0.1481481
vt 0.05 0.1111111
vt 0.05 0.07407409
vt 0.05 0.03703701
vt 0.05 0
vt 0.1 0.9899999
vt 0.1 0.962963
vt 0.1 0.925926
vt 0.1 0.8888888
vt 0.1 0.8518518
vt 0.1 0.8148148
vt 0.1 0.7777778
vt 0.1 0.7407408
vt 0.1 0.7037037
vt 0.1 0.6666666
vt 0.1 0.6296296
vt 0.1 0.5925926
vt 0.1 0.5555556
vt 0.1 0.5185185
vt 0.1 0.4814815
vt 0.1 0.4444444
vt 0.1 0.4074074
vt 0.1 0.3703704
vt 0.1 0.3333333
vt 0.1 0.2962963
vt 0.1 0.2592593
vt 0.1 0.2222222
vt 0.1 0.1851852
vt 0.1 0.1481481
vt 0.1 0.1111111
vt 0.1 0.07407409
vt 0.1 0.03703701
vt 0.1 0
vt 0.1 0.9899999
vt 0.1 0.962963
vt 0.1 0.925926
vt 0.1 0.8888888
vt 0.1 0.8518518
vt 0.1 0.8148148
vt 0.1 0.7777778
vt 0.1 0.7407408
vt 0.1 0.7037037
vt 0.1 0.6666666
vt 0.1 0.6296296
vt 0.1 0.5925926
vt 0.1 0.5555556
vt 0.1 0.5185185
vt 0.1 0.4814815
vt 0.1 0.4444444
vt 0.1 0.4074074
vt 0.1 0.3703704
vt 0.1 0.3333333
vt 0.1 0.2962963
vt 0.1 0.2592593
vt 0.1 0.2222222
vt 0.1 0.1851852
vt 0.1 0.1481481
vt 0.1 0.1111111
vt 0.1 0.07407409
vt 0.1 0.03703701
vt 0.1 0
vt 0.15 0.9899999
vt 0.15 0.962963
vt 0.15 0.925926
vt 0.15 0.8888888
vt 0.15 0.8518518
vt 0.15 0.8148148
vt 0.15 0.7777778
vt 0.15 0.7407408
vt 0.15 0.7037037
vt 0.15 0.6666666
vt 0.15 0.6296296
vt 0.15 0.5925926
vt 0.15 0.5555556
vt 0.15 0.5185185
vt 0.15 0.4814815
vt 0.15 0.4444444
vt 0.15 0.4074074
vt 0.15 0.3703704
vt 0.15 0.3333333
vt 0.15 0.2962963
vt 0.15 0.2592593
vt 0.15 0.2222222
vt 0.15 0.1851852
vt 0.15 0.1481481
vt 0.15 0.1111111
vt 0.15 0.07407409
vt 0.15 0.03703701
vt 0.15 0
vt 0.2 0.9899999
vt 0.05 0.9899999
vt 0.1 0.9899999
vt 0.15 0.9899999
vt 0.2 0
vt 0.05 0
vt 0.1 0
vt 0.15 0
vt 0.2 0.9899999
vt 0.2 0.9666666
vt 0.2 0.9333333
vt 0.2 0.9
vt 0.2 0.8666667
vt 0.2 0.8333334
vt 0.2 0.8
vt 0.2 0.7666666
vt 0.2 0.7333333
vt 0.2 0.7
vt 0.2 0.6666666
vt 0.2 0.6333333
vt 0.2 0.6
vt 0.2 0.5666666
vt 0.2 0.5333333
vt 0.2 0.5
vt 0.2 0.4666666
vt 0.2 0.4333333
vt 0.2 0.4
vt 0.2 0.3666667
vt 0.2 0.3333333
vt 0.2 0.3
vt 0.2 0.2666667
vt 0.2 0.2333333
vt 0.2 0.2
vt 0.2 0.1666667
vt 0.2 0.1333333
vt 0.2 0.1
vt 0.2 0.06666666
vt 0.2 0.03333336
vt 0.2 0
vt 0 0.9899999
vt 0 0.9666666
vt 0 0.9333333
vt 0 0.9
vt 0 0.8666667
vt 0 0.8333334
vt 0 0.8
vt 0 0.7666666
vt 0 0.7333333
vt 0 0.7
vt 0 0.6666666
vt 0 0.6333333
vt 0 0.6
vt 0 0.5666666
vt 0 0.5333333
vt 0 0.5
vt 0 0.4666666
vt 0 0.4333333
vt 0 0.4
vt 0 0.3666667
vt 0 0.3333333
vt 0 0.3
vt 0 0.2666667
vt 0 0.2333333
vt 0 0.2
vt 0 0.1666667
vt 0 0.1333333
vt 0 0.1
vt 0 0.06666666
vt 0 0.03333336
vt 0 0
vt 0.05 0.9899999
vt 0.05 0.9666666
vt 0.05 0.9333333
vt 0.05 0.9
vt 0.05 0.8666667
vt 0.05 0.8333334
vt 0.05 0.8
vt 0.05 0.7666666
vt 0.05 0.7333333
vt 0.05 0.7
vt 0.05 0.6666666
vt 0.05 0.6333333
vt 0.05 0.6
vt 0.05 0.5666666
vt 0.05 0.5333333
vt 0.05 0.5
vt 0.05 0.4666666
vt 0.05 0.4333333
vt 0.05 0.4
vt 0.05 0.3666667
vt 0.05 0.3333333
vt 0.05 0.3
vt 0.05 0.2666667
vt 0.05 0.2333333
vt 0.05 0.2
vt 0.05 0.1666667
vt 0.05 0.1333333
vt 0.05 0.1
vt 0.05 0.06666666
vt 0.05 0.03333336
vt 0.05 0
vt 0.1 0.9899999
vt 0.1 0.9666666
vt 0.1 0.9333333
vt 0.1 0.9
vt 0.1 0.8666667
vt 0.1 0.8333334
vt 0.1 0.8
vt 0.1 0.7666666
vt 0.1 0.7333333
vt 0.1 0.7
vt 0.1 0.6666666
vt 0.1 0.6333333
vt 0.1 0.6
vt 0.1 0.5666666
vt 0.1 0.5333333
vt 0.1 0.5
vt 0.1 0.4666666
vt 0.1 0.4333333
vt 0.1 0.4
vt 0.1 0.3666667
vt 0.1 0.3333333
vt 0.1 0.3
vt 0.1 0.2666667
vt 0.1 0.2333333
vt 0.1 0.2
vt 0.1 0.1666667
vt 0.1 0.1333333
vt 0.1 0.1
vt 0.1 0.06666666
vt 0.1 0.03333336
vt 0.1 0
vt 0.1 0.9899999
vt 0.1 0.9666666
vt 0.1 0.9333333
vt 0.1 0.9
vt 0.1 0.8666667
vt 0.1 0.8333334
vt 0.1 0.8
vt 0.1 0.7666666
vt 0.1 0.7333333
vt 0.1 0.7
vt 0.1 0.6666666
vt 0.1 0.6333333
vt 0.1 0.6
vt 0.1 0.5666666
vt 0.1 0.5333333
vt 0.1 0.5
vt 0.1 0.4666666
vt 0.1 0.4333333
vt 0.1 0.4
vt 0.1 0.3666667
vt 0.1 0.3333333
vt 0.1 0.3
vt 0.1 0.2666667
vt 0.1 0.2333333
vt 0.1 0.2
vt 0.1 0.1666667
vt 0.1 0.1333333
vt 0.1 0.1
vt 0.1 0.06666666
vt 0.1 0.03333336
vt 0.1 0
vt 0.15 0.9899999
vt 0.15 0.9666666
vt 0.15 0.9333333
vt 0.15 0.9
vt 0.15 0.8666667
vt 0.15 0.8333334
vt 0.15 0.8
vt 0.15 0.7666666
vt 0.15 0.7333333
vt 0.15 0.7
vt 0.15 0.6666666
vt 0.15 0.6333333
vt 0.15 0.6
vt 0.15 0.5666666
vt 0.15 0.5333333
vt 0.15 0.5
vt 0.15 0.4666666
vt 0.15 0.4333333
vt 0.15 0.4
vt 0.15 0.3666667
vt 0.15 0.3333333
vt 0.15 0.3
vt 0.15 0.2666667
vt 0.15 0.2333333
vt 0.15 0.2
vt 0.15 0.1666667
vt 0.15 0.1333333
vt 0.15 0.1
vt 0.15 0.06666666
vt 0.15 0.03333336
vt 0.15 0
vt 0.2 0.9899999
vt 0.05 0.9899999
vt 0.1 0.9899999
vt 0.15 0.9899999
vt 0.2 0
vt 0.05 0
vt 0.1 0
vt 0.15 0
vt 0.2 0.9899999
vt 0.2 0.96
vt 0.2 0.92
vt 0.2 0.88
vt 0.2 0.84
vt 0.2 0.8
vt 0.2 0.76
vt 0.2 0.72
vt 0.2 0.68
vt 0.2 0.64
vt 0.2 0.6
vt 0.2 0.56
vt 0.2 0.52
vt 0.2 0.48
vt 0.2 0.44
vt 0.2 0.4
vt 0.2 0.36
vt 0.2 0.32
vt 0.2 0.28
vt 0.2 0.24
vt 0.2 0.2
vt 0.2 0.16
vt 0.2 0.12
vt 0.2 0.07999998
vt 0.2 0.04000002
vt 0.2 0
vt 0 0.9899999
vt 0 0.96
vt 0 0.92
vt 0 0.88
vt 0 0.84
vt 0 0.8
vt 0 0.76
vt 0 0.72
vt 0 0.68
vt 0 0.64
vt 0 0.6
vt 0 0.56
vt 0 0.52
vt 0 0.48
vt 0 0.44
vt 0 0.4
vt 0 0.36
vt 0 0.32
vt 0 0.28
vt 0 0.24
vt 0 0.2
vt 0 0.16
vt 0 0.12
vt 0 0.07999998
vt 0 0.04000002
vt 0 0
vt 0.05 0.9899999
vt 0.05 0.96
vt 0.05 0.92
vt 0.05 0.88
vt 0.05 0.84
vt 0.05 0.8
vt 0.05 0.76
vt 0.05 0.72
vt 0.05 0.68
vt 0.05 0.64
vt 0.05 0.6
vt 0.05 0.56
vt 0.05 0.52
vt 0.05 0.48
vt 0.05 0.44
vt 0.05 0.4
vt 0.05 0.36
vt 0.05 0.32
vt 0.05 0.28
vt 0.05 0.24
vt 0.05 0.2
vt 0.05 0.16
vt 0.05 0.12
vt 0.05 0.07999998
vt 0.05 0.04000002
vt 0.05 0
vt 0.1 0.9899999
vt 0.1 0.96
vt 0.1 0.92
vt 0.1 0.88
vt 0.1 0.84
vt 0.1 0.8
vt 0.1 0.76
vt 0.1 0.72
vt 0.1 0.68
vt 0.1 0.64
vt 0.1 0.6
vt 0.1 0.56
vt 0.1 0.52
vt 0.1 0.48
vt 0.1 0.44
vt 0.1 0.4
vt 0.1 0.36
vt 0.1 0.32
vt 0.1 0.28
vt 0.1 0.24
vt 0.1 0.2
vt 0.1 0.16
vt 0.1 0.12
vt 0.1 0.07999998
vt 0.1 0.04000002
vt 0.1 0
vt 0.1 0.9899999
vt 0.1 0.96
vt 0.1 0.92
vt 0.1 0.88
vt 0.1 0.84
vt 0.1 0.8
vt 0.1 0.76
vt 0.1 0.72
vt 0.1 0.68
vt 0.1 0.64
vt 0.1 0.6
vt 0.1 0.56
vt 0.1 0.52
vt 0.1 0.48
vt 0.1 0.44
vt 0.1 0.4
vt 0.1 0.36
vt 0.1 0.32
vt 0.1 0.28
vt 0.1 0.24
vt 0.1 0.2
vt 0.1 0.16
vt 0.1 0.12
vt 0.1 0.07999998
vt 0.1 0.04000002
vt 0.1 0
vt 0.15 0.9899999
vt 0.15 0.96
vt 0.15 0.92
vt 0.15 0.88
vt 0.15 0.84
vt 0.15 0.8
vt 0.15 0.76
vt 0.15 0.72
vt 0.15 0.68
vt 0.15 0.64
vt 0.15 0.6
vt 0.15 0.56
vt 0.15 0.52
vt 0.15 0.48
vt 0.15 0.44
vt 0.15 0.4
vt 0.15 0.36
vt 0.15 0.32
vt 0.15 0.28
vt 0.15 0.24
vt 0.15 0.2
vt 0.15 0.16
vt 0.15 0.12
vt 0.15 0.07999998
vt 0.15 0.04000002
vt 0.15 0
vt 0.2 0.9899999
vt 0.05 0.9899999
vt 0.1 0.9899999
vt 0.15 0.9899999
vt 0.2 0
vt 0.05 0
vt 0.1 0
vt 0.15 0
vt 0.2 0.9899999
vt 0.2 0.9615384
vt 0.2 0.923077
vt 0.2 0.8846154
vt 0.2 0.8461539
vt 0.2 0.8076923
vt 0.2 0.7692308
vt 0.2 0.7307692
vt 0.2 0.6923077
vt 0.2 0.6538461
vt 0.2 0.6153846
vt 0.2 0.5769231
vt 0.2 0.5384616
vt 0.2 0.5
vt 0.2 0.4615384
vt 0.2 0.4230769
vt 0.2 0.3846154
vt 0.2 0.3461539
vt 0.2 0.3076923
vt 0.2 0.2692308
vt 0.2 0.2307692
vt 0.2 0.1923077
vt 0.2 0.1538461
vt 0.2 0.1153846
vt 0.2 0.07692307
vt 0.2 0.03846156
vt 0.2 0
vt 0 0.9899999
vt 0 0.9615384
vt 0 0.923077
vt 0 0.8846154
vt 0 0.8461539
vt 0 0.8076923
vt 0 0.7692308
vt 0 0.7307692
vt 0 0.6923077
vt 0 0.6538461
vt 0 0.6153846
vt 0 0.5769231
vt 0 0.5384616
vt 0 0.5
vt 0 0.4615384
vt 0 0.4230769
vt 0 0.3846154
vt 0 0.3461539
vt 0 0.3076923
vt 0 0.2692308
vt 0 0.2307692
vt 0 0.1923077
vt 0 0.1538461
vt 0 0.1153846
vt 0 0.07692307
vt 0 0.03846156
vt 0 0
vt 0.05 0.9899999
vt 0.05 0.9615384
vt 0.05 0.923077
vt 0.05 0.8846154
vt 0.05 0.8461539
vt 0.05 0.8076923
vt 0.05 0.7692308
vt 0.05 0.7307692
vt 0.05 0.6923077
vt 0.05 0.6538461
vt 0.05 0.6153846
vt 0.05 0.5769231
vt 0.05 0.5384616
vt 0.05 0.5
vt 0.05 0.4615384
vt 0.05 0.4230769
vt 0.05 0.3846154
vt 0.05 0.3461539
vt 0.05 0.3076923
vt 0.05 0.2692308
vt 0.05 0.2307692
vt 0.05 0.1923077
vt 0.05 0.1538461
vt 0.05 0.1153846
vt 0.05 0.07692307
vt 0.05 0.03846156
vt 0.05 0
vt 0.1 0.9899999
vt 0.1 0.9615384
vt 0.1 0.923077
vt 0.1 0.8846154
vt 0.1 0.8461539
vt 0.1 0.8076923
vt 0.1 0.7692308
vt 0.1 0.7307692
vt 0.1 0.6923077
vt 0.1 0.6538461
vt 0.1 0.6153846
vt 0.1 0.5769231
vt 0.1 0.5384616
vt 0.1 0.5
vt 0.1 0.4615384
vt 0.1 0.4230769
vt 0.1 0.3846154
vt 0.1 0.3461539
vt 0.1 0.3076923
vt 0.1 0.2692308
vt 0.1 0.2307692
vt 0.1 0.1923077
vt 0.1 0.1538461
vt 0.1 0.1153846
vt 0.1 0.07692307
vt 0.1 0.03846156
vt 0.1 0
vt 0.1 0.9899999
vt 0.1 0.9615384
vt 0.1 0.923077
vt 0.1 0.8846154
vt 0.1 0.8461539
vt 0.1 0.8076923
vt 0.1 0.7692308
vt 0.1 0.7307692
vt 0.1 0.6923077
vt 0.1 0.6538461
vt 0.1 0.6153846
vt 0.1 0.5769231
vt 0.1 0.5384616
vt 0.1 0.5
vt 0.1 0.4615384
vt 0.1 0.4230769
vt 0.1 0.3846154
vt 0.1 0.3461539
vt 0.1 0.3076923
vt 0.1 0.2692308
vt 0.1 0.2307692
vt 0.1 0.1923077
vt 0.1 0.1538461
vt 0.1 0.1153846
vt 0.1 0.07692307
vt 0.1 0.03846156
vt 0.1 0
vt 0.15 0.9899999
vt 0.15 0.9615384
vt 0.15 0.923077
vt 0.15 0.8846154
vt 0.15 0.8461539
vt 0.15 0.8076923
vt 0.15 0.7692308
vt 0.15 0.7307692
vt 0.15 0.6923077
vt 0.15 0.6538461
vt 0.15 0.6153846
vt 0.15 0.5769231
vt 0.15 0.5384616
vt 0.15 0.5
vt 0.15 0.4615384
vt 0.15 0.4230769
vt 0.15 0.3846154
vt 0.15 0.3461539
vt 0.15 0.3076923
vt 0.15 0.2692308
vt 0.15 0.2307692
vt 0.15 0.1923077
vt 0.15 0.1538461
vt 0.15 0.1153846
vt 0.15 0.07692307
vt 0.15 0.03846156
vt 0.15 0
vt 0.2 0.9899999
vt 0.05 0.9899999
vt 0.1 0.9899999
vt 0.15 0.9899999
vt 0.2 0
vt 0.05 0
vt 0.1 0
vt 0.15 0
vt 0.2 0.9899999
vt 0.2 0.96
vt 0.2 0.92
vt 0.2 0.88
vt 0.2 0.84
vt 0.2 0.8
vt 0.2 0.76
vt 0.2 0.72
vt 0.2 0.68
vt 0.2 0.64
vt 0.2 0.6
vt 0.2 0.56
vt 0.2 0.52
vt 0.2 0.48
vt 0.2 0.44
vt 0.2 0.4
vt 0.2 0.36
vt 0.2 0.32
vt 0.2 0.28
vt 0.2 0.24
vt 0.2 0.2
vt 0.2 0.16
vt 0.2 0.12
vt 0.2 0.07999998
vt 0.2 0.04000002
vt 0.2 0
vt 0 0.9899999
vt 0 0.96
vt 0 0.92
vt 0 0.88
vt 0 0.84
vt 0 0.8
vt 0 0.76
vt 0 0.72
vt 0 0.68
vt 0 0.64
vt 0 0.6
vt 0 0.56
vt 0 0.52
vt 0 0.48
vt 0 0.44
vt 0 0.4
vt 0 0.36
vt 0 0.32
vt 0 0.28
vt 0 0.24
vt 0 0.2
vt 0 0.16
vt 0 0.12
vt 0 0.07999998
vt 0 0.04000002
vt 0 0
vt 0.05 0.9899999
vt 0.05 0.96
vt 0.05 0.92
vt 0.05 0.88
vt 0.05 0.84
vt 0.05 0.8
vt 0.05 0.76
vt 0.05 0.72
vt 0.05 0.68
vt 0.05 0.64
vt 0.05 0.6
vt 0.05 0.56
vt 0.05 0.52
vt 0.05 0.48
vt 0.05 0.44
vt 0.05 0.4
vt 0.05 0.36
vt 0.05 0.32
vt 0.05 0.28
vt 0.05 0.24
vt 0.05 0.2
vt 0.05 0.16
vt 0.05 0.12
vt 0.05 0.07999998
vt 0.05 0.04000002
vt 0.05 0
vt 0.1 0.9899999
vt 0.1 0.96
vt 0.1 0.92
vt 0.1 0.88
vt 0.1 0.84
vt 0.1 0.8
vt 0.1 0.76
vt 0.1 0.72
vt 0.1 0.68
vt 0.1 0.64
vt 0.1 0.6
vt 0.1 0.56
vt 0.1 0.52
vt 0.1 0.48
vt 0.1 0.44
vt 0.1 0.4
vt 0.1 0.36
vt 0.1 0.32
vt 0.1 0.28
vt 0.1 0.24
vt 0.1 0.2
vt 0.1 0.16
vt 0.1 0.12
vt 0.1 0.07999998
vt 0.1 0.04000002
vt 0.1 0
vt 0.1 0.9899999
vt 0.1 0.96
vt 0.1 0.92
vt 0.1 0.88
vt 0.1 0.84
vt 0.1 0.8
vt 0.1 0.76
vt 0.1 0.72
vt 0.1 0.68
vt 0.1 0.64
vt 0.1 0.6
vt 0.1 0.56
vt 0.1 0.52
vt 0.1 0.48
vt 0.1 0.44
vt 0.1 0.4
vt 0.1 0.36
vt 0.1 0.32
vt 0.1 0.28
vt 0.1 0.24
vt 0.1 0.2
vt 0.1 0.16
vt 0.1 0.12
vt 0.1 0.07999998
vt 0.1 0.04000002
vt 0.1 0
vt 0.15 0.9899999
vt 0.15 0.96
vt 0.15 0.92
vt 0.15 0.88
vt 0.15 0.84
vt 0.15 0.8
vt 0.15 0.76
vt 0.15 0.72
vt 0.15 0.68
vt 0.15 0.64
vt 0.15 0.6
vt 0.15 0.56
vt 0.15 0.52
vt 0.15 0.48
vt 0.15 0.44
vt 0.15 0.4
vt 0.15 0.36
vt 0.15 0.32
vt 0.15 0.28
vt 0.15 0.24
vt 0.15 0.2
vt 0.15 0.16
vt 0.15 0.12
vt 0.15 0.07999998
vt 0.15 0.04000002
vt 0.15 0
vt 0.2 0.9899999
vt 0.05 0.9899999
vt 0.1 0.9899999
vt 0.15 0.9899999
vt 0.2 0
vt 0.05 0
vt 0.1 0
vt 0.15 0
vt 0.2 0.9899999
vt 0.2 0.9615384
vt 0.2 0.923077
vt 0.2 0.8846154
vt 0.2 0.8461539
vt 0.2 0.8076923
vt 0.2 0.7692308
vt 0.2 0.7307692
vt 0.2 0.6923077
vt 0.2 0.6538461
vt 0.2 0.6153846
vt 0.2 0.5769231
vt 0.2 0.5384616
vt 0.2 0.5
vt 0.2 0.4615384
vt 0.2 0.4230769
vt 0.2 0.3846154
vt 0.2 0.3461539
vt 0.2 0.3076923
vt 0.2 0.2692308
vt 0.2 0.2307692
vt 0.2 0.1923077
vt 0.2 0.1538461
vt 0.2 0.1153846
vt 0.2 0.07692307
vt 0.2 0.03846156
vt 0.2 0
vt 0 0.9899999
vt 0 0.9615384
vt 0 0.923077
vt 0 0.8846154
vt 0 0.8461539
vt 0 0.8076923
vt 0 0.7692308
vt 0 0.7307692
vt 0 0.6923077
vt 0 0.6538461
vt 0 0.6153846
vt 0 0.5769231
vt 0 0.5384616
vt 0 0.5
vt 0 0.4615384
vt 0 0.4230769
vt 0 0.3846154
vt 0 0.3461539
vt 0 0.3076923
vt 0 0.2692308
vt 0 0.2307692
vt 0 0.1923077
vt 0 0.1538461
vt 0 0.1153846
vt 0 0.07692307
vt 0 0.03846156
vt 0 0
vt 0.05 0.9899999
vt 0.05 0.9615384
vt 0.05 0.923077
vt 0.05 0.8846154
vt 0.05 0.8461539
vt 0.05 0.8076923
vt 0.05 0.7692308
vt 0.05 0.7307692
vt 0.05 0.6923077
vt 0.05 0.6538461
vt 0.05 0.6153846
vt 0.05 0.5769231
vt 0.05 0.5384616
vt 0.05 0.5
vt 0.05 0.4615384
vt 0.05 0.4230769
vt 0.05 0.3846154
vt 0.05 0.3461539
vt 0.05 0.3076923
vt 0.05 0.2692308
vt 0.05 0.2307692
vt 0.05 0.1923077
vt 0.05 0.1538461
vt 0.05 0.1153846
vt 0.05 0.07692307
vt 0.05 0.03846156
vt 0.05 0
vt 0.1 0.9899999
vt 0.1 0.9615384
vt 0.1 0.923077
vt 0.1 0.8846154
vt 0.1 0.8461539
vt 0.1 0.8076923
vt 0.1 0.7692308
vt 0.1 0.7307692
vt 0.1 0.6923077
vt 0.1 0.6538461
vt 0.1 0.6153846
vt 0.1 0.5769231
vt 0.1 0.5384616
vt 0.1 0.5
vt 0.1 0.4615384
vt 0.1 0.4230769
vt 0.1 0.3846154
vt 0.1 0.3461539
vt 0.1 0.3076923
vt 0.1 0.2692308
vt 0.1 0.2307692
vt 0.1 0.1923077
vt 0.1 0.1538461
vt 0.1 0.1153846
vt 0.1 0.07692307
vt 0.1 0.03846156
vt 0.1 0
vt 0.1 0.9899999
vt 0.1 0.9615384
vt 0.1 0.923077
vt 0.1 0.8846154
vt 0.1 0.8461539
vt 0.1 0.8076923
vt 0.1 0.7692308
vt 0.1 0.7307692
vt 0.1 0.6923077
vt 0.1 0.6538461
vt 0.1 0.6153846
vt 0.1 0.5769231
vt 0.1 0.5384616
vt 0.1 0.5
vt 0.1 0.4615384
vt 0.1 0.4230769
vt 0.1 0.3846154
vt 0.1 0.3461539
vt 0.1 0.3076923
vt 0.1 0.2692308
vt 0.1 0.2307692
vt 0.1 0.1923077
vt 0.1 0.1538461
vt 0.1 0.1153846
vt 0.1 0.07692307
vt 0.1 0.03846156
vt 0.1 0
vt 0.15 0.9899999
vt 0.15 0.9615384
vt 0.15 0.923077
vt 0.15 0.8846154
vt 0.15 0.8461539
vt 0.15 0.8076923
vt 0.15 0.7692308
vt 0.15 0.7307692
vt 0.15 0.6923077
vt 0.15 0.6538461
vt 0.15 0.6153846
vt 0.15 0.5769231
vt 0.15 0.5384616
vt 0.15 0.5
vt 0.15 0.4615384
vt 0.15 0.4230769
vt 0.15 0.3846154
vt 0.15 0.3461539
vt 0.15 0.3076923
vt 0.15 0.2692308
vt 0.15 0.2307692
vt 0.15 0.1923077
vt 0.15 0.1538461
vt 0.15 0.1153846
vt 0.15 0.07692307
vt 0.15 0.03846156
vt 0.15 0
vt 0.2 0.9899999
vt 0.05 0.9899999
vt 0.1 0.9899999
vt 0.15 0.9899999
vt 0.2 0
vt 0.05 0
vt 0.1 0
vt 0.15 0
vt 0.2 0.9899999
vt 0.2 0.9545454
vt 0.2 0.9090908
vt 0.2 0.8636364
vt 0.2 0.8181818
vt 0.2 0.7727273
vt 0.2 0.7272727
vt 0.2 0.6818182
vt 0.2 0.6363636
vt 0.2 0.5909091
vt 0.2 0.5454545
vt 0.2 0.5
vt 0.2 0.4545454
vt 0.2 0.4090909
vt 0.2 0.3636364
vt 0.2 0.3181818
vt 0.2 0.2727273
vt 0.2 0.2272727
vt 0.2 0.1818182
vt 0.2 0.1363636
vt 0.2 0.09090906
vt 0.2 0.04545456
vt 0.2 0
vt 0 0.9899999
vt 0 0.9545454
vt 0 0.9090908
vt 0 0.8636364
vt 0 0.8181818
vt 0 0.7727273
vt 0 0.7272727
vt 0 0.6818182
vt 0 0.6363636
vt 0 0.5909091
vt 0 0.5454545
vt 0 0.5
vt 0 0.4545454
vt 0 0.4090909
vt 0 0.3636364
vt 0 0.3181818
vt 0 0.2727273
vt 0 0.2272727
vt 0 0.1818182
vt 0 0.1363636
vt 0 0.09090906
vt 0 0.04545456
vt 0 0
vt 0.05 0.9899999
vt 0.05 0.9545454
vt 0.05 0.9090908
vt 0.05 0.8636364
vt 0.05 0.8181818
vt 0.05 0.7727273
vt 0.05 0.7272727
vt 0.05 0.6818182
vt 0.05 0.6363636
vt 0.05 0.5909091
vt 0.05 0.5454545
vt 0.05 0.5
vt 0.05 0.4545454
vt 0.05 0.4090909
vt 0.05 0.3636364
vt 0.05 0.3181818
vt 0.05 0.2727273
vt 0.05 0.2272727
vt 0.05 0.1818182
vt 0.05 0.1363636
vt 0.05 0.09090906
vt 0.05 0.04545456
vt 0.05 0
vt 0.1 0.9899999
vt 0.1 0.9545454
vt 0.1 0.9090908
vt 0.1 0.8636364
vt 0.1 0.8181818
vt 0.1 0.7727273
vt 0.1 0.7272727
vt 0.1 0.6818182
vt 0.1 0.6363636
vt 0.1 0.5909091
vt 0.1 0.5454545
vt 0.1 0.5
vt 0.1 0.4545454
vt 0.1 0.4090909
vt 0.1 0.3636364
vt 0.1 0.3181818
vt 0.1 0.2727273
vt 0.1 0.2272727
vt 0.1 0.1818182
vt 0.1 0.1363636
vt 0.1 0.09090906
vt 0.1 0.04545456
vt 0.1 0
vt 0.1 0.9899999
vt 0.1 0.9545454
vt 0.1 0.9090908
vt 0.1 0.8636364
vt 0.1 0.8181818
vt 0.1 0.7727273
vt 0.1 0.7272727
vt 0.1 0.6818182
vt 0.1 0.6363636
vt 0.1 0.5909091
vt 0.1 0.5454545
vt 0.1 0.5
vt 0.1 0.4545454
vt 0.1 0.4090909
vt 0.1 0.3636364
vt 0.1 0.3181818
vt 0.1 0.2727273
vt 0.1 0.2272727
vt 0.1 0.1818182
vt 0.1 0.1363636
vt 0.1 0.09090906
vt 0.1 0.04545456
vt 0.1 0
vt 0.15 0.9899999
vt 0.15 0.9545454
vt 0.15 0.9090908
vt 0.15 0.8636364
vt 0.15 0.8181818
vt 0.15 0.7727273
vt 0.15 0.7272727
vt 0.15 0.6818182
vt 0.15 0.6363636
vt 0.15 0.5909091
vt 0.15 0.5454545
vt 0.15 0.5
vt 0.15 0.4545454
vt 0.15 0.4090909
vt 0.15 0.3636364
vt 0.15 0.3181818
vt 0.15 0.2727273
vt 0.15 0.2272727
vt 0.15 0.1818182
vt 0.15 0.1363636
vt 0.15 0.09090906
vt 0.15 0.04545456
vt 0.15 0
vt 0.2 0.9899999
vt 0.05 0.9899999
vt 0.1 0.9899999
vt 0.15 0.9899999
vt 0.2 0
vt 0.05 0
vt 0.1 0
vt 0.15 0
vt 0.2 0.9899999
vt 0.2 0.952381
vt 0.2 0.9047619
vt 0.2 0.8571429
vt 0.2 0.8095238
vt 0.2 0.7619048
vt 0.2 0.7142857
vt 0.2 0.6666666
vt 0.2 0.6190476
vt 0.2 0.5714285
vt 0.2 0.5238096
vt 0.2 0.4761904
vt 0.2 0.4285714
vt 0.2 0.3809524
vt 0.2 0.3333333
vt 0.2 0.2857143
vt 0.2 0.2380952
vt 0.2 0.1904762
vt 0.2 0.1428571
vt 0.2 0.09523809
vt 0.2 0.04761904
vt 0.2 0
vt 0 0.9899999
vt 0 0.952381
vt 0 0.9047619
vt 0 0.8571429
vt 0 0.8095238
vt 0 0.7619048
vt 0 0.7142857
vt 0 0.6666666
vt 0 0.6190476
vt 0 0.5714285
vt 0 0.5238096
vt 0 0.4761904
vt 0 0.4285714
vt 0 0.3809524
vt 0 0.3333333
vt 0 0.2857143
vt 0 0.2380952
vt 0 0.1904762
vt 0 0.1428571
vt 0 0.09523809
vt 0 0.04761904
vt 0 0
vt 0.05 0.9899999
vt 0.05 0.952381
vt 0.05 0.9047619
vt 0.05 0.8571429
vt 0.05 0.8095238
vt 0.05 0.7619048
vt 0.05 0.7142857
vt 0.05 0.6666666
vt 0.05 0.6190476
vt 0.05 0.5714285
vt 0.05 0.5238096
vt 0.05 0.4761904
vt 0.05 0.4285714
vt 0.05 0.3809524
vt 0.05 0.3333333
vt 0.05 0.2857143
vt 0.05 0.2380952
vt 0.05 0.1904762
vt 0.05 0.1428571
vt 0.05 0.09523809
vt 0.05 0.04761904
vt 0.05 0
vt 0.1 0.9899999
vt 0.1 0.952381
vt 0.1 0.9047619
vt 0.1 0.8571429
vt 0.1 0.8095238
vt 0.1 0.7619048
vt 0.1 0.7142857
vt 0.1 0.6666666
vt 0.1 0.6190476
vt 0.1 0.5714285
vt 0.1 0.5238096
vt 0.1 0.4761904
vt 0.1 0.4285714
vt 0.1 0.3809524
vt 0.1 0.3333333
vt 0.1 0.2857143
vt 0.1 0.2380952
vt 0.1 0.1904762
vt 0.1 0.1428571
vt 0.1 0.09523809
vt 0.1 0.04761904
vt 0.1 0
vt 0.1 0.9899999
vt 0.1 0.952381
vt 0.1 0.9047619
vt 0.1 0.8571429
vt 0.1 0.8095238
vt 0.1 0.7619048
vt 0.1 0.7142857
vt 0.1 0.6666666
vt 0.1 0.6190476
vt 0.1 0.5714285
vt 0.1 0.5238096
vt 0.1 0.4761904
vt 0.1 0.4285714
vt 0.1 0.3809524
vt 0.1 0.3333333
vt 0.1 0.2857143
vt 0.1 0.2380952
vt 0.1 0.1904762
vt 0.1 0.1428571
vt 0.1 0.09523809
vt 0.1 0.04761904
vt 0.1 0
vt 0.15 0.9899999
vt 0.15 0.952381
vt 0.15 0.9047619
vt 0.15 0.8571429
vt 0.15 0.8095238
vt 0.15 0.7619048
vt 0.15 0.7142857
vt 0.15 0.6666666
vt 0.15 0.6190476
vt 0.15 0.5714285
vt 0.15 0.5238096
vt 0.15 0.4761904
vt 0.15 0.4285714
vt 0.15 0.3809524
vt 0.15 0.3333333
vt 0.15 0.2857143
vt 0.15 0.2380952
vt 0.15 0.1904762
vt 0.15 0.1428571
vt 0.15 0.09523809
vt 0.15 0.04761904
vt 0.15 0
vt 0.2 0.9899999
vt 0.05 0.9899999
vt 0.1 0.9899999
vt 0.15 0.9899999
vt 0.2 0
vt 0.05 0
vt 0.1 0
vt 0.15 0
vt 0.2 0.9899999
vt 0.2 0.967742
vt 0.2 0.9354839
vt 0.2 0.9032258
vt 0.2 0.8709677
vt 0.2 0.8387097
vt 0.2 0.8064516
vt 0.2 0.7741935
vt 0.2 0.7419355
vt 0.2 0.7096775
vt 0.2 0.6774194
vt 0.2 0.6451613
vt 0.2 0.6129032
vt 0.2 0.5806452
vt 0.2 0.5483871
vt 0.2 0.516129
vt 0.2 0.483871
vt 0.2 0.4516129
vt 0.2 0.4193549
vt 0.2 0.3870968
vt 0.2 0.3548387
vt 0.2 0.3225806
vt 0.2 0.2903226
vt 0.2 0.2580645
vt 0.2 0.2258065
vt 0.2 0.1935484
vt 0.2 0.1612903
vt 0.2 0.1290323
vt 0.2 0.09677422
vt 0.2 0.06451613
vt 0.2 0.03225809
vt 0.2 0
vt 0 0.9899999
vt 0 0.967742
vt 0 0.9354839
vt 0 0.9032258
vt 0 0.8709677
vt 0 0.8387097
vt 0 0.8064516
vt 0 0.7741935
vt 0 0.7419355
vt 0 0.7096775
vt 0 0.6774194
vt 0 0.6451613
vt 0 0.6129032
vt 0 0.5806452
vt 0 0.5483871
vt 0 0.516129
vt 0 0.483871
vt 0 0.4516129
vt 0 0.4193549
vt 0 0.3870968
vt 0 0.3548387
vt 0 0.3225806
vt 0 0.2903226
vt 0 0.2580645
vt 0 0.2258065
vt 0 0.1935484
vt 0 0.1612903
vt 0 0.1290323
vt 0 0.09677422
vt 0 0.06451613
vt 0 0.03225809
vt 0 0
vt 0.05 0.9899999
vt 0.05 0.967742
vt 0.05 0.9354839
vt 0.05 0.9032258
vt 0.05 0.8709677
vt 0.05 0.8387097
vt 0.05 0.8064516
vt 0.05 0.7741935
vt 0.05 0.7419355
vt 0.05 0.7096775
vt 0.05 0.6774194
vt 0.05 0.6451613
vt 0.05 0.6129032
vt 0.05 0.5806452
vt 0.05 0.5483871
vt 0.05 0.516129
vt 0.05 0.483871
vt 0.05 0.4516129
vt 0.05 0.4193549
vt 0.05 0.3870968
vt 0.05 0.3548387
vt 0.05 0.3225806
vt 0.05 0.2903226
vt 0.05 0.2580645
vt 0.05 0.2258065
vt 0.05 0.1935484
vt 0.05 0.1612903
vt 0.05 0.1290323
vt 0.05 0.09677422
vt 0.05 0.06451613
vt 0.05 0.03225809
vt 0.05 0
vt 0.1 0.9899999
vt 0.1 0.967742
vt 0.1 0.9354839
vt 0.1 0.9032258
vt 0.1 0.8709677
vt 0.1 0.8387097
vt 0.1 0.8064516
vt 0.1 0.7741935
vt 0.1 0.7419355
vt 0.1 0.7096775
vt 0.1 0.6774194
vt 0.1 0.6451613
vt 0.1 0.6129032
vt 0.1 0.5806452
vt 0.1 0.5483871
vt 0.1 0.516129
vt 0.1 0.483871
vt 0.1 0.4516129
vt 0.1 0.4193549
vt 0.1 0.3870968
vt 0.1 0.3548387
vt 0.1 0.3225806
vt 0.1 0.2903226
vt 0.1 0.2580645
vt 0.1 0.2258065
vt 0.1 0.1935484
vt 0.1 0.1612903
vt 0.1 0.1290323
vt 0.1 0.09677422
vt 0.1 0.06451613
vt 0.1 0.03225809
vt 0.1 0
vt 0.1 0.9899999
vt 0.1 0.967742
vt 0.1 0.9354839
vt 0.1 0.9032258
vt 0.1 0.8709677
vt 0.1 0.8387097
vt 0.1 0.8064516
vt 0.1 0.7741935
vt 0.1 0.7419355
vt 0.1 0.7096775
vt 0.1 0.6774194
vt 0.1 0.6451613
vt 0.1 0.6129032
vt 0.1 0.5806452
vt 0.1 0.5483871
vt 0.1 0.516129
vt 0.1 0.483871
vt 0.1 0.4516129
vt 0.1 0.4193549
vt 0.1 0.3870968
vt 0.1 0.3548387
vt 0.1 0.3225806
vt 0.1 0.2903226
vt 0.1 0.2580645
vt 0.1 0.2258065
vt 0.1 0.1935484
vt 0.1 0.1612903
vt 0.1 0.1290323
vt 0.1 0.09677422
vt 0.1 0.06451613
vt 0.1 0.03225809
vt 0.1 0
vt 0.15 0.9899999
vt 0.15 0.967742
vt 0.15 0.9354839
vt 0.15 0.9032258
vt 0.15 0.8709677
vt 0.15 0.8387097
vt 0.15 0.8064516
vt 0.15 0.7741935
vt 0.15 0.7419355
vt 0.15 0.7096775
vt 0.15 0.6774194
vt 0.15 0.6451613
vt 0.15 0.6129032
vt 0.15 0.5806452
vt 0.15 0.5483871
vt 0.15 0.516129
vt 0.15 0.483871
vt 0.15 0.4516129
vt 0.15 0.4193549
vt 0.15 0.3870968
vt 0.15 0.3548387
vt 0.15 0.3225806
vt 0.15 0.2903226
vt 0.15 0.2580645
vt 0.15 0.2258065
vt 0.15 0.1935484
vt 0.15 0.1612903
vt 0.15 0.1290323
vt 0.15 0.09677422
vt 0.15 0.06451613
vt 0.15 0.03225809
vt 0.15 0
vt 0.2 0.9899999
vt 0.05 0.9899999
vt 0.1 0.9899999
vt 0.15 0.9899999
vt 0.2 0
vt 0.05 0
vt 0.1 0
vt 0.15 0
vt 0.2 0.9899999
vt 0.2 0.962963
vt 0.2 0.925926
vt 0.2 0.8888888
vt 0.2 0.8518518
vt 0.2 0.8148148
vt 0.2 0.7777778
vt 0.2 0.7407408
vt 0.2 0.7037037
vt 0.2 0.6666666
vt 0.2 0.6296296
vt 0.2 0.5925926
vt 0.2 0.5555556
vt 0.2 0.5185185
vt 0.2 0.4814815
vt 0.2 0.4444444
vt 0.2 0.4074074
vt 0.2 0.3703704
vt 0.2 0.3333333
vt 0.2 0.2962963
vt 0.2 0.2592593
vt 0.2 0.2222222
vt 0.2 0.1851852
vt 0.2 0.1481481
vt 0.2 0.1111111
vt 0.2 0.07407409
vt 0.2 0.03703701
vt 0.2 0
vt 0 0.9899999
vt 0 0.962963
vt 0 0.925926
vt 0 0.8888888
vt 0 0.8518518
vt 0 0.8148148
vt 0 0.7777778
vt 0 0.7407408
vt 0 0.7037037
vt 0 0.6666666
vt 0 0.6296296
vt 0 0.5925926
vt 0 0.5555556
vt 0 0.5185185
vt 0 0.4814815
vt 0 0.4444444
vt 0 0.4074074
vt 0 0.3703704
vt 0 0.3333333
vt 0 0.2962963
vt 0 0.2592593
vt 0 0.2222222
vt 0 0.1851852
vt 0 0.1481481
vt 0 0.1111111
vt 0 0.07407409
vt 0 0.03703701
vt 0 0
vt 0.05 0.9899999
vt 0.05 0.962963
vt 0.05 0.925926
vt 0.05 0.8888888
vt 0.05 0.8518518
vt 0.05 0.8148148
vt 0.05 0.7777778
vt 0.05 0.7407408
vt 0.05 0.7037037
vt 0.05 0.6666666
vt 0.05 0.6296296
vt 0.05 0.5925926
vt 0.05 0.5555556
vt 0.05 0.5185185
vt 0.05 0.4814815
vt 0.05 0.4444444
vt 0.05 0.4074074
vt 0.05 0.3703704
vt 0.05 0.3333333
vt 0.05 0.2962963
vt 0.05 0.2592593
vt 0.05 0.2222222
vt 0.05 0.1851852
vt 0.05 0.1481481
vt 0.05 0.1111111
vt 0.05 0.07407409
vt 0.05 0.03703701
vt 0.05 0
vt 0.1 0.9899999
vt 0.1 0.962963
vt 0.1 0.925926
vt 0.1 0.8888888
vt 0.1 0.8518518
vt 0.1 0.8148148
vt 0.1 0.7777778
vt 0.1 0.7407408
vt 0.1 0.7037037
vt 0.1 0.6666666
vt 0.1 0.6296296
vt 0.1 0.5925926
vt 0.1 0.5555556
vt 0.1 0.5185185
vt 0.1 0.4814815
vt 0.1 0.4444444
vt 0.1 0.4074074
vt 0.1 0.3703704
vt 0.1 0.3333333
vt 0.1 0.2962963
vt 0.1 0.2592593
vt 0.1 0.2222222
vt 0.1 0.1851852
vt 0.1 0.1481481
vt 0.1 0.1111111
vt 0.1 0.07407409
vt 0.1 0.03703701
vt 0.1 0
vt 0.1 0.9899999
vt 0.1 0.962963
vt 0.1 0.925926
vt 0.1 0.8888888
vt 0.1 0.8518518
vt 0.1 0.8148148
vt 0.1 0.7777778
vt 0.1 0.7407408
vt 0.1 0.7037037
vt 0.1 0.6666666
vt 0.1 0.6296296
vt 0.1 0.5925926
vt 0.1 0.5555556
vt 0.1 0.5185185
vt 0.1 0.4814815
vt 0.1 0.4444444
vt 0.1 0.4074074
vt 0.1 0.3703704
vt 0.1 0.3333333
vt 0.1 0.2962963
vt 0.1 0.2592593
vt 0.1 0.2222222
vt 0.1 0.1851852
vt 0.1 0.1481481
vt 0.1 0.1111111
vt 0.1 0.07407409
vt 0.1 0.03703701
vt 0.1 0
vt 0.15 0.9899999
vt 0.15 0.962963
vt 0.15 0.925926
vt 0.15 0.8888888
vt 0.15 0.8518518
vt 0.15 0.8148148
vt 0.15 0.7777778
vt 0.15 0.7407408
vt 0.15 0.7037037
vt 0.15 0.6666666
vt 0.15 0.6296296
vt 0.15 0.5925926
vt 0.15 0.5555556
vt 0.15 0.5185185
vt 0.15 0.4814815
vt 0.15 0.4444444
vt 0.15 0.4074074
vt 0.15 0.3703704
vt 0.15 0.3333333
vt 0.15 0.2962963
vt 0.15 0.2592593
vt 0.15 0.2222222
vt 0.15 0.1851852
vt 0.15 0.1481481
vt 0.15 0.1111111
vt 0.15 0.07407409
vt 0.15 0.03703701
vt 0.15 0
vt 0.2 0.9899999
vt 0.05 0.9899999
vt 0.1 0.9899999
vt 0.15 0.9899999
vt 0.2 0
vt 0.05 0
vt 0.1 0
vt 0.15 0
vt 0.2 0.9899999
vt 0.2 0.9666666
vt 0.2 0.9333333
vt 0.2 0.9
vt 0.2 0.8666667
vt 0.2 0.8333334
vt 0.2 0.8
vt 0.2 0.7666666
vt 0.2 0.7333333
vt 0.2 0.7
vt 0.2 0.6666666
vt 0.2 0.6333333
vt 0.2 0.6
vt 0.2 0.5666666
vt 0.2 0.5333333
vt 0.2 0.5
vt 0.2 0.4666666
vt 0.2 0.4333333
vt 0.2 0.4
vt 0.2 0.3666667
vt 0.2 0.3333333
vt 0.2 0.3
vt 0.2 0.2666667
vt 0.2 0.2333333
vt 0.2 0.2
vt 0.2 0.1666667
vt 0.2 0.1333333
vt 0.2 0.1
vt 0.2 0.06666666
vt 0.2 0.03333336
vt 0.2 0
vt 0 0.9899999
vt 0 0.9666666
vt 0 0.9333333
vt 0 0.9
vt 0 0.8666667
vt 0 0.8333334
vt 0 0.8
vt 0 0.7666666
vt 0 0.7333333
vt 0 0.7
vt 0 0.6666666
vt 0 0.6333333
vt 0 0.6
vt 0 0.5666666
vt 0 0.5333333
vt 0 0.5
vt 0 0.4666666
vt 0 0.4333333
vt 0 0.4
vt 0 0.3666667
vt 0 0.3333333
vt 0 0.3
vt 0 0.2666667
vt 0 0.2333333
vt 0 0.2
vt 0 0.1666667
vt 0 0.1333333
vt 0 0.1
vt 0 0.06666666
vt 0 0.03333336
vt 0 0
vt 0.05 0.9899999
vt 0.05 0.9666666
vt 0.05 0.9333333
vt 0.05 0.9
vt 0.05 0.8666667
vt 0.05 0.8333334
vt 0.05 0.8
vt 0.05 0.7666666
vt 0.05 0.7333333
vt 0.05 0.7
vt 0.05 0.6666666
vt 0.05 0.6333333
vt 0.05 0.6
vt 0.05 0.5666666
vt 0.05 0.5333333
vt 0.05 0.5
vt 0.05 0.4666666
vt 0.05 0.4333333
vt 0.05 0.4
vt 0.05 0.3666667
vt 0.05 0.3333333
vt 0.05 0.3
vt 0.05 0.2666667
vt 0.05 0.2333333
vt 0.05 0.2
vt 0.05 0.1666667
vt 0.05 0.1333333
vt 0.05 0.1
vt 0.05 0.06666666
vt 0.05 0.03333336
vt 0.05 0
vt 0.1 0.9899999
vt 0.1 0.9666666
vt 0.1 0.9333333
vt 0.1 0.9
vt 0.1 0.8666667
vt 0.1 0.8333334
vt 0.1 0.8
vt 0.1 0.7666666
vt 0.1 0.7333333
vt 0.1 0.7
vt 0.1 0.6666666
vt 0.1 0.6333333
vt 0.1 0.6
vt 0.1 0.5666666
vt 0.1 0.5333333
vt 0.1 0.5
vt 0.1 0.4666666
vt 0.1 0.4333333
vt 0.1 0.4
vt 0.1 0.3666667
vt 0.1 0.3333333
vt 0.1 0.3
vt 0.1 0.2666667
vt 0.1 0.2333333
vt 0.1 0.2
vt 0.1 0.1666667
vt 0.1 0.1333333
vt 0.1 0.1
vt 0.1 0.06666666
vt 0.1 0.03333336
vt 0.1 0
vt 0.1 0.9899999
vt 0.1 0.9666666
vt 0.1 0.9333333
vt 0.1 0.9
vt 0.1 0.8666667
vt 0.1 0.8333334
vt 0.1 0.8
vt 0.1 0.7666666
vt 0.1 0.7333333
vt 0.1 0.7
vt 0.1 0.6666666
vt 0.1 0.6333333
vt 0.1 0.6
vt 0.1 0.5666666
vt 0.1 0.5333333
vt 0.1 0.5
vt 0.1 0.4666666
vt 0.1 0.4333333
vt 0.1 0.4
vt 0.1 0.3666667
vt 0.1 0.3333333
vt 0.1 0.3
vt 0.1 0.2666667
vt 0.1 0.2333333
vt 0.1 0.2
vt 0.1 0.1666667
vt 0.1 0.1333333
vt 0.1 0.1
vt 0.1 0.06666666
vt 0.1 0.03333336
vt 0.1 0
vt 0.15 0.9899999
vt 0.15 0.9666666
vt 0.15 0.9333333
vt 0.15 0.9
vt 0.15 0.8666667
vt 0.15 0.8333334
vt 0.15 0.8
vt 0.15 0.7666666
vt 0.15 0.7333333
vt 0.15 0.7
vt 0.15 0.6666666
vt 0.15 0.6333333
vt 0.15 0.6
vt 0.15 0.5666666
vt 0.15 0.5333333
vt 0.15 0.5
vt 0.15 0.4666666
vt 0.15 0.4333333
vt 0.15 0.4
vt 0.15 0.3666667
vt 0.15 0.3333333
vt 0.15 0.3
vt 0.15 0.2666667
vt 0.15 0.2333333
vt 0.15 0.2
vt 0.15 0.1666667
vt 0.15 0.1333333
vt 0.15 0.1
vt 0.15 0.06666666
vt 0.15 0.03333336
vt 0.15 0
vt 0.2 0.9899999
vt 0.05 0.9899999
vt 0.1 0.9899999
vt 0.15 0.9899999
vt 0.2 0
vt 0.05 0
vt 0.1 0
vt 0.15 0
vt 0.2 0.9899999
vt 0.2 0.923077
vt 0.2 0.8461539
vt 0.2 0.7692308
vt 0.2 0.6923077
vt 0.2 0.6153846
vt 0.2 0.5384616
vt 0.2 0.4615384
vt 0.2 0.3846154
vt 0.2 0.3076923
vt 0.2 0.2307692
vt 0.2 0.1538461
vt 0.2 0.07692307
vt 0.2 0
vt 0 0.9899999
vt 0 0.923077
vt 0 0.8461539
vt 0 0.7692308
vt 0 0.6923077
vt 0 0.6153846
vt 0 0.5384616
vt 0 0.4615384
vt 0 0.3846154
vt 0 0.3076923
vt 0 0.2307692
vt 0 0.1538461
vt 0 0.07692307
vt 0 0
vt 0.05 0.9899999
vt 0.05 0.923077
vt 0.05 0.8461539
vt 0.05 0.7692308
vt 0.05 0.6923077
vt 0.05 0.6153846
vt 0.05 0.5384616
vt 0.05 0.4615384
vt 0.05 0.3846154
vt 0.05 0.3076923
vt 0.05 0.2307692
vt 0.05 0.1538461
vt 0.05 0.07692307
vt 0.05 0
vt 0.1 0.9899999
vt 0.1 0.923077
vt 0.1 0.8461539
vt 0.1 0.7692308
vt 0.1 0.6923077
vt 0.1 0.6153846
vt 0.1 0.5384616
vt 0.1 0.4615384
vt 0.1 0.3846154
vt 0.1 0.3076923
vt 0.1 0.2307692
vt 0.1 0.1538461
vt 0.1 0.07692307
vt 0.1 0
vt 0.1 0.9899999
vt 0.1 0.923077
vt 0.1 0.8461539
vt 0.1 0.7692308
vt 0.1 0.6923077
vt 0.1 0.6153846
vt 0.1 0.5384616
vt 0.1 0.4615384
vt 0.1 0.3846154
vt 0.1 0.3076923
vt 0.1 0.2307692
vt 0.1 0.1538461
vt 0.1 0.07692307
vt 0.1 0
vt 0.15 0.9899999
vt 0.15 0.923077
vt 0.15 0.8461539
vt 0.15 0.7692308
vt 0.15 0.6923077
vt 0.15 0.6153846
vt 0.15 0.5384616
vt 0.15 0.4615384
vt 0.15 0.3846154
vt 0.15 0.3076923
vt 0.15 0.2307692
vt 0.15 0.1538461
vt 0.15 0.07692307
vt 0.15 0
vt 0.2 0.9899999
vt 0.05 0.9899999
vt 0.1 0.9899999
vt 0.15 0.9899999
vt 0.2 0
vt 0.05 0
vt 0.1 0
vt 0.15 0
vt 0.2 0.9899999
vt 0.2 0.923077
vt 0.2 0.8461539
vt 0.2 0.7692308
vt 0.2 0.6923077
vt 0.2 0.6153846
vt 0.2 0.5384616
vt 0.2 0.4615384
vt 0.2 0.3846154
vt 0.2 0.3076923
vt 0.2 0.2307692
vt 0.2 0.1538461
vt 0.2 0.07692307
vt 0.2 0
vt 0 0.9899999
vt 0 0.923077
vt 0 0.8461539
vt 0 0.7692308
vt 0 0.6923077
vt 0 0.6153846
vt 0 0.5384616
vt 0 0.4615384
vt 0 0.3846154
vt 0 0.3076923
vt 0 0.2307692
vt 0 0.1538461
vt 0 0.07692307
vt 0 0
vt 0.05 0.9899999
vt 0.05 0.923077
vt 0.05 0.8461539
vt 0.05 0.7692308
vt 0.05 0.6923077
vt 0.05 0.6153846
vt 0.05 0.5384616
vt 0.05 0.4615384
vt 0.05 0.3846154
vt 0.05 0.3076923
vt 0.05 0.2307692
vt 0.05 0.1538461
vt 0.05 0.07692307
vt 0.05 0
vt 0.1 0.9899999
vt 0.1 0.923077
vt 0.1 0.8461539
vt 0.1 0.7692308
vt 0.1 0.6923077
vt 0.1 0.6153846
vt 0.1 0.5384616
vt 0.1 0.4615384
vt 0.1 0.3846154
vt 0.1 0.3076923
vt 0.1 0.2307692
vt 0.1 0.1538461
vt 0.1 0.07692307
vt 0.1 0
vt 0.1 0.9899999
vt 0.1 0.923077
vt 0.1 0.8461539
vt 0.1 0.7692308
vt 0.1 0.6923077
vt 0.1 0.6153846
vt 0.1 0.5384616
vt 0.1 0.4615384
vt 0.1 0.3846154
vt 0.1 0.3076923
vt 0.1 0.2307692
vt 0.1 0.1538461
vt 0.1 0.07692307
vt 0.1 0
vt 0.15 0.9899999
vt 0.15 0.923077
vt 0.15 0.8461539
vt 0.15 0.7692308
vt 0.15 0.6923077
vt 0.15 0.6153846
vt 0.15 0.5384616
vt 0.15 0.4615384
vt 0.15 0.3846154
vt 0.15 0.3076923
vt 0.15 0.2307692
vt 0.15 0.1538461
vt 0.15 0.07692307
vt 0.15 0
vt 0.2 0.9899999
vt 0.05 0.9899999
vt 0.1 0.9899999
vt 0.15 0.9899999
vt 0.2 0
vt 0.05 0
vt 0.1 0
vt 0.15 0
vt 0.2 0.9899999
vt 0.2 0.96875
vt 0.2 0.9375
vt 0.2 0.90625
vt 0.2 0.875
vt 0.2 0.84375
vt 0.2 0.8125
vt 0.2 0.78125
vt 0.2 0.75
vt 0.2 0.71875
vt 0.2 0.6875
vt 0.2 0.65625
vt 0.2 0.625
vt 0.2 0.59375
vt 0.2 0.5625
vt 0.2 0.53125
vt 0.2 0.5
vt 0.2 0.46875
vt 0.2 0.4375
vt 0.2 0.40625
vt 0.2 0.375
vt 0.2 0.34375
vt 0.2 0.3125
vt 0.2 0.28125
vt 0.2 0.25
vt 0.2 0.21875
vt 0.2 0.1875
vt 0.2 0.15625
vt 0.2 0.125
vt 0.2 0.09375
vt 0.2 0.0625
vt 0.2 0.03125
vt 0.2 0
vt 0 0.9899999
vt 0 0.96875
vt 0 0.9375
vt 0 0.90625
vt 0 0.875
vt 0 0.84375
vt 0 0.8125
vt 0 0.78125
vt 0 0.75
vt 0 0.71875
vt 0 0.6875
vt 0 0.65625
vt 0 0.625
vt 0 0.59375
vt 0 0.5625
vt 0 0.53125
vt 0 0.5
vt 0 0.46875
vt 0 0.4375
vt 0 0.40625
vt 0 0.375
vt 0 0.34375
vt 0 0.3125
vt 0 0.28125
vt 0 0.25
vt 0 0.21875
vt 0 0.1875
vt 0 0.15625
vt 0 0.125
vt 0 0.09375
vt 0 0.0625
vt 0 0.03125
vt 0 0
vt 0.05 0.9899999
vt 0.05 0.96875
vt 0.05 0.9375
vt 0.05 0.90625
vt 0.05 0.875
vt 0.05 0.84375
vt 0.05 0.8125
vt 0.05 0.78125
vt 0.05 0.75
vt 0.05 0.71875
vt 0.05 0.6875
vt 0.05 0.65625
vt 0.05 0.625
vt 0.05 0.59375
vt 0.05 0.5625
vt 0.05 0.53125
vt 0.05 0.5
vt 0.05 0.46875
vt 0.05 0.4375
vt 0.05 0.40625
vt 0.05 0.375
vt 0.05 0.34375
vt 0.05 0.3125
vt 0.05 0.28125
vt 0.05 0.25
vt 0.05 0.21875
vt 0.05 0.1875
vt 0.05 0.15625
vt 0.05 0.125
vt 0.05 0.09375
vt 0.05 0.0625
vt 0.05 0.03125
vt 0.05 0
vt 0.1 0.9899999
vt 0.1 0.96875
vt 0.1 0.9375
vt 0.1 0.90625
vt 0.1 0.875
vt 0.1 0.84375
vt 0.1 0.8125
vt 0.1 0.78125
vt 0.1 0.75
vt 0.1 0.71875
vt 0.1 0.6875
vt 0.1 0.65625
vt 0.1 0.625
vt 0.1 0.59375
vt 0.1 0.5625
vt 0.1 0.53125
vt 0.1 0.5
vt 0.1 0.46875
vt 0.1 0.4375
vt 0.1 0.40625
vt 0.1 0.375
vt 0.1 0.34375
vt 0.1 0.3125
vt 0.1 0.28125
vt 0.1 0.25
vt 0.1 0.21875
vt 0.1 0.1875
vt 0.1 0.15625
vt 0.1 0.125
vt 0.1 0.09375
vt 0.1 0.0625
vt 0.1 0.03125
vt 0.1 0
vt 0.1 0.9899999
vt 0.1 0.96875
vt 0.1 0.9375
vt 0.1 0.90625
vt 0.1 0.875
vt 0.1 0.84375
vt 0.1 0.8125
vt 0.1 0.78125
vt 0.1 0.75
vt 0.1 0.71875
vt 0.1 0.6875
vt 0.1 0.65625
vt 0.1 0.625
vt 0.1 0.59375
vt 0.1 0.5625
vt 0.1 0.53125
vt 0.1 0.5
vt 0.1 0.46875
vt 0.1 0.4375
vt 0.1 0.40625
vt 0.1 0.375
vt 0.1 0.34375
vt 0.1 0.3125
vt 0.1 0.28125
vt 0.1 0.25
vt 0.1 0.21875
vt 0.1 0.1875
vt 0.1 0.15625
vt 0.1 0.125
vt 0.1 0.09375
vt 0.1 0.0625
vt 0.1 0.03125
vt 0.1 0
vt 0.15 0.9899999
vt 0.15 0.96875
vt 0.15 0.9375
vt 0.15 0.90625
vt 0.15 0.875
vt 0.15 0.84375
vt 0.15 0.8125
vt 0.15 0.78125
vt 0.15 0.75
vt 0.15 0.71875
vt 0.15 0.6875
vt 0.15 0.65625
vt 0.15 0.625
vt 0.15 0.59375
vt 0.15 0.5625
vt 0.15 0.53125
vt 0.15 0.5
vt 0.15 0.46875
vt 0.15 0.4375
vt 0.15 0.40625
vt 0.15 0.375
vt 0.15 0.34375
vt 0.15 0.3125
vt 0.15 0.28125
vt 0.15 0.25
vt 0.15 0.21875
vt 0.15 0.1875
vt 0.15 0.15625
vt 0.15 0.125
vt 0.15 0.09375
vt 0.15 0.0625
vt 0.15 0.03125
vt 0.15 0
vt 0.2 0.9899999
vt 0.05 0.9899999
vt 0.1 0.9899999
vt 0.15 0.9899999
vt 0.2 0
vt 0.05 0
vt 0.1 0
vt 0.15 0
vt 0.2 0.9899999
vt 0.2 0.96875
vt 0.2 0.9375
vt 0.2 0.90625
vt 0.2 0.875
vt 0.2 0.84375
vt 0.2 0.8125
vt 0.2 0.78125
vt 0.2 0.75
vt 0.2 0.71875
vt 0.2 0.6875
vt 0.2 0.65625
vt 0.2 0.625
vt 0.2 0.59375
vt 0.2 0.5625
vt 0.2 0.53125
vt 0.2 0.5
vt 0.2 0.46875
vt 0.2 0.4375
vt 0.2 0.40625
vt 0.2 0.375
vt 0.2 0.34375
vt 0.2 0.3125
vt 0.2 0.28125
vt 0.2 0.25
vt 0.2 0.21875
vt 0.2 0.1875
vt 0.2 0.15625
vt 0.2 0.125
vt 0.2 0.09375
vt 0.2 0.0625
vt 0.2 0.03125
vt 0.2 0
vt 0 0.9899999
vt 0 0.96875
vt 0 0.9375
vt 0 0.90625
vt 0 0.875
vt 0 0.84375
vt 0 0.8125
vt 0 0.78125
vt 0 0.75
vt 0 0.71875
vt 0 0.6875
vt 0 0.65625
vt 0 0.625
vt 0 0.59375
vt 0 0.5625
vt 0 0.53125
vt 0 0.5
vt 0 0.46875
vt 0 0.4375
vt 0 0.40625
vt 0 0.375
vt 0 0.34375
vt 0 0.3125
vt 0 0.28125
vt 0 0.25
vt 0 0.21875
vt 0 0.1875
vt 0 0.15625
vt 0 0.125
vt 0 0.09375
vt 0 0.0625
vt 0 0.03125
vt 0 0
vt 0.05 0.9899999
vt 0.05 0.96875
vt 0.05 0.9375
vt 0.05 0.90625
vt 0.05 0.875
vt 0.05 0.84375
vt 0.05 0.8125
vt 0.05 0.78125
vt 0.05 0.75
vt 0.05 0.71875
vt 0.05 0.6875
vt 0.05 0.65625
vt 0.05 0.625
vt 0.05 0.59375
vt 0.05 0.5625
vt 0.05 0.53125
vt 0.05 0.5
vt 0.05 0.46875
vt 0.05 0.4375
vt 0.05 0.40625
vt 0.05 0.375
vt 0.05 0.34375
vt 0.05 0.3125
vt 0.05 0.28125
vt 0.05 0.25
vt 0.05 0.21875
vt 0.05 0.1875
vt 0.05 0.15625
vt 0.05 0.125
vt 0.05 0.09375
vt 0.05 0.0625
vt 0.05 0.03125
vt 0.05 0
vt 0.1 0.9899999
vt 0.1 0.96875
vt 0.1 0.9375
vt 0.1 0.90625
vt 0.1 0.875
vt 0.1 0.84375
vt 0.1 0.8125
vt 0.1 0.78125
vt 0.1 0.75
vt 0.1 0.71875
vt 0.1 0.6875
vt 0.1 0.65625
vt 0.1 0.625
vt 0.1 0.59375
vt 0.1 0.5625
vt 0.1 0.53125
vt 0.1 0.5
vt 0.1 0.46875
vt 0.1 0.4375
vt 0.1 0.40625
vt 0.1 0.375
vt 0.1 0.34375
vt 0.1 0.3125
vt 0.1 0.28125
vt 0.1 0.25
vt 0.1 0.21875
vt 0.1 0.1875
vt 0.1 0.15625
vt 0.1 0.125
vt 0.1 0.09375
vt 0.1 0.0625
vt 0.1 0.03125
vt 0.1 0
vt 0.1 0.9899999
vt 0.1 0.96875
vt 0.1 0.9375
vt 0.1 0.90625
vt 0.1 0.875
vt 0.1 0.84375
vt 0.1 0.8125
vt 0.1 0.78125
vt 0.1 0.75
vt 0.1 0.71875
vt 0.1 0.6875
vt 0.1 0.65625
vt 0.1 0.625
vt 0.1 0.59375
vt 0.1 0.5625
vt 0.1 0.53125
vt 0.1 0.5
vt 0.1 0.46875
vt 0.1 0.4375
vt 0.1 0.40625
vt 0.1 0.375
vt 0.1 0.34375
vt 0.1 0.3125
vt 0.1 0.28125
vt 0.1 0.25
vt 0.1 0.21875
vt 0.1 0.1875
vt 0.1 0.15625
vt 0.1 0.125
vt 0.1 0.09375
vt 0.1 0.0625
vt 0.1 0.03125
vt 0.1 0
vt 0.15 0.9899999
vt 0.15 0.96875
vt 0.15 0.9375
vt 0.15 0.90625
vt 0.15 0.875
vt 0.15 0.84375
vt 0.15 0.8125
vt 0.15 0.78125
vt 0.15 0.75
vt 0.15 0.71875
vt 0.15 0.6875
vt 0.15 0.65625
vt 0.15 0.625
vt 0.15 0.59375
vt 0.15 0.5625
vt 0.15 0.53125
vt 0.15 0.5
vt 0.15 0.46875
vt 0.15 0.4375
vt 0.15 0.40625
vt 0.15 0.375
vt 0.15 0.34375
vt 0.15 0.3125
vt 0.15 0.28125
vt 0.15 0.25
vt 0.15 0.21875
vt 0.15 0.1875
vt 0.15 0.15625
vt 0.15 0.125
vt 0.15 0.09375
vt 0.15 0.0625
vt 0.15 0.03125
vt 0.15 0
vt 0.2 0.9899999
vt 0.05 0.9899999
vt 0.1 0.9899999
vt 0.15 0.9899999
vt 0.2 0
vt 0.05 0
vt 0.1 0
vt 0.15 0
vt 0.2 0.9899999
vt 0.2 0.96875
vt 0.2 0.9375
vt 0.2 0.90625
vt 0.2 0.875
vt 0.2 0.84375
vt 0.2 0.8125
vt 0.2 0.78125
vt 0.2 0.75
vt 0.2 0.71875
vt 0.2 0.6875
vt 0.2 0.65625
vt 0.2 0.625
vt 0.2 0.59375
vt 0.2 0.5625
vt 0.2 0.53125
vt 0.2 0.5
vt 0.2 0.46875
vt 0.2 0.4375
vt 0.2 0.40625
vt 0.2 0.375
vt 0.2 0.34375
vt 0.2 0.3125
vt 0.2 0.28125
vt 0.2 0.25
vt 0.2 0.21875
vt 0.2 0.1875
vt 0.2 0.15625
vt 0.2 0.125
vt 0.2 0.09375
vt 0.2 0.0625
vt 0.2 0.03125
vt 0.2 0
vt 0 0.9899999
vt 0 0.96875
vt 0 0.9375
vt 0 0.90625
vt 0 0.875
vt 0 0.84375
vt 0 0.8125
vt 0 0.78125
vt 0 0.75
vt 0 0.71875
vt 0 0.6875
vt 0 0.65625
vt 0 0.625
vt 0 0.59375
vt 0 0.5625
vt 0 0.53125
vt 0 0.5
vt 0 0.46875
vt 0 0.4375
vt 0 0.40625
vt 0 0.375
vt 0 0.34375
vt 0 0.3125
vt 0 0.28125
vt 0 0.25
vt 0 0.21875
vt 0 0.1875
vt 0 0.15625
vt 0 0.125
vt 0 0.09375
vt 0 0.0625
vt 0 0.03125
vt 0 0
vt 0.05 0.9899999
vt 0.05 0.96875
vt 0.05 0.9375
vt 0.05 0.90625
vt 0.05 0.875
vt 0.05 0.84375
vt 0.05 0.8125
vt 0.05 0.78125
vt 0.05 0.75
vt 0.05 0.71875
vt 0.05 0.6875
vt 0.05 0.65625
vt 0.05 0.625
vt 0.05 0.59375
vt 0.05 0.5625
vt 0.05 0.53125
vt 0.05 0.5
vt 0.05 0.46875
vt 0.05 0.4375
vt 0.05 0.40625
vt 0.05 0.375
vt 0.05 0.34375
vt 0.05 0.3125
vt 0.05 0.28125
vt 0.05 0.25
vt 0.05 0.21875
vt 0.05 0.1875
vt 0.05 0.15625
vt 0.05 0.125
vt 0.05 0.09375
vt 0.05 0.0625
vt 0.05 0.03125
vt 0.05 0
vt 0.1 0.9899999
vt 0.1 0.96875
vt 0.1 0.9375
vt 0.1 0.90625
vt 0.1 0.875
vt 0.1 0.84375
vt 0.1 0.8125
vt 0.1 0.78125
vt 0.1 0.75
vt 0.1 0.71875
vt 0.1 0.6875
vt 0.1 0.65625
vt 0.1 0.625
vt 0.1 0.59375
vt 0.1 0.5625
vt 0.1 0.53125
vt 0.1 0.5
vt 0.1 0.46875
vt 0.1 0.4375
vt 0.1 0.40625
vt 0.1 0.375
vt 0.1 0.34375
vt 0.1 0.3125
vt 0.1 0.28125
vt 0.1 0.25
vt 0.1 0.21875
vt 0.1 0.1875
vt 0.1 0.15625
vt 0.1 0.125
vt 0.1 0.09375
vt 0.1 0.0625
vt 0.1 0.03125
vt 0.1 0
vt 0.1 0.9899999
vt 0.1 0.96875
vt 0.1 0.9375
vt 0.1 0.90625
vt 0.1 0.875
vt 0.1 0.84375
vt 0.1 0.8125
vt 0.1 0.78125
vt 0.1 0.75
vt 0.1 0.71875
vt 0.1 0.6875
vt 0.1 0.65625
vt 0.1 0.625
vt 0.1 0.59375
vt 0.1 0.5625
vt 0.1 0.53125
vt 0.1 0.5
vt 0.1 0.46875
vt 0.1 0.4375
vt 0.1 0.40625
vt 0.1 0.375
vt 0.1 0.34375
vt 0.1 0.3125
vt 0.1 0.28125
vt 0.1 0.25
vt 0.1 0.21875
vt 0.1 0.1875
vt 0.1 0.15625
vt 0.1 0.125
vt 0.1 0.09375
vt 0.1 0.0625
vt 0.1 0.03125
vt 0.1 0
vt 0.15 0.9899999
vt 0.15 0.96875
vt 0.15 0.9375
vt 0.15 0.90625
vt 0.15 0.875
vt 0.15 0.84375
vt 0.15 0.8125
vt 0.15 0.78125
vt 0.15 0.75
vt 0.15 0.71875
vt 0.15 0.6875
vt 0.15 0.65625
vt 0.15 0.625
vt 0.15 0.59375
vt 0.15 0.5625
vt 0.15 0.53125
vt 0.15 0.5
vt 0.15 0.46875
vt 0.15 0.4375
vt 0.15 0.40625
vt 0.15 0.375
vt 0.15 0.34375
vt 0.15 0.3125
vt 0.15 0.28125
vt 0.15 0.25
vt 0.15 0.21875
vt 0.15 0.1875
vt 0.15 0.15625
vt 0.15 0.125
vt 0.15 0.09375
vt 0.15 0.0625
vt 0.15 0.03125
vt 0.15 0
vt 0.2 0.9899999
vt 0.05 0.9899999
vt 0.1 0.9899999
vt 0.15 0.9899999
vt 0.2 0
vt 0.05 0
vt 0.1 0
vt 0.15 0
vt 0.2 0.9899999
vt 0.2 0.96875
vt 0.2 0.9375
vt 0.2 0.90625
vt 0.2 0.875
vt 0.2 0.84375
vt 0.2 0.8125
vt 0.2 0.78125
vt 0.2 0.75
vt 0.2 0.71875
vt 0.2 0.6875
vt 0.2 0.65625
vt 0.2 0.625
vt 0.2 0.59375
vt 0.2 0.5625
vt 0.2 0.53125
vt 0.2 0.5
vt 0.2 0.46875
vt 0.2 0.4375
vt 0.2 0.40625
vt 0.2 0.375
vt 0.2 0.34375
vt 0.2 0.3125
vt 0.2 0.28125
vt 0.2 0.25
vt 0.2 0.21875
vt 0.2 0.1875
vt 0.2 0.15625
vt 0.2 0.125
vt 0.2 0.09375
vt 0.2 0.0625
vt 0.2 0.03125
vt 0.2 0
vt 0 0.9899999
vt 0 0.96875
vt 0 0.9375
vt 0 0.90625
vt 0 0.875
vt 0 0.84375
vt 0 0.8125
vt 0 0.78125
vt 0 0.75
vt 0 0.71875
vt 0 0.6875
vt 0 0.65625
vt 0 0.625
vt 0 0.59375
vt 0 0.5625
vt 0 0.53125
vt 0 0.5
vt 0 0.46875
vt 0 0.4375
vt 0 0.40625
vt 0 0.375
vt 0 0.34375
vt 0 0.3125
vt 0 0.28125
vt 0 0.25
vt 0 0.21875
vt 0 0.1875
vt 0 0.15625
vt 0 0.125
vt 0 0.09375
vt 0 0.0625
vt 0 0.03125
vt 0 0
vt 0.05 0.9899999
vt 0.05 0.96875
vt 0.05 0.9375
vt 0.05 0.90625
vt 0.05 0.875
vt 0.05 0.84375
vt 0.05 0.8125
vt 0.05 0.78125
vt 0.05 0.75
vt 0.05 0.71875
vt 0.05 0.6875
vt 0.05 0.65625
vt 0.05 0.625
vt 0.05 0.59375
vt 0.05 0.5625
vt 0.05 0.53125
vt 0.05 0.5
vt 0.05 0.46875
vt 0.05 0.4375
vt 0.05 0.40625
vt 0.05 0.375
vt 0.05 0.34375
vt 0.05 0.3125
vt 0.05 0.28125
vt 0.05 0.25
vt 0.05 0.21875
vt 0.05 0.1875
vt 0.05 0.15625
vt 0.05 0.125
vt 0.05 0.09375
vt 0.05 0.0625
vt 0.05 0.03125
vt 0.05 0
vt 0.1 0.9899999
vt 0.1 0.96875
vt 0.1 0.9375
vt 0.1 0.90625
vt 0.1 0.875
vt 0.1 0.84375
vt 0.1 0.8125
vt 0.1 0.78125
vt 0.1 0.75
vt 0.1 0.71875
vt 0.1 0.6875
vt 0.1 0.65625
vt 0.1 0.625
vt 0.1 0.59375
vt 0.1 0.5625
vt 0.1 0.53125
vt 0.1 0.5
vt 0.1 0.46875
vt 0.1 0.4375
vt 0.1 0.40625
vt 0.1 0.375
vt 0.1 0.34375
vt 0.1 0.3125
vt 0.1 0.28125
vt 0.1 0.25
vt 0.1 0.21875
vt 0.1 0.1875
vt 0.1 0.15625
vt 0.1 0.125
vt 0.1 0.09375
vt 0.1 0.0625
vt 0.1 0.03125
vt 0.1 0
vt 0.1 0.9899999
vt 0.1 0.96875
vt 0.1 0.9375
vt 0.1 0.90625
vt 0.1 0.875
vt 0.1 0.84375
vt 0.1 0.8125
vt 0.1 0.78125
vt 0.1 0.75
vt 0.1 0.71875
vt 0.1 0.6875
vt 0.1 0.65625
vt 0.1 0.625
vt 0.1 0.59375
vt 0.1 0.5625
vt 0.1 0.53125
vt 0.1 0.5
vt 0.1 0.46875
vt 0.1 0.4375
vt 0.1 0.40625
vt 0.1 0.375
vt 0.1 0.34375
vt 0.1 0.3125
vt 0.1 0.28125
vt 0.1 0.25
vt 0.1 0.21875
vt 0.1 0.1875
vt 0.1 0.15625
vt 0.1 0.125
vt 0.1 0.09375
vt 0.1 0.0625
vt 0.1 0.03125
vt 0.1 0
vt 0.15 0.9899999
vt 0.15 0.96875
vt 0.15 0.9375
vt 0.15 0.90625
vt 0.15 0.875
vt 0.15 0.84375
vt 0.15 0.8125
vt 0.15 0.78125
vt 0.15 0.75
vt 0.15 0.71875
vt 0.15 0.6875
vt 0.15 0.65625
vt 0.15 0.625
vt 0.15 0.59375
vt 0.15 0.5625
vt 0.15 0.53125
vt 0.15 0.5
vt 0.15 0.46875
vt 0.15 0.4375
vt 0.15 0.40625
vt 0.15 0.375
vt 0.15 0.34375
vt 0.15 0.3125
vt 0.15 0.28125
vt 0.15 0.25
vt 0.15 0.21875
vt 0.15 0.1875
vt 0.15 0.15625
vt 0.15 0.125
vt 0.15 0.09375
vt 0.15 0.0625
vt 0.15 0.03125
vt 0.15 0
vt 0.2 0.9899999
vt 0.05 0.9899999
vt 0.1 0.9899999
vt 0.15 0.9899999
vt 0.2 0
vt 0.05 0
vt 0.1 0
vt 0.15 0
vt 0.2 0.9899999
vt 0.2 0.96875
vt 0.2 0.9375
vt 0.2 0.90625
vt 0.2 0.875
vt 0.2 0.84375
vt 0.2 0.8125
vt 0.2 0.78125
vt 0.2 0.75
vt 0.2 0.71875
vt 0.2 0.6875
vt 0.2 0.65625
vt 0.2 0.625
vt 0.2 0.59375
vt 0.2 0.5625
vt 0.2 0.53125
vt 0.2 0.5
vt 0.2 0.46875
vt 0.2 0.4375
vt 0.2 0.40625
vt 0.2 0.375
vt 0.2 0.34375
vt 0.2 0.3125
vt 0.2 0.28125
vt 0.2 0.25
vt 0.2 0.21875
vt 0.2 0.1875
vt 0.2 0.15625
vt 0.2 0.125
vt 0.2 0.09375
vt 0.2 0.0625
vt 0.2 0.03125
vt 0.2 0
vt 0 0.9899999
vt 0 0.96875
vt 0 0.9375
vt 0 0.90625
vt 0 0.875
vt 0 0.84375
vt 0 0.8125
vt 0 0.78125
vt 0 0.75
vt 0 0.71875
vt 0 0.6875
vt 0 0.65625
vt 0 0.625
vt 0 0.59375
vt 0 0.5625
vt 0 0.53125
vt 0 0.5
vt 0 0.46875
vt 0 0.4375
vt 0 0.40625
vt 0 0.375
vt 0 0.34375
vt 0 0.3125
vt 0 0.28125
vt 0 0.25
vt 0 0.21875
vt 0 0.1875
vt 0 0.15625
vt 0 0.125
vt 0 0.09375
vt 0 0.0625
vt 0 0.03125
vt 0 0
vt 0.05 0.9899999
vt 0.05 0.96875
vt 0.05 0.9375
vt 0.05 0.90625
vt 0.05 0.875
vt 0.05 0.84375
vt 0.05 0.8125
vt 0.05 0.78125
vt 0.05 0.75
vt 0.05 0.71875
vt 0.05 0.6875
vt 0.05 0.65625
vt 0.05 0.625
vt 0.05 0.59375
vt 0.05 0.5625
vt 0.05 0.53125
vt 0.05 0.5
vt 0.05 0.46875
vt 0.05 0.4375
vt 0.05 0.40625
vt 0.05 0.375
vt 0.05 0.34375
vt 0.05 0.3125
vt 0.05 0.28125
vt 0.05 0.25
vt 0.05 0.21875
vt 0.05 0.1875
vt 0.05 0.15625
vt 0.05 0.125
vt 0.05 0.09375
vt 0.05 0.0625
vt 0.05 0.03125
vt 0.05 0
vt 0.1 0.9899999
vt 0.1 0.96875
vt 0.1 0.9375
vt 0.1 0.90625
vt 0.1 0.875
vt 0.1 0.84375
vt 0.1 0.8125
vt 0.1 0.78125
vt 0.1 0.75
vt 0.1 0.71875
vt 0.1 0.6875
vt 0.1 0.65625
vt 0.1 0.625
vt 0.1 0.59375
vt 0.1 0.5625
vt 0.1 0.53125
vt 0.1 0.5
vt 0.1 0.46875
vt 0.1 0.4375
vt 0.1 0.40625
vt 0.1 0.375
vt 0.1 0.34375
vt 0.1 0.3125
vt 0.1 0.28125
vt 0.1 0.25
vt 0.1 0.21875
vt 0.1 0.1875
vt 0.1 0.15625
vt 0.1 0.125
vt 0.1 0.09375
vt 0.1 0.0625
vt 0.1 0.03125
vt 0.1 0
vt 0.1 0.9899999
vt 0.1 0.96875
vt 0.1 0.9375
vt 0.1 0.90625
vt 0.1 0.875
vt 0.1 0.84375
vt 0.1 0.8125
vt 0.1 0.78125
vt 0.1 0.75
vt 0.1 0.71875
vt 0.1 0.6875
vt 0.1 0.65625
vt 0.1 0.625
vt 0.1 0.59375
vt 0.1 0.5625
vt 0.1 0.53125
vt 0.1 0.5
vt 0.1 0.46875
vt 0.1 0.4375
vt 0.1 0.40625
vt 0.1 0.375
vt 0.1 0.34375
vt 0.1 0.3125
vt 0.1 0.28125
vt 0.1 0.25
vt 0.1 0.21875
vt 0.1 0.1875
vt 0.1 0.15625
vt 0.1 0.125
vt 0.1 0.09375
vt 0.1 0.0625
vt 0.1 0.03125
vt 0.1 0
vt 0.15 0.9899999
vt 0.15 0.96875
vt 0.15 0.9375
vt 0.15 0.90625
vt 0.15 0.875
vt 0.15 0.84375
vt 0.15 0.8125
vt 0.15 0.78125
vt 0.15 0.75
vt 0.15 0.71875
vt 0.15 0.6875
vt 0.15 0.65625
vt 0.15 0.625
vt 0.15 0.59375
vt 0.15 0.5625
vt 0.15 0.53125
vt 0.15 0.5
vt 0.15 0.46875
vt 0.15 0.4375
vt 0.15 0.40625
vt 0.15 0.375
vt 0.15 0.34375
vt 0.15 0.3125
vt 0.15 0.28125
vt 0.15 0.25
vt 0.15 0.21875
vt 0.15 0.1875
vt 0.15 0.15625
vt 0.15 0.125
vt 0.15 0.09375
vt 0.15 0.0625
vt 0.15 0.03125
vt 0.15 0
vt 0.2 0.9899999
vt 0.05 0.9899999
vt 0.1 0.9899999
vt 0.15 0.9899999
vt 0.2 0
vt 0.05 0
vt 0.1 0
vt 0.15 0
vt 0.2 0.9899999
vt 0.2 0.96875
vt 0.2 0.9375
vt 0.2 0.90625
vt 0.2 0.875
vt 0.2 0.84375
vt 0.2 0.8125
vt 0.2 0.78125
vt 0.2 0.75
vt 0.2 0.71875
vt 0.2 0.6875
vt 0.2 0.65625
vt 0.2 0.625
vt 0.2 0.59375
vt 0.2 0.5625
vt 0.2 0.53125
vt 0.2 0.5
vt 0.2 0.46875
vt 0.2 0.4375
vt 0.2 0.40625
vt 0.2 0.375
vt 0.2 0.34375
vt 0.2 0.3125
vt 0.2 0.28125
vt 0.2 0.25
vt 0.2 0.21875
vt 0.2 0.1875
vt 0.2 0.15625
vt 0.2 0.125
vt 0.2 0.09375
vt 0.2 0.0625
vt 0.2 0.03125
vt 0.2 0
vt 0 0.9899999
vt 0 0.96875
vt 0 0.9375
vt 0 0.90625
vt 0 0.875
vt 0 0.84375
vt 0 0.8125
vt 0 0.78125
vt 0 0.75
vt 0 0.71875
vt 0 0.6875
vt 0 0.65625
vt 0 0.625
vt 0 0.59375
vt 0 0.5625
vt 0 0.53125
vt 0 0.5
vt 0 0.46875
vt 0 0.4375
vt 0 0.40625
vt 0 0.375
vt 0 0.34375
vt 0 0.3125
vt 0 0.28125
vt 0 0.25
vt 0 0.21875
vt 0 0.1875
vt 0 0.15625
vt 0 0.125
vt 0 0.09375
vt 0 0.0625
vt 0 0.03125
vt 0 0
vt 0.05 0.9899999
vt 0.05 0.96875
vt 0.05 0.9375
vt 0.05 0.90625
vt 0.05 0.875
vt 0.05 0.84375
vt 0.05 0.8125
vt 0.05 0.78125
vt 0.05 0.75
vt 0.05 0.71875
vt 0.05 0.6875
vt 0.05 0.65625
vt 0.05 0.625
vt 0.05 0.59375
vt 0.05 0.5625
vt 0.05 0.53125
vt 0.05 0.5
vt 0.05 0.46875
vt 0.05 0.4375
vt 0.05 0.40625
vt 0.05 0.375
vt 0.05 0.34375
vt 0.05 0.3125
vt 0.05 0.28125
vt 0.05 0.25
vt 0.05 0.21875
vt 0.05 0.1875
vt 0.05 0.15625
vt 0.05 0.125
vt 0.05 0.09375
vt 0.05 0.0625
vt 0.05 0.03125
vt 0.05 0
vt 0.1 0.9899999
vt 0.1 0.96875
vt 0.1 0.9375
vt 0.1 0.90625
vt 0.1 0.875
vt 0.1 0.84375
vt 0.1 0.8125
vt 0.1 0.78125
vt 0.1 0.75
vt 0.1 0.71875
vt 0.1 0.6875
vt 0.1 0.65625
vt 0.1 0.625
vt 0.1 0.59375
vt 0.1 0.5625
vt 0.1 0.53125
vt 0.1 0.5
vt 0.1 0.46875
vt 0.1 0.4375
vt 0.1 0.40625
vt 0.1 0.375
vt 0.1 0.34375
vt 0.1 0.3125
vt 0.1 0.28125
vt 0.1 0.25
vt 0.1 0.21875
vt 0.1 0.1875
vt 0.1 0.15625
vt 0.1 0.125
vt 0.1 0.09375
vt 0.1 0.0625
vt 0.1 0.03125
vt 0.1 0
vt 0.1 0.9899999
vt 0.1 0.96875
vt 0.1 0.9375
vt 0.1 0.90625
vt 0.1 0.875
vt 0.1 0.84375
vt 0.1 0.8125
vt 0.1 0.78125
vt 0.1 0.75
vt 0.1 0.71875
vt 0.1 0.6875
vt 0.1 0.65625
vt 0.1 0.625
vt 0.1 0.59375
vt 0.1 0.5625
vt 0.1 0.53125
vt 0.1 0.5
vt 0.1 0.46875
vt 0.1 0.4375
vt 0.1 0.40625
vt 0.1 0.375
vt 0.1 0.34375
vt 0.1 0.3125
vt 0.1 0.28125
vt 0.1 0.25
vt 0.1 0.21875
vt 0.1 0.1875
vt 0.1 0.15625
vt 0.1 0.125
vt 0.1 0.09375
vt 0.1 0.0625
vt 0.1 0.03125
vt 0.1 0
vt 0.15 0.9899999
vt 0.15 0.96875
vt 0.15 0.9375
vt 0.15 0.90625
vt 0.15 0.875
vt 0.15 0.84375
vt 0.15 0.8125
vt 0.15 0.78125
vt 0.15 0.75
vt 0.15 0.71875
vt 0.15 0.6875
vt 0.15 0.65625
vt 0.15 0.625
vt 0.15 0.59375
vt 0.15 0.5625
vt 0.15 0.53125
vt 0.15 0.5
vt 0.15 0.46875
vt 0.15 0.4375
vt 0.15 0.40625
vt 0.15 0.375
vt 0.15 0.34375
vt 0.15 0.3125
vt 0.15 0.28125
vt 0.15 0.25
vt 0.15 0.21875
vt 0.15 0.1875
vt 0.15 0.15625
vt 0.15 0.125
vt 0.15 0.09375
vt 0.15 0.0625
vt 0.15 0.03125
vt 0.15 0
vt 0.2 0.9899999
vt 0.05 0.9899999
vt 0.1 0.9899999
vt 0.15 0.9899999
vt 0.2 0
vt 0.05 0
vt 0.1 0
vt 0.15 0
vt 0.2 0.9899999
vt 0.2 0.9666666
vt 0.2 0.9333333
vt 0.2 0.9
vt 0.2 0.8666667
vt 0.2 0.8333334
vt 0.2 0.8
vt 0.2 0.7666666
vt 0.2 0.7333333
vt 0.2 0.7
vt 0.2 0.6666666
vt 0.2 0.6333333
vt 0.2 0.6
vt 0.2 0.5666666
vt 0.2 0.5333333
vt 0.2 0.5
vt 0.2 0.4666666
vt 0.2 0.4333333
vt 0.2 0.4
vt 0.2 0.3666667
vt 0.2 0.3333333
vt 0.2 0.3
vt 0.2 0.2666667
vt 0.2 0.2333333
vt 0.2 0.2
vt 0.2 0.1666667
vt 0.2 0.1333333
vt 0.2 0.1
vt 0.2 0.06666666
vt 0.2 0.03333336
vt 0.2 0
vt 0 0.9899999
vt 0 0.9666666
vt 0 0.9333333
vt 0 0.9
vt 0 0.8666667
vt 0 0.8333334
vt 0 0.8
vt 0 0.7666666
vt 0 0.7333333
vt 0 0.7
vt 0 0.6666666
vt 0 0.6333333
vt 0 0.6
vt 0 0.5666666
vt 0 0.5333333
vt 0 0.5
vt 0 0.4666666
vt 0 0.4333333
vt 0 0.4
vt 0 0.3666667
vt 0 0.3333333
vt 0 0.3
vt 0 0.2666667
vt 0 0.2333333
vt 0 0.2
vt 0 0.1666667
vt 0 0.1333333
vt 0 0.1
vt 0 0.06666666
vt 0 0.03333336
vt 0 0
vt 0.05 0.9899999
vt 0.05 0.9666666
vt 0.05 0.9333333
vt 0.05 0.9
vt 0.05 0.8666667
vt 0.05 0.8333334
vt 0.05 0.8
vt 0.05 0.7666666
vt 0.05 0.7333333
vt 0.05 0.7
vt 0.05 0.6666666
vt 0.05 0.6333333
vt 0.05 0.6
vt 0.05 0.5666666
vt 0.05 0.5333333
vt 0.05 0.5
vt 0.05 0.4666666
vt 0.05 0.4333333
vt 0.05 0.4
vt 0.05 0.3666667
vt 0.05 0.3333333
vt 0.05 0.3
vt 0.05 0.2666667
vt 0.05 0.2333333
vt 0.05 0.2
vt 0.05 0.1666667
vt 0.05 0.1333333
vt 0.05 0.1
vt 0.05 0.06666666
vt 0.05 0.03333336
vt 0.05 0
vt 0.1 0.9899999
vt 0.1 0.9666666
vt 0.1 0.9333333
vt 0.1 0.9
vt 0.1 0.8666667
vt 0.1 0.8333334
vt 0.1 0.8
vt 0.1 0.7666666
vt 0.1 0.7333333
vt 0.1 0.7
vt 0.1 0.6666666
vt 0.1 0.6333333
vt 0.1 0.6
vt 0.1 0.5666666
vt 0.1 0.5333333
vt 0.1 0.5
vt 0.1 0.4666666
vt 0.1 0.4333333
vt 0.1 0.4
vt 0.1 0.3666667
vt 0.1 0.3333333
vt 0.1 0.3
vt 0.1 0.2666667
vt 0.1 0.2333333
vt 0.1 0.2
vt 0.1 0.1666667
vt 0.1 0.1333333
vt 0.1 0.1
vt 0.1 0.06666666
vt 0.1 0.03333336
vt 0.1 0
vt 0.1 0.9899999
vt 0.1 0.9666666
vt 0.1 0.9333333
vt 0.1 0.9
vt 0.1 0.8666667
vt 0.1 0.8333334
vt 0.1 0.8
vt 0.1 0.7666666
vt 0.1 0.7333333
vt 0.1 0.7
vt 0.1 0.6666666
vt 0.1 0.6333333
vt 0.1 0.6
vt 0.1 0.5666666
vt 0.1 0.5333333
vt 0.1 0.5
vt 0.1 0.4666666
vt 0.1 0.4333333
vt 0.1 0.4
vt 0.1 0.3666667
vt 0.1 0.3333333
vt 0.1 0.3
vt 0.1 0.2666667
vt 0.1 0.2333333
vt 0.1 0.2
vt 0.1 0.1666667
vt 0.1 0.1333333
vt 0.1 0.1
vt 0.1 0.06666666
vt 0.1 0.03333336
vt 0.1 0
vt 0.15 0.9899999
vt 0.15 0.9666666
vt 0.15 0.9333333
vt 0.15 0.9
vt 0.15 0.8666667
vt 0.15 0.8333334
vt 0.15 0.8
vt 0.15 0.7666666
vt 0.15 0.7333333
vt 0.15 0.7
vt 0.15 0.6666666
vt 0.15 0.6333333
vt 0.15 0.6
vt 0.15 0.5666666
vt 0.15 0.5333333
vt 0.15 0.5
vt 0.15 0.4666666
vt 0.15 0.4333333
vt 0.15 0.4
vt 0.15 0.3666667
vt 0.15 0.3333333
vt 0.15 0.3
vt 0.15 0.2666667
vt 0.15 0.2333333
vt 0.15 0.2
vt 0.15 0.1666667
vt 0.15 0.1333333
vt 0.15 0.1
vt 0.15 0.06666666
vt 0.15 0.03333336
vt 0.15 0
vt 0.2 0.9899999
vt 0.05 0.9899999
vt 0.1 0.9899999
vt 0.15 0.9899999
vt 0.2 0
vt 0.05 0
vt 0.1 0
vt 0.15 0
vt 0.2 0.9899999
vt 0.2 0.9666666
vt 0.2 0.9333333
vt 0.2 0.9
vt 0.2 0.8666667
vt 0.2 0.8333334
vt 0.2 0.8
vt 0.2 0.7666666
vt 0.2 0.7333333
vt 0.2 0.7
vt 0.2 0.6666666
vt 0.2 0.6333333
vt 0.2 0.6
vt 0.2 0.5666666
vt 0.2 0.5333333
vt 0.2 0.5
vt 0.2 0.4666666
vt 0.2 0.4333333
vt 0.2 0.4
vt 0.2 0.3666667
vt 0.2 0.3333333
vt 0.2 0.3
vt 0.2 0.2666667
vt 0.2 0.2333333
vt 0.2 0.2
vt 0.2 0.1666667
vt 0.2 0.1333333
vt 0.2 0.1
vt 0.2 0.06666666
vt 0.2 0.03333336
vt 0.2 0
vt 0 0.9899999
vt 0 0.9666666
vt 0 0.9333333
vt 0 0.9
vt 0 0.8666667
vt 0 0.8333334
vt 0 0.8
vt 0 0.7666666
vt 0 0.7333333
vt 0 0.7
vt 0 0.6666666
vt 0 0.6333333
vt 0 0.6
vt 0 0.5666666
vt 0 0.5333333
vt 0 0.5
vt 0 0.4666666
vt 0 0.4333333
vt 0 0.4
vt 0 0.3666667
vt 0 0.3333333
vt 0 0.3
vt 0 0.2666667
vt 0 0.2333333
vt 0 0.2
vt 0 0.1666667
vt 0 0.1333333
vt 0 0.1
vt 0 0.06666666
vt 0 0.03333336
vt 0 0
vt 0.05 0.9899999
vt 0.05 0.9666666
vt 0.05 0.9333333
vt 0.05 0.9
vt 0.05 0.8666667
vt 0.05 0.8333334
vt 0.05 0.8
vt 0.05 0.7666666
vt 0.05 0.7333333
vt 0.05 0.7
vt 0.05 0.6666666
vt 0.05 0.6333333
vt 0.05 0.6
vt 0.05 0.5666666
vt 0.05 0.5333333
vt 0.05 0.5
vt 0.05 0.4666666
vt 0.05 0.4333333
vt 0.05 0.4
vt 0.05 0.3666667
vt 0.05 0.3333333
vt 0.05 0.3
vt 0.05 0.2666667
vt 0.05 0.2333333
vt 0.05 0.2
vt 0.05 0.1666667
vt 0.05 0.1333333
vt 0.05 0.1
vt 0.05 0.06666666
vt 0.05 0.03333336
vt 0.05 0
vt 0.1 0.9899999
vt 0.1 0.9666666
vt 0.1 0.9333333
vt 0.1 0.9
vt 0.1 0.8666667
vt 0.1 0.8333334
vt 0.1 0.8
vt 0.1 0.7666666
vt 0.1 0.7333333
vt 0.1 0.7
vt 0.1 0.6666666
vt 0.1 0.6333333
vt 0.1 0.6
vt 0.1 0.5666666
vt 0.1 0.5333333
vt 0.1 0.5
vt 0.1 0.4666666
vt 0.1 0.4333333
vt 0.1 0.4
vt 0.1 0.3666667
vt 0.1 0.3333333
vt 0.1 0.3
vt 0.1 0.2666667
vt 0.1 0.2333333
vt 0.1 0.2
vt 0.1 0.1666667
vt 0.1 0.1333333
vt 0.1 0.1
vt 0.1 0.06666666
vt 0.1 0.03333336
vt 0.1 0
vt 0.1 0.9899999
vt 0.1 0.9666666
vt 0.1 0.9333333
vt 0.1 0.9
vt 0.1 0.8666667
vt 0.1 0.8333334
vt 0.1 0.8
vt 0.1 0.7666666
vt 0.1 0.7333333
vt 0.1 0.7
vt 0.1 0.6666666
vt 0.1 0.6333333
vt 0.1 0.6
vt 0.1 0.5666666
vt 0.1 0.5333333
vt 0.1 0.5
vt 0.1 0.4666666
vt 0.1 0.4333333
vt 0.1 0.4
vt 0.1 0.3666667
vt 0.1 0.3333333
vt 0.1 0.3
vt 0.1 0.2666667
vt 0.1 0.2333333
vt 0.1 0.2
vt 0.1 0.1666667
vt 0.1 0.1333333
vt 0.1 0.1
vt 0.1 0.06666666
vt 0.1 0.03333336
vt 0.1 0
vt 0.15 0.9899999
vt 0.15 0.9666666
vt 0.15 0.9333333
vt 0.15 0.9
vt 0.15 0.8666667
vt 0.15 0.8333334
vt 0.15 0.8
vt 0.15 0.7666666
vt 0.15 0.7333333
vt 0.15 0.7
vt 0.15 0.6666666
vt 0.15 0.6333333
vt 0.15 0.6
vt 0.15 0.5666666
vt 0.15 0.5333333
vt 0.15 0.5
vt 0.15 0.4666666
vt 0.15 0.4333333
vt 0.15 0.4
vt 0.15 0.3666667
vt 0.15 0.3333333
vt 0.15 0.3
vt 0.15 0.2666667
vt 0.15 0.2333333
vt 0.15 0.2
vt 0.15 0.1666667
vt 0.15 0.1333333
vt 0.15 0.1
vt 0.15 0.06666666
vt 0.15 0.03333336
vt 0.15 0
vt 0.2 0.9899999
vt 0.05 0.9899999
vt 0.1 0.9899999
vt 0.15 0.9899999
vt 0.2 0
vt 0.05 0
vt 0.1 0
vt 0.15 0
vt 0.2 0.9899999
vt 0.2 0.9655172
vt 0.2 0.9310345
vt 0.2 0.8965517
vt 0.2 0.862069
vt 0.2 0.8275862
vt 0.2 0.7931035
vt 0.2 0.7586207
vt 0.2 0.7241379
vt 0.2 0.6896552
vt 0.2 0.6551723
vt 0.2 0.6206896
vt 0.2 0.5862069
vt 0.2 0.5517241
vt 0.2 0.5172414
vt 0.2 0.4827586
vt 0.2 0.4482759
vt 0.2 0.4137931
vt 0.2 0.3793104
vt 0.2 0.3448276
vt 0.2 0.3103448
vt 0.2 0.2758621
vt 0.2 0.2413793
vt 0.2 0.2068965
vt 0.2 0.1724138
vt 0.2 0.137931
vt 0.2 0.1034483
vt 0.2 0.06896549
vt 0.2 0.03448278
vt 0.2 0
vt 0 0.9899999
vt 0 0.9655172
vt 0 0.9310345
vt 0 0.8965517
vt 0 0.862069
vt 0 0.8275862
vt 0 0.7931035
vt 0 0.7586207
vt 0 0.7241379
vt 0 0.6896552
vt 0 0.6551723
vt 0 0.6206896
vt 0 0.5862069
vt 0 0.5517241
vt 0 0.5172414
vt 0 0.4827586
vt 0 0.4482759
vt 0 0.4137931
vt 0 0.3793104
vt 0 0.3448276
vt 0 0.3103448
vt 0 0.2758621
vt 0 0.2413793
vt 0 0.2068965
vt 0 0.1724138
vt 0 0.137931
vt 0 0.1034483
vt 0 0.06896549
vt 0 0.03448278
vt 0 0
vt 0.05 0.9899999
vt 0.05 0.9655172
vt 0.05 0.9310345
vt 0.05 0.8965517
vt 0.05 0.862069
vt 0.05 0.8275862
vt 0.05 0.7931035
vt 0.05 0.7586207
vt 0.05 0.7241379
vt 0.05 0.6896552
vt 0.05 0.6551723
vt 0.05 0.6206896
vt 0.05 0.5862069
vt 0.05 0.5517241
vt 0.05 0.5172414
vt 0.05 0.4827586
vt 0.05 0.4482759
vt 0.05 0.4137931
vt 0.05 0.3793104
vt 0.05 0.3448276
vt 0.05 0.3103448
vt 0.05 0.2758621
vt 0.05 0.2413793
vt 0.05 0.2068965
vt 0.05 0.1724138
vt 0.05 0.137931
vt 0.05 0.1034483
vt 0.05 0.06896549
vt 0.05 0.03448278
vt 0.05 0
vt 0.1 0.9899999
vt 0.1 0.9655172
vt 0.1 0.9310345
vt 0.1 0.8965517
vt 0.1 0.862069
vt 0.1 0.8275862
vt 0.1 0.7931035
vt 0.1 0.7586207
vt 0.1 0.7241379
vt 0.1 0.6896552
vt 0.1 0.6551723
vt 0.1 0.6206896
vt 0.1 0.5862069
vt 0.1 0.5517241
vt 0.1 0.5172414
vt 0.1 0.4827586
vt 0.1 0.4482759
vt 0.1 0.4137931
vt 0.1 0.3793104
vt 0.1 0.3448276
vt 0.1 0.3103448
vt 0.1 0.2758621
vt 0.1 0.2413793
vt 0.1 0.2068965
vt 0.1 0.1724138
vt 0.1 0.137931
vt 0.1 0.1034483
vt 0.1 0.06896549
vt 0.1 0.03448278
vt 0.1 0
vt 0.1 0.9899999
vt 0.1 0.9655172
vt 0.1 0.9310345
vt 0.1 0.8965517
vt 0.1 0.862069
vt 0.1 0.8275862
vt 0.1 0.7931035
vt 0.1 0.7586207
vt 0.1 0.7241379
vt 0.1 0.6896552
vt 0.1 0.6551723
vt 0.1 0.6206896
vt 0.1 0.5862069
vt 0.1 0.5517241
vt 0.1 0.5172414
vt 0.1 0.4827586
vt 0.1 0.4482759
vt 0.1 0.4137931
vt 0.1 0.3793104
vt 0.1 0.3448276
vt 0.1 0.3103448
vt 0.1 0.2758621
vt 0.1 0.2413793
vt 0.1 0.2068965
vt 0.1 0.1724138
vt 0.1 0.137931
vt 0.1 0.1034483
vt 0.1 0.06896549
vt 0.1 0.03448278
vt 0.1 0
vt 0.15 0.9899999
vt 0.15 0.9655172
vt 0.15 0.9310345
vt 0.15 0.8965517
vt 0.15 0.862069
vt 0.15 0.8275862
vt 0.15 0.7931035
vt 0.15 0.7586207
vt 0.15 0.7241379
vt 0.15 0.6896552
vt 0.15 0.6551723
vt 0.15 0.6206896
vt 0.15 0.5862069
vt 0.15 0.5517241
vt 0.15 0.5172414
vt 0.15 0.4827586
vt 0.15 0.4482759
vt 0.15 0.4137931
vt 0.15 0.3793104
vt 0.15 0.3448276
vt 0.15 0.3103448
vt 0.15 0.2758621
vt 0.15 0.2413793
vt 0.15 0.2068965
vt 0.15 0.1724138
vt 0.15 0.137931
vt 0.15 0.1034483
vt 0.15 0.06896549
vt 0.15 0.03448278
vt 0.15 0
vt 0.2 0.9899999
vt 0.05 0.9899999
vt 0.1 0.9899999
vt 0.15 0.9899999
vt 0.2 0
vt 0.05 0
vt 0.1 0
vt 0.15 0
vt 0.2 0.9899999
vt 0.2 0.9655172
vt 0.2 0.9310345
vt 0.2 0.8965517
vt 0.2 0.862069
vt 0.2 0.8275862
vt 0.2 0.7931035
vt 0.2 0.7586207
vt 0.2 0.7241379
vt 0.2 0.6896552
vt 0.2 0.6551723
vt 0.2 0.6206896
vt 0.2 0.5862069
vt 0.2 0.5517241
vt 0.2 0.5172414
vt 0.2 0.4827586
vt 0.2 0.4482759
vt 0.2 0.4137931
vt 0.2 0.3793104
vt 0.2 0.3448276
vt 0.2 0.3103448
vt 0.2 0.2758621
vt 0.2 0.2413793
vt 0.2 0.2068965
vt 0.2 0.1724138
vt 0.2 0.137931
vt 0.2 0.1034483
vt 0.2 0.06896549
vt 0.2 0.03448278
vt 0.2 0
vt 0 0.9899999
vt 0 0.9655172
vt 0 0.9310345
vt 0 0.8965517
vt 0 0.862069
vt 0 0.8275862
vt 0 0.7931035
vt 0 0.7586207
vt 0 0.7241379
vt 0 0.6896552
vt 0 0.6551723
vt 0 0.6206896
vt 0 0.5862069
vt 0 0.5517241
vt 0 0.5172414
vt 0 0.4827586
vt 0 0.4482759
vt 0 0.4137931
vt 0 0.3793104
vt 0 0.3448276
vt 0 0.3103448
vt 0 0.2758621
vt 0 0.2413793
vt 0 0.2068965
vt 0 0.1724138
vt 0 0.137931
vt 0 0.1034483
vt 0 0.06896549
vt 0 0.03448278
vt 0 0
vt 0.05 0.9899999
vt 0.05 0.9655172
vt 0.05 0.9310345
vt 0.05 0.8965517
vt 0.05 0.862069
vt 0.05 0.8275862
vt 0.05 0.7931035
vt 0.05 0.7586207
vt 0.05 0.7241379
vt 0.05 0.6896552
vt 0.05 0.6551723
vt 0.05 0.6206896
vt 0.05 0.5862069
vt 0.05 0.5517241
vt 0.05 0.5172414
vt 0.05 0.4827586
vt 0.05 0.4482759
vt 0.05 0.4137931
vt 0.05 0.3793104
vt 0.05 0.3448276
vt 0.05 0.3103448
vt 0.05 0.2758621
vt 0.05 0.2413793
vt 0.05 0.2068965
vt 0.05 0.1724138
vt 0.05 0.137931
vt 0.05 0.1034483
vt 0.05 0.06896549
vt 0.05 0.03448278
vt 0.05 0
vt 0.1 0.9899999
vt 0.1 0.9655172
vt 0.1 0.9310345
vt 0.1 0.8965517
vt 0.1 0.862069
vt 0.1 0.8275862
vt 0.1 0.7931035
vt 0.1 0.7586207
vt 0.1 0.7241379
vt 0.1 0.6896552
vt 0.1 0.6551723
vt 0.1 0.6206896
vt 0.1 0.5862069
vt 0.1 0.5517241
vt 0.1 0.5172414
vt 0.1 0.4827586
vt 0.1 0.4482759
vt 0.1 0.4137931
vt 0.1 0.3793104
vt 0.1 0.3448276
vt 0.1 0.3103448
vt 0.1 0.2758621
vt 0.1 0.2413793
vt 0.1 0.2068965
vt 0.1 0.1724138
vt 0.1 0.137931
vt 0.1 0.1034483
vt 0.1 0.06896549
vt 0.1 0.03448278
vt 0.1 0
vt 0.1 0.9899999
vt 0.1 0.9655172
vt 0.1 0.9310345
vt 0.1 0.8965517
vt 0.1 0.862069
vt 0.1 0.8275862
vt 0.1 0.7931035
vt 0.1 0.7586207
vt 0.1 0.7241379
vt 0.1 0.6896552
vt 0.1 0.6551723
vt 0.1 0.6206896
vt 0.1 0.5862069
vt 0.1 0.5517241
vt 0.1 0.5172414
vt 0.1 0.4827586
vt 0.1 0.4482759
vt 0.1 0.4137931
vt 0.1 0.3793104
vt 0.1 0.3448276
vt 0.1 0.3103448
vt 0.1 0.2758621
vt 0.1 0.2413793
vt 0.1 0.2068965
vt 0.1 0.1724138
vt 0.1 0.137931
vt 0.1 0.1034483
vt 0.1 0.06896549
vt 0.1 0.03448278
vt 0.1 0
vt 0.15 0.9899999
vt 0.15 0.9655172
vt 0.15 0.9310345
vt 0.15 0.8965517
vt 0.15 0.862069
vt 0.15 0.8275862
vt 0.15 0.7931035
vt 0.15 0.7586207
vt 0.15 0.7241379
vt 0.15 0.6896552
vt 0.15 0.6551723
vt 0.15 0.6206896
vt 0.15 0.5862069
vt 0.15 0.5517241
vt 0.15 0.5172414
vt 0.15 0.4827586
vt 0.15 0.4482759
vt 0.15 0.4137931
vt 0.15 0.3793104
vt 0.15 0.3448276
vt 0.15 0.3103448
vt 0.15 0.2758621
vt 0.15 0.2413793
vt 0.15 0.2068965
vt 0.15 0.1724138
vt 0.15 0.137931
vt 0.15 0.1034483
vt 0.15 0.06896549
vt 0.15 0.03448278
vt 0.15 0
vt 0.2 0.9899999
vt 0.05 0.9899999
vt 0.1 0.9899999
vt 0.15 0.9899999
vt 0.2 0
vt 0.05 0
vt 0.1 0
vt 0.15 0
vt 0.2 0.9899999
vt 0.2 0.95
vt 0.2 0.9
vt 0.2 0.85
vt 0.2 0.8
vt 0.2 0.75
vt 0.2 0.7
vt 0.2 0.65
vt 0.2 0.6
vt 0.2 0.55
vt 0.2 0.5
vt 0.2 0.45
vt 0.2 0.4
vt 0.2 0.35
vt 0.2 0.3
vt 0.2 0.25
vt 0.2 0.2
vt 0.2 0.15
vt 0.2 0.1
vt 0.2 0.05000001
vt 0.2 0
vt 0 0.9899999
vt 0 0.95
vt 0 0.9
vt 0 0.85
vt 0 0.8
vt 0 0.75
vt 0 0.7
vt 0 0.65
vt 0 0.6
vt 0 0.55
vt 0 0.5
vt 0 0.45
vt 0 0.4
vt 0 0.35
vt 0 0.3
vt 0 0.25
vt 0 0.2
vt 0 0.15
vt 0 0.1
vt 0 0.05000001
vt 0 0
vt 0.05 0.9899999
vt 0.05 0.95
vt 0.05 0.9
vt 0.05 0.85
vt 0.05 0.8
vt 0.05 0.75
vt 0.05 0.7
vt 0.05 0.65
vt 0.05 0.6
vt 0.05 0.55
vt 0.05 0.5
vt 0.05 0.45
vt 0.05 0.4
vt 0.05 0.35
vt 0.05 0.3
vt 0.05 0.25
vt 0.05 0.2
vt 0.05 0.15
vt 0.05 0.1
vt 0.05 0.05000001
vt 0.05 0
vt 0.1 0.9899999
vt 0.1 0.95
vt 0.1 0.9
vt 0.1 0.85
vt 0.1 0.8
vt 0.1 0.75
vt 0.1 0.7
vt 0.1 0.65
vt 0.1 0.6
vt 0.1 0.55
vt 0.1 0.5
vt 0.1 0.45
vt 0.1 0.4
vt 0.1 0.35
vt 0.1 0.3
vt 0.1 0.25
vt 0.1 0.2
vt 0.1 0.15
vt 0.1 0.1
vt 0.1 0.05000001
vt 0.1 0
vt 0.1 0.9899999
vt 0.1 0.95
vt 0.1 0.9
vt 0.1 0.85
vt 0.1 0.8
vt 0.1 0.75
vt 0.1 0.7
vt 0.1 0.65
vt 0.1 0.6
vt 0.1 0.55
vt 0.1 0.5
vt 0.1 0.45
vt 0.1 0.4
vt 0.1 0.35
vt 0.1 0.3
vt 0.1 0.25
vt 0.1 0.2
vt 0.1 0.15
vt 0.1 0.1
vt 0.1 0.05000001
vt 0.1 0
vt 0.15 0.9899999
vt 0.15 0.95
vt 0.15 0.9
vt 0.15 0.85
vt 0.15 0.8
vt 0.15 0.75
vt 0.15 0.7
vt 0.15 0.65
vt 0.15 0.6
vt 0.15 0.55
vt 0.15 0.5
vt 0.15 0.45
vt 0.15 0.4
vt 0.15 0.35
vt 0.15 0.3
vt 0.15 0.25
vt 0.15 0.2
vt 0.15 0.15
vt 0.15 0.1
vt 0.15 0.05000001
vt 0.15 0
vt 0.2 0.9899999
vt 0.05 0.9899999
vt 0.1 0.9899999
vt 0.15 0.9899999
vt 0.2 0
vt 0.05 0
vt 0.1 0
vt 0.15 0
vt 0.2 0.9899999
vt 0.2 0.95
vt 0.2 0.9
vt 0.2 0.85
vt 0.2 0.8
vt 0.2 0.75
vt 0.2 0.7
vt 0.2 0.65
vt 0.2 0.6
vt 0.2 0.55
vt 0.2 0.5
vt 0.2 0.45
vt 0.2 0.4
vt 0.2 0.35
vt 0.2 0.3
vt 0.2 0.25
vt 0.2 0.2
vt 0.2 0.15
vt 0.2 0.1
vt 0.2 0.05000001
vt 0.2 0
vt 0 0.9899999
vt 0 0.95
vt 0 0.9
vt 0 0.85
vt 0 0.8
vt 0 0.75
vt 0 0.7
vt 0 0.65
vt 0 0.6
vt 0 0.55
vt 0 0.5
vt 0 0.45
vt 0 0.4
vt 0 0.35
vt 0 0.3
vt 0 0.25
vt 0 0.2
vt 0 0.15
vt 0 0.1
vt 0 0.05000001
vt 0 0
vt 0.05 0.9899999
vt 0.05 0.95
vt 0.05 0.9
vt 0.05 0.85
vt 0.05 0.8
vt 0.05 0.75
vt 0.05 0.7
vt 0.05 0.65
vt 0.05 0.6
vt 0.05 0.55
vt 0.05 0.5
vt 0.05 0.45
vt 0.05 0.4
vt 0.05 0.35
vt 0.05 0.3
vt 0.05 0.25
vt 0.05 0.2
vt 0.05 0.15
vt 0.05 0.1
vt 0.05 0.05000001
vt 0.05 0
vt 0.1 0.9899999
vt 0.1 0.95
vt 0.1 0.9
vt 0.1 0.85
vt 0.1 0.8
vt 0.1 0.75
vt 0.1 0.7
vt 0.1 0.65
vt 0.1 0.6
vt 0.1 0.55
vt 0.1 0.5
vt 0.1 0.45
vt 0.1 0.4
vt 0.1 0.35
vt 0.1 0.3
vt 0.1 0.25
vt 0.1 0.2
vt 0.1 0.15
vt 0.1 0.1
vt 0.1 0.05000001
vt 0.1 0
vt 0.1 0.9899999
vt 0.1 0.95
vt 0.1 0.9
vt 0.1 0.85
vt 0.1 0.8
vt 0.1 0.75
vt 0.1 0.7
vt 0.1 0.65
vt 0.1 0.6
vt 0.1 0.55
vt 0.1 0.5
vt 0.1 0.45
vt 0.1 0.4
vt 0.1 0.35
vt 0.1 0.3
vt 0.1 0.25
vt 0.1 0.2
vt 0.1 0.15
vt 0.1 0.1
vt 0.1 0.05000001
vt 0.1 0
vt 0.15 0.9899999
vt 0.15 0.95
vt 0.15 0.9
vt 0.15 0.85
vt 0.15 0.8
vt 0.15 0.75
vt 0.15 0.7
vt 0.15 0.65
vt 0.15 0.6
vt 0.15 0.55
vt 0.15 0.5
vt 0.15 0.45
vt 0.15 0.4
vt 0.15 0.35
vt 0.15 0.3
vt 0.15 0.25
vt 0.15 0.2
vt 0.15 0.15
vt 0.15 0.1
vt 0.15 0.05000001
vt 0.15 0
vt 0.2 0.9899999
vt 0.05 0.9899999
vt 0.1 0.9899999
vt 0.15 0.9899999
vt 0.2 0
vt 0.05 0
vt 0.1 0
vt 0.15 0
vt 0.2 0.9899999
vt 0.2 0.95
vt 0.2 0.9
vt 0.2 0.85
vt 0.2 0.8
vt 0.2 0.75
vt 0.2 0.7
vt 0.2 0.65
vt 0.2 0.6
vt 0.2 0.55
vt 0.2 0.5
vt 0.2 0.45
vt 0.2 0.4
vt 0.2 0.35
vt 0.2 0.3
vt 0.2 0.25
vt 0.2 0.2
vt 0.2 0.15
vt 0.2 0.1
vt 0.2 0.05000001
vt 0.2 0
vt 0 0.9899999
vt 0 0.95
vt 0 0.9
vt 0 0.85
vt 0 0.8
vt 0 0.75
vt 0 0.7
vt 0 0.65
vt 0 0.6
vt 0 0.55
vt 0 0.5
vt 0 0.45
vt 0 0.4
vt 0 0.35
vt 0 0.3
vt 0 0.25
vt 0 0.2
vt 0 0.15
vt 0 0.1
vt 0 0.05000001
vt 0 0
vt 0.05 0.9899999
vt 0.05 0.95
vt 0.05 0.9
vt 0.05 0.85
vt 0.05 0.8
vt 0.05 0.75
vt 0.05 0.7
vt 0.05 0.65
vt 0.05 0.6
vt 0.05 0.55
vt 0.05 0.5
vt 0.05 0.45
vt 0.05 0.4
vt 0.05 0.35
vt 0.05 0.3
vt 0.05 0.25
vt 0.05 0.2
vt 0.05 0.15
vt 0.05 0.1
vt 0.05 0.05000001
vt 0.05 0
vt 0.1 0.9899999
vt 0.1 0.95
vt 0.1 0.9
vt 0.1 0.85
vt 0.1 0.8
vt 0.1 0.75
vt 0.1 0.7
vt 0.1 0.65
vt 0.1 0.6
vt 0.1 0.55
vt 0.1 0.5
vt 0.1 0.45
vt 0.1 0.4
vt 0.1 0.35
vt 0.1 0.3
vt 0.1 0.25
vt 0.1 0.2
vt 0.1 0.15
vt 0.1 0.1
vt 0.1 0.05000001
vt 0.1 0
vt 0.1 0.9899999
vt 0.1 0.95
vt 0.1 0.9
vt 0.1 0.85
vt 0.1 0.8
vt 0.1 0.75
vt 0.1 0.7
vt 0.1 0.65
vt 0.1 0.6
vt 0.1 0.55
vt 0.1 0.5
vt 0.1 0.45
vt 0.1 0.4
vt 0.1 0.35
vt 0.1 0.3
vt 0.1 0.25
vt 0.1 0.2
vt 0.1 0.15
vt 0.1 0.1
vt 0.1 0.05000001
vt 0.1 0
vt 0.15 0.9899999
vt 0.15 0.95
vt 0.15 0.9
vt 0.15 0.85
vt 0.15 0.8
vt 0.15 0.75
vt 0.15 0.7
vt 0.15 0.65
vt 0.15 0.6
vt 0.15 0.55
vt 0.15 0.5
vt 0.15 0.45
vt 0.15 0.4
vt 0.15 0.35
vt 0.15 0.3
vt 0.15 0.25
vt 0.15 0.2
vt 0.15 0.15
vt 0.15 0.1
vt 0.15 0.05000001
vt 0.15 0
vt 0.2 0.9899999
vt 0.05 0.9899999
vt 0.1 0.9899999
vt 0.15 0.9899999
vt 0.2 0
vt 0.05 0
vt 0.1 0
vt 0.15 0
vt 0.2 0.9899999
vt 0.2 0.95
vt 0.2 0.9
vt 0.2 0.85
vt 0.2 0.8
vt 0.2 0.75
vt 0.2 0.7
vt 0.2 0.65
vt 0.2 0.6
vt 0.2 0.55
vt 0.2 0.5
vt 0.2 0.45
vt 0.2 0.4
vt 0.2 0.35
vt 0.2 0.3
vt 0.2 0.25
vt 0.2 0.2
vt 0.2 0.15
vt 0.2 0.1
vt 0.2 0.05000001
vt 0.2 0
vt 0 0.9899999
vt 0 0.95
vt 0 0.9
vt 0 0.85
vt 0 0.8
vt 0 0.75
vt 0 0.7
vt 0 0.65
vt 0 0.6
vt 0 0.55
vt 0 0.5
vt 0 0.45
vt 0 0.4
vt 0 0.35
vt 0 0.3
vt 0 0.25
vt 0 0.2
vt 0 0.15
vt 0 0.1
vt 0 0.05000001
vt 0 0
vt 0.05 0.9899999
vt 0.05 0.95
vt 0.05 0.9
vt 0.05 0.85
vt 0.05 0.8
vt 0.05 0.75
vt 0.05 0.7
vt 0.05 0.65
vt 0.05 0.6
vt 0.05 0.55
vt 0.05 0.5
vt 0.05 0.45
vt 0.05 0.4
vt 0.05 0.35
vt 0.05 0.3
vt 0.05 0.25
vt 0.05 0.2
vt 0.05 0.15
vt 0.05 0.1
vt 0.05 0.05000001
vt 0.05 0
vt 0.1 0.9899999
vt 0.1 0.95
vt 0.1 0.9
vt 0.1 0.85
vt 0.1 0.8
vt 0.1 0.75
vt 0.1 0.7
vt 0.1 0.65
vt 0.1 0.6
vt 0.1 0.55
vt 0.1 0.5
vt 0.1 0.45
vt 0.1 0.4
vt 0.1 0.35
vt 0.1 0.3
vt 0.1 0.25
vt 0.1 0.2
vt 0.1 0.15
vt 0.1 0.1
vt 0.1 0.05000001
vt 0.1 0
vt 0.1 0.9899999
vt 0.1 0.95
vt 0.1 0.9
vt 0.1 0.85
vt 0.1 0.8
vt 0.1 0.75
vt 0.1 0.7
vt 0.1 0.65
vt 0.1 0.6
vt 0.1 0.55
vt 0.1 0.5
vt 0.1 0.45
vt 0.1 0.4
vt 0.1 0.35
vt 0.1 0.3
vt 0.1 0.25
vt 0.1 0.2
vt 0.1 0.15
vt 0.1 0.1
vt 0.1 0.05000001
vt 0.1 0
vt 0.15 0.9899999
vt 0.15 0.95
vt 0.15 0.9
vt 0.15 0.85
vt 0.15 0.8
vt 0.15 0.75
vt 0.15 0.7
vt 0.15 0.65
vt 0.15 0.6
vt 0.15 0.55
vt 0.15 0.5
vt 0.15 0.45
vt 0.15 0.4
vt 0.15 0.35
vt 0.15 0.3
vt 0.15 0.25
vt 0.15 0.2
vt 0.15 0.15
vt 0.15 0.1
vt 0.15 0.05000001
vt 0.15 0
vt 0.2 0.9899999
vt 0.05 0.9899999
vt 0.1 0.9899999
vt 0.15 0.9899999
vt 0.2 0
vt 0.05 0
vt 0.1 0
vt 0.15 0
vt 0.2 0.9899999
vt 0.2 0.9583333
vt 0.2 0.9166667
vt 0.2 0.875
vt 0.2 0.8333334
vt 0.2 0.7916667
vt 0.2 0.75
vt 0.2 0.7083334
vt 0.2 0.6666666
vt 0.2 0.625
vt 0.2 0.5833334
vt 0.2 0.5416666
vt 0.2 0.5
vt 0.2 0.4583333
vt 0.2 0.4166667
vt 0.2 0.375
vt 0.2 0.3333333
vt 0.2 0.2916667
vt 0.2 0.25
vt 0.2 0.2083333
vt 0.2 0.1666667
vt 0.2 0.125
vt 0.2 0.08333331
vt 0.2 0.04166669
vt 0.2 0
vt 0 0.9899999
vt 0 0.9583333
vt 0 0.9166667
vt 0 0.875
vt 0 0.8333334
vt 0 0.7916667
vt 0 0.75
vt 0 0.7083334
vt 0 0.6666666
vt 0 0.625
vt 0 0.5833334
vt 0 0.5416666
vt 0 0.5
vt 0 0.4583333
vt 0 0.4166667
vt 0 0.375
vt 0 0.3333333
vt 0 0.2916667
vt 0 0.25
vt 0 0.2083333
vt 0 0.1666667
vt 0 0.125
vt 0 0.08333331
vt 0 0.04166669
vt 0 0
vt 0.05 0.9899999
vt 0.05 0.9583333
vt 0.05 0.9166667
vt 0.05 0.875
vt 0.05 0.8333334
vt 0.05 0.7916667
vt 0.05 0.75
vt 0.05 0.7083334
vt 0.05 0.6666666
vt 0.05 0.625
vt 0.05 0.5833334
vt 0.05 0.5416666
vt 0.05 0.5
vt 0.05 0.4583333
vt 0.05 0.4166667
vt 0.05 0.375
vt 0.05 0.3333333
vt 0.05 0.2916667
vt 0.05 0.25
vt 0.05 0.2083333
vt 0.05 0.1666667
vt 0.05 0.125
vt 0.05 0.08333331
vt 0.05 0.04166669
vt 0.05 0
vt 0.1 0.9899999
vt 0.1 0.9583333
vt 0.1 0.9166667
vt 0.1 0.875
vt 0.1 0.8333334
vt 0.1 0.7916667
vt 0.1 0.75
vt 0.1 0.7083334
vt 0.1 0.6666666
vt 0.1 0.625
vt 0.1 0.5833334
vt 0.1 0.5416666
vt 0.1 0.5
vt 0.1 0.4583333
vt 0.1 0.4166667
vt 0.1 0.375
vt 0.1 0.3333333
vt 0.1 0.2916667
vt 0.1 0.25
vt 0.1 0.2083333
vt 0.1 0.1666667
vt 0.1 0.125
vt 0.1 0.08333331
vt 0.1 0.04166669
vt 0.1 0
vt 0.1 0.9899999
vt 0.1 0.9583333
vt 0.1 0.9166667
vt 0.1 0.875
vt 0.1 0.8333334
vt 0.1 0.7916667
vt 0.1 0.75
vt 0.1 0.7083334
vt 0.1 0.6666666
vt 0.1 0.625
vt 0.1 0.5833334
vt 0.1 0.5416666
vt 0.1 0.5
vt 0.1 0.4583333
vt 0.1 0.4166667
vt 0.1 0.375
vt 0.1 0.3333333
vt 0.1 0.2916667
vt 0.1 0.25
vt 0.1 0.2083333
vt 0.1 0.1666667
vt 0.1 0.125
vt 0.1 0.08333331
vt 0.1 0.04166669
vt 0.1 0
vt 0.15 0.9899999
vt 0.15 0.9583333
vt 0.15 0.9166667
vt 0.15 0.875
vt 0.15 0.8333334
vt 0.15 0.7916667
vt 0.15 0.75
vt 0.15 0.7083334
vt 0.15 0.6666666
vt 0.15 0.625
vt 0.15 0.5833334
vt 0.15 0.5416666
vt 0.15 0.5
vt 0.15 0.4583333
vt 0.15 0.4166667
vt 0.15 0.375
vt 0.15 0.3333333
vt 0.15 0.2916667
vt 0.15 0.25
vt 0.15 0.2083333
vt 0.15 0.1666667
vt 0.15 0.125
vt 0.15 0.08333331
vt 0.15 0.04166669
vt 0.15 0
vt 0.2 0.9899999
vt 0.05 0.9899999
vt 0.1 0.9899999
vt 0.15 0.9899999
vt 0.2 0
vt 0.05 0
vt 0.1 0
vt 0.15 0
vt 0.2 0.9899999
vt 0.2 0.9583333
vt 0.2 0.9166667
vt 0.2 0.875
vt 0.2 0.8333334
vt 0.2 0.7916667
vt 0.2 0.75
vt 0.2 0.7083334
vt 0.2 0.6666666
vt 0.2 0.625
vt 0.2 0.5833334
vt 0.2 0.5416666
vt 0.2 0.5
vt 0.2 0.4583333
vt 0.2 0.4166667
vt 0.2 0.375
vt 0.2 0.3333333
vt 0.2 0.2916667
vt 0.2 0.25
vt 0.2 0.2083333
vt 0.2 0.1666667
vt 0.2 0.125
vt 0.2 0.08333331
vt 0.2 0.04166669
vt 0.2 0
vt 0 0.9899999
vt 0 0.9583333
vt 0 0.9166667
vt 0 0.875
vt 0 0.8333334
vt 0 0.7916667
vt 0 0.75
vt 0 0.7083334
vt 0 0.6666666
vt 0 0.625
vt 0 0.5833334
vt 0 0.5416666
vt 0 0.5
vt 0 0.4583333
vt 0 0.4166667
vt 0 0.375
vt 0 0.3333333
vt 0 0.2916667
vt 0 0.25
vt 0 0.2083333
vt 0 0.1666667
vt 0 0.125
vt 0 0.08333331
vt 0 0.04166669
vt 0 0
vt 0.05 0.9899999
vt 0.05 0.9583333
vt 0.05 0.9166667
vt 0.05 0.875
vt 0.05 0.8333334
vt 0.05 0.7916667
vt 0.05 0.75
vt 0.05 0.7083334
vt 0.05 0.6666666
vt 0.05 0.625
vt 0.05 0.5833334
vt 0.05 0.5416666
vt 0.05 0.5
vt 0.05 0.4583333
vt 0.05 0.4166667
vt 0.05 0.375
vt 0.05 0.3333333
vt 0.05 0.2916667
vt 0.05 0.25
vt 0.05 0.2083333
vt 0.05 0.1666667
vt 0.05 0.125
vt 0.05 0.08333331
vt 0.05 0.04166669
vt 0.05 0
vt 0.1 0.9899999
vt 0.1 0.9583333
vt 0.1 0.9166667
vt 0.1 0.875
vt 0.1 0.8333334
vt 0.1 0.7916667
vt 0.1 0.75
vt 0.1 0.7083334
vt 0.1 0.6666666
vt 0.1 0.625
vt 0.1 0.5833334
vt 0.1 0.5416666
vt 0.1 0.5
vt 0.1 0.4583333
vt 0.1 0.4166667
vt 0.1 0.375
vt 0.1 0.3333333
vt 0.1 0.2916667
vt 0.1 0.25
vt 0.1 0.2083333
vt 0.1 0.1666667
vt 0.1 0.125
vt 0.1 0.08333331
vt 0.1 0.04166669
vt 0.1 0
vt 0.1 0.9899999
vt 0.1 0.9583333
vt 0.1 0.9166667
vt 0.1 0.875
vt 0.1 0.8333334
vt 0.1 0.7916667
vt 0.1 0.75
vt 0.1 0.7083334
vt 0.1 0.6666666
vt 0.1 0.625
vt 0.1 0.5833334
vt 0.1 0.5416666
vt 0.1 0.5
vt 0.1 0.4583333
vt 0.1 0.4166667
vt 0.1 0.375
vt 0.1 0.3333333
vt 0.1 0.2916667
vt 0.1 0.25
vt 0.1 0.2083333
vt 0.1 0.1666667
vt 0.1 0.125
vt 0.1 0.08333331
vt 0.1 0.04166669
vt 0.1 0
vt 0.15 0.9899999
vt 0.15 0.9583333
vt 0.15 0.9166667
vt 0.15 0.875
vt 0.15 0.8333334
vt 0.15 0.7916667
vt 0.15 0.75
vt 0.15 0.7083334
vt 0.15 0.6666666
vt 0.15 0.625
vt 0.15 0.5833334
vt 0.15 0.5416666
vt 0.15 0.5
vt 0.15 0.4583333
vt 0.15 0.4166667
vt 0.15 0.375
vt 0.15 0.3333333
vt 0.15 0.2916667
vt 0.15 0.25
vt 0.15 0.2083333
vt 0.15 0.1666667
vt 0.15 0.125
vt 0.15 0.08333331
vt 0.15 0.04166669
vt 0.15 0
vt 0.2 0.9899999
vt 0.05 0.9899999
vt 0.1 0.9899999
vt 0.15 0.9899999
vt 0.2 0
vt 0.05 0
vt 0.1 0
vt 0.15 0
vt 0.2 0.9899999
vt 0.2 0.875
vt 0.2 0.75
vt 0.2 0.625
vt 0.2 0.5
vt 0.2 0.375
vt 0.2 0.25
vt 0.2 0.125
vt 0.2 0
vt 0 0.9899999
vt 0 0.875
vt 0 0.75
vt 0 0.625
vt 0 0.5
vt 0 0.375
vt 0 0.25
vt 0 0.125
vt 0 0
vt 0.05 0.9899999
vt 0.05 0.875
vt 0.05 0.75
vt 0.05 0.625
vt 0.05 0.5
vt 0.05 0.375
vt 0.05 0.25
vt 0.05 0.125
vt 0.05 0
vt 0.1 0.9899999
vt 0.1 0.875
vt 0.1 0.75
vt 0.1 0.625
vt 0.1 0.5
vt 0.1 0.375
vt 0.1 0.25
vt 0.1 0.125
vt 0.1 0
vt 0.1 0.9899999
vt 0.1 0.875
vt 0.1 0.75
vt 0.1 0.625
vt 0.1 0.5
vt 0.1 0.375
vt 0.1 0.25
vt 0.1 0.125
vt 0.1 0
vt 0.15 0.9899999
vt 0.15 0.875
vt 0.15 0.75
vt 0.15 0.625
vt 0.15 0.5
vt 0.15 0.375
vt 0.15 0.25
vt 0.15 0.125
vt 0.15 0
vt 0.2 0.9899999
vt 0.05 0.9899999
vt 0.1 0.9899999
vt 0.15 0.9899999
vt 0.2 0
vt 0.05 0
vt 0.1 0
vt 0.15 0
vt 0.2 0.9899999
vt 0.2 0.9848485
vt 0.2 0.969697
vt 0.2 0.9545454
vt 0.2 0.9393939
vt 0.2 0.9242424
vt 0.2 0.9090908
vt 0.2 0.8939394
vt 0.2 0.8787879
vt 0.2 0.8636364
vt 0.2 0.8484849
vt 0.2 0.8333334
vt 0.2 0.8181818
vt 0.2 0.8030303
vt 0.2 0.7878788
vt 0.2 0.7727273
vt 0.2 0.7575758
vt 0.2 0.7424242
vt 0.2 0.7272727
vt 0.2 0.7121212
vt 0.2 0.6969697
vt 0.2 0.6818182
vt 0.2 0.6666666
vt 0.2 0.6515151
vt 0.2 0.6363636
vt 0.2 0.6212121
vt 0.2 0.6060606
vt 0.2 0.5909091
vt 0.2 0.5757576
vt 0.2 0.5606061
vt 0.2 0.5454545
vt 0.2 0.530303
vt 0.2 0.5151515
vt 0.2 0.5
vt 0.2 0.4848485
vt 0.2 0.469697
vt 0.2 0.4545454
vt 0.2 0.4393939
vt 0.2 0.4242424
vt 0.2 0.4090909
vt 0.2 0.3939394
vt 0.2 0.3787879
vt 0.2 0.3636364
vt 0.2 0.3484849
vt 0.2 0.3333333
vt 0.2 0.3181818
vt 0.2 0.3030303
vt 0.2 0.2878788
vt 0.2 0.2727273
vt 0.2 0.2575758
vt 0.2 0.2424242
vt 0.2 0.2272727
vt 0.2 0.2121212
vt 0.2 0.1969697
vt 0.2 0.1818182
vt 0.2 0.1666667
vt 0.2 0.1515151
vt 0.2 0.1363636
vt 0.2 0.1212121
vt 0.2 0.1060606
vt 0.2 0.09090906
vt 0.2 0.07575756
vt 0.2 0.06060606
vt 0.2 0.04545456
vt 0.2 0.030303
vt 0.2 0.0151515
vt 0.2 0
vt 0 0.9899999
vt 0 0.9848485
vt 0 0.969697
vt 0 0.9545454
vt 0 0.9393939
vt 0 0.9242424
vt 0 0.9090908
vt 0 0.8939394
vt 0 0.8787879
vt 0 0.8636364
vt 0 0.8484849
vt 0 0.8333334
vt 0 0.8181818
vt 0 0.8030303
vt 0 0.7878788
vt 0 0.7727273
vt 0 0.7575758
vt 0 0.7424242
vt 0 0.7272727
vt 0 0.7121212
vt 0 0.6969697
vt 0 0.6818182
vt 0 0.6666666
vt 0 0.6515151
vt 0 0.6363636
vt 0 0.6212121
vt 0 0.6060606
vt 0 0.5909091
vt 0 0.5757576
vt 0 0.5606061
vt 0 0.5454545
vt 0 0.530303
vt 0 0.5151515
vt 0 0.5
vt 0 0.4848485
vt 0 0.469697
vt 0 0.4545454
vt 0 0.4393939
vt 0 0.4242424
vt 0 0.4090909
vt 0 0.3939394
vt 0 0.3787879
vt 0 0.3636364
vt 0 0.3484849
vt 0 0.3333333
vt 0 0.3181818
vt 0 0.3030303
vt 0 0.2878788
vt 0 0.2727273
vt 0 0.2575758
vt 0 0.2424242
vt 0 0.2272727
vt 0 0.2121212
vt 0 0.1969697
vt 0 0.1818182
vt 0 0.1666667
vt 0 0.1515151
vt 0 0.1363636
vt 0 0.1212121
vt 0 0.1060606
vt 0 0.09090906
vt 0 0.07575756
vt 0 0.06060606
vt 0 0.04545456
vt 0 0.030303
vt 0 0.0151515
vt 0 0
vt 0.05 0.9899999
vt 0.05 0.9848485
vt 0.05 0.969697
vt 0.05 0.9545454
vt 0.05 0.9393939
vt 0.05 0.9242424
vt 0.05 0.9090908
vt 0.05 0.8939394
vt 0.05 0.8787879
vt 0.05 0.8636364
vt 0.05 0.8484849
vt 0.05 0.8333334
vt 0.05 0.8181818
vt 0.05 0.8030303
vt 0.05 0.7878788
vt 0.05 0.7727273
vt 0.05 0.7575758
vt 0.05 0.7424242
vt 0.05 0.7272727
vt 0.05 0.7121212
vt 0.05 0.6969697
vt 0.05 0.6818182
vt 0.05 0.6666666
vt 0.05 0.6515151
vt 0.05 0.6363636
vt 0.05 0.6212121
vt 0.05 0.6060606
vt 0.05 0.5909091
vt 0.05 0.5757576
vt 0.05 0.5606061
vt 0.05 0.5454545
vt 0.05 0.530303
vt 0.05 0.5151515
vt 0.05 0.5
vt 0.05 0.4848485
vt 0.05 0.469697
vt 0.05 0.4545454
vt 0.05 0.4393939
vt 0.05 0.4242424
vt 0.05 0.4090909
vt 0.05 0.3939394
vt 0.05 0.3787879
vt 0.05 0.3636364
vt 0.05 0.3484849
vt 0.05 0.3333333
vt 0.05 0.3181818
vt 0.05 0.3030303
vt 0.05 0.2878788
vt 0.05 0.2727273
vt 0.05 0.2575758
vt 0.05 0.2424242
vt 0.05 0.2272727
vt 0.05 0.2121212
vt 0.05 0.1969697
vt 0.05 0.1818182
vt 0.05 0.1666667
vt 0.05 0.1515151
vt 0.05 0.1363636
vt 0.05 0.1212121
vt 0.05 0.1060606
vt 0.05 0.09090906
vt 0.05 0.07575756
vt 0.05 0.06060606
vt 0.05 0.04545456
vt 0.05 0.030303
vt 0.05 0.0151515
vt 0.05 0
vt 0.1 0.9899999
vt 0.1 0.9848485
vt 0.1 0.969697
vt 0.1 0.9545454
vt 0.1 0.9393939
vt 0.1 0.9242424
vt 0.1 0.9090908
vt 0.1 0.8939394
vt 0.1 0.8787879
vt 0.1 0.8636364
vt 0.1 0.8484849
vt 0.1 0.8333334
vt 0.1 0.8181818
vt 0.1 0.8030303
vt 0.1 0.7878788
vt 0.1 0.7727273
vt 0.1 0.7575758
vt 0.1 0.7424242
vt 0.1 0.7272727
vt 0.1 0.7121212
vt 0.1 0.6969697
vt 0.1 0.6818182
vt 0.1 0.6666666
vt 0.1 0.6515151
vt 0.1 0.6363636
vt 0.1 0.6212121
vt 0.1 0.6060606
vt 0.1 0.5909091
vt 0.1 0.5757576
vt 0.1 0.5606061
vt 0.1 0.5454545
vt 0.1 0.530303
vt 0.1 0.5151515
vt 0.1 0.5
vt 0.1 0.4848485
vt 0.1 0.469697
vt 0.1 0.4545454
vt 0.1 0.4393939
vt 0.1 0.4242424
vt 0.1 0.4090909
vt 0.1 0.3939394
vt 0.1 0.3787879
vt 0.1 0.3636364
vt 0.1 0.3484849
vt 0.1 0.3333333
vt 0.1 0.3181818
vt 0.1 0.3030303
vt 0.1 0.2878788
vt 0.1 0.2727273
vt 0.1 0.2575758
vt 0.1 0.2424242
vt 0.1 0.2272727
vt 0.1 0.2121212
vt 0.1 0.1969697
vt 0.1 0.1818182
vt 0.1 0.1666667
vt 0.1 0.1515151
vt 0.1 0.1363636
vt 0.1 0.1212121
vt 0.1 0.1060606
vt 0.1 0.09090906
vt 0.1 0.07575756
vt 0.1 0.06060606
vt 0.1 0.04545456
vt 0.1 0.030303
vt 0.1 0.0151515
vt 0.1 0
vt 0.1 0.9899999
vt 0.1 0.9848485
vt 0.1 0.969697
vt 0.1 0.9545454
vt 0.1 0.9393939
vt 0.1 0.9242424
vt 0.1 0.9090908
vt 0.1 0.8939394
vt 0.1 0.8787879
vt 0.1 0.8636364
vt 0.1 0.8484849
vt 0.1 0.8333334
vt 0.1 0.8181818
vt 0.1 0.8030303
vt 0.1 0.7878788
vt 0.1 0.7727273
vt 0.1 0.7575758
vt 0.1 0.7424242
vt 0.1 0.7272727
vt 0.1 0.7121212
vt 0.1 0.6969697
vt 0.1 0.6818182
vt 0.1 0.6666666
vt 0.1 0.6515151
vt 0.1 0.6363636
vt 0.1 0.6212121
vt 0.1 0.6060606
vt 0.1 0.5909091
vt 0.1 0.5757576
vt 0.1 0.5606061
vt 0.1 0.5454545
vt 0.1 0.530303
vt 0.1 0.5151515
vt 0.1 0.5
vt 0.1 0.4848485
vt 0.1 0.469697
vt 0.1 0.4545454
vt 0.1 0.4393939
vt 0.1 0.4242424
vt 0.1 0.4090909
vt 0.1 0.3939394
vt 0.1 0.3787879
vt 0.1 0.3636364
vt 0.1 0.3484849
vt 0.1 0.3333333
vt 0.1 0.3181818
vt 0.1 0.3030303
vt 0.1 0.2878788
vt 0.1 0.2727273
vt 0.1 0.2575758
vt 0.1 0.2424242
vt 0.1 0.2272727
vt 0.1 0.2121212
vt 0.1 0.1969697
vt 0.1 0.1818182
vt 0.1 0.1666667
vt 0.1 0.1515151
vt 0.1 0.1363636
vt 0.1 0.1212121
vt 0.1 0.1060606
vt 0.1 0.09090906
vt 0.1 0.07575756
vt 0.1 0.06060606
vt 0.1 0.04545456
vt 0.1 0.030303
vt 0.1 0.0151515
vt 0.1 0
vt 0.15 0.9899999
vt 0.15 0.9848485
vt 0.15 0.969697
vt 0.15 0.9545454
vt 0.15 0.9393939
vt 0.15 0.9242424
vt 0.15 0.9090908
vt 0.15 0.8939394
vt 0.15 0.8787879
vt 0.15 0.8636364
vt 0.15 0.8484849
vt 0.15 0.8333334
vt 0.15 0.8181818
vt 0.15 0.8030303
vt 0.15 0.7878788
vt 0.15 0.7727273
vt 0.15 0.7575758
vt 0.15 0.7424242
vt 0.15 0.7272727
vt 0.15 0.7121212
vt 0.15 0.6969697
vt 0.15 0.6818182
vt 0.15 0.6666666
vt 0.15 0.6515151
vt 0.15 0.6363636
vt 0.15 0.6212121
vt 0.15 0.6060606
vt 0.15 0.5909091
vt 0.15 0.5757576
vt 0.15 0.5606061
vt 0.15 0.5454545
vt 0.15 0.530303
vt 0.15 0.5151515
vt 0.15 0.5
vt 0.15 0.4848485
vt 0.15 0.469697
vt 0.15 0.4545454
vt 0.15 0.4393939
vt 0.15 0.4242424
vt 0.15 0.4090909
vt 0.15 0.3939394
vt 0.15 0.3787879
vt 0.15 0.3636364
vt 0.15 0.3484849
vt 0.15 0.3333333
vt 0.15 0.3181818
vt 0.15 0.3030303
vt 0.15 0.2878788
vt 0.15 0.2727273
vt 0.15 0.2575758
vt 0.15 0.2424242
vt 0.15 0.2272727
vt 0.15 0.2121212
vt 0.15 0.1969697
vt 0.15 0.1818182
vt 0.15 0.1666667
vt 0.15 0.1515151
vt 0.15 0.1363636
vt 0.15 0.1212121
vt 0.15 0.1060606
vt 0.15 0.09090906
vt 0.15 0.07575756
vt 0.15 0.06060606
vt 0.15 0.04545456
vt 0.15 0.030303
vt 0.15 0.0151515
vt 0.15 0
vt 0.2 0.9899999
vt 0.05 0.9899999
vt 0.1 0.9899999
vt 0.15 0.9899999
vt 0.2 0
vt 0.05 0
vt 0.1 0
vt 0.15 0
vt 0.2 0.9899999
vt 0.2 0.9848485
vt 0.2 0.969697
vt 0.2 0.9545454
vt 0.2 0.9393939
vt 0.2 0.9242424
vt 0.2 0.9090908
vt 0.2 0.8939394
vt 0.2 0.8787879
vt 0.2 0.8636364
vt 0.2 0.8484849
vt 0.2 0.8333334
vt 0.2 0.8181818
vt 0.2 0.8030303
vt 0.2 0.7878788
vt 0.2 0.7727273
vt 0.2 0.7575758
vt 0.2 0.7424242
vt 0.2 0.7272727
vt 0.2 0.7121212
vt 0.2 0.6969697
vt 0.2 0.6818182
vt 0.2 0.6666666
vt 0.2 0.6515151
vt 0.2 0.6363636
vt 0.2 0.6212121
vt 0.2 0.6060606
vt 0.2 0.5909091
vt 0.2 0.5757576
vt 0.2 0.5606061
vt 0.2 0.5454545
vt 0.2 0.530303
vt 0.2 0.5151515
vt 0.2 0.5
vt 0.2 0.4848485
vt 0.2 0.469697
vt 0.2 0.4545454
vt 0.2 0.4393939
vt 0.2 0.4242424
vt 0.2 0.4090909
vt 0.2 0.3939394
vt 0.2 0.3787879
vt 0.2 0.3636364
vt 0.2 0.3484849
vt 0.2 0.3333333
vt 0.2 0.3181818
vt 0.2 0.3030303
vt 0.2 0.2878788
vt 0.2 0.2727273
vt 0.2 0.2575758
vt 0.2 0.2424242
vt 0.2 0.2272727
vt 0.2 0.2121212
vt 0.2 0.1969697
vt 0.2 0.1818182
vt 0.2 0.1666667
vt 0.2 0.1515151
vt 0.2 0.1363636
vt 0.2 0.1212121
vt 0.2 0.1060606
vt 0.2 0.09090906
vt 0.2 0.07575756
vt 0.2 0.06060606
vt 0.2 0.04545456
vt 0.2 0.030303
vt 0.2 0.0151515
vt 0.2 0
vt 0 0.9899999
vt 0 0.9848485
vt 0 0.969697
vt 0 0.9545454
vt 0 0.9393939
vt 0 0.9242424
vt 0 0.9090908
vt 0 0.8939394
vt 0 0.8787879
vt 0 0.8636364
vt 0 0.8484849
vt 0 0.8333334
vt 0 0.8181818
vt 0 0.8030303
vt 0 0.7878788
vt 0 0.7727273
vt 0 0.7575758
vt 0 0.7424242
vt 0 0.7272727
vt 0 0.7121212
vt 0 0.6969697
vt 0 0.6818182
vt 0 0.6666666
vt 0 0.6515151
vt 0 0.6363636
vt 0 0.6212121
vt 0 0.6060606
vt 0 0.5909091
vt 0 0.5757576
vt 0 0.5606061
vt 0 0.5454545
vt 0 0.530303
vt 0 0.5151515
vt 0 0.5
vt 0 0.4848485
vt 0 0.469697
vt 0 0.4545454
vt 0 0.4393939
vt 0 0.4242424
vt 0 0.4090909
vt 0 0.3939394
vt 0 0.3787879
vt 0 0.3636364
vt 0 0.3484849
vt 0 0.3333333
vt 0 0.3181818
vt 0 0.3030303
vt 0 0.2878788
vt 0 0.2727273
vt 0 0.2575758
vt 0 0.2424242
vt 0 0.2272727
vt 0 0.2121212
vt 0 0.1969697
vt 0 0.1818182
vt 0 0.1666667
vt 0 0.1515151
vt 0 0.1363636
vt 0 0.1212121
vt 0 0.1060606
vt 0 0.09090906
vt 0 0.07575756
vt 0 0.06060606
vt 0 0.04545456
vt 0 0.030303
vt 0 0.0151515
vt 0 0
vt 0.05 0.9899999
vt 0.05 0.9848485
vt 0.05 0.969697
vt 0.05 0.9545454
vt 0.05 0.9393939
vt 0.05 0.9242424
vt 0.05 0.9090908
vt 0.05 0.8939394
vt 0.05 0.8787879
vt 0.05 0.8636364
vt 0.05 0.8484849
vt 0.05 0.8333334
vt 0.05 0.8181818
vt 0.05 0.8030303
vt 0.05 0.7878788
vt 0.05 0.7727273
vt 0.05 0.7575758
vt 0.05 0.7424242
vt 0.05 0.7272727
vt 0.05 0.7121212
vt 0.05 0.6969697
vt 0.05 0.6818182
vt 0.05 0.6666666
vt 0.05 0.6515151
vt 0.05 0.6363636
vt 0.05 0.6212121
vt 0.05 0.6060606
vt 0.05 0.5909091
vt 0.05 0.5757576
vt 0.05 0.5606061
vt 0.05 0.5454545
vt 0.05 0.530303
vt 0.05 0.5151515
vt 0.05 0.5
vt 0.05 0.4848485
vt 0.05 0.469697
vt 0.05 0.4545454
vt 0.05 0.4393939
vt 0.05 0.4242424
vt 0.05 0.4090909
vt 0.05 0.3939394
vt 0.05 0.3787879
vt 0.05 0.3636364
vt 0.05 0.3484849
vt 0.05 0.3333333
vt 0.05 0.3181818
vt 0.05 0.3030303
vt 0.05 0.2878788
vt 0.05 0.2727273
vt 0.05 0.2575758
vt 0.05 0.2424242
vt 0.05 0.2272727
vt 0.05 0.2121212
vt 0.05 0.1969697
vt 0.05 0.1818182
vt 0.05 0.1666667
vt 0.05 0.1515151
vt 0.05 0.1363636
vt 0.05 0.1212121
vt 0.05 0.1060606
vt 0.05 0.09090906
vt 0.05 0.07575756
vt 0.05 0.06060606
vt 0.05 0.04545456
vt 0.05 0.030303
vt 0.05 0.0151515
vt 0.05 0
vt 0.1 0.9899999
vt 0.1 0.9848485
vt 0.1 0.969697
vt 0.1 0.9545454
vt 0.1 0.9393939
vt 0.1 0.9242424
vt 0.1 0.9090908
vt 0.1 0.8939394
vt 0.1 0.8787879
vt 0.1 0.8636364
vt 0.1 0.8484849
vt 0.1 0.8333334
vt 0.1 0.8181818
vt 0.1 0.8030303
vt 0.1 0.7878788
vt 0.1 0.7727273
vt 0.1 0.7575758
vt 0.1 0.7424242
vt 0.1 0.7272727
vt 0.1 0.7121212
vt 0.1 0.6969697
vt 0.1 0.6818182
vt 0.1 0.6666666
vt 0.1 0.6515151
vt 0.1 0.6363636
vt 0.1 0.6212121
vt 0.1 0.6060606
vt 0.1 0.5909091
vt 0.1 0.5757576
vt 0.1 0.5606061
vt 0.1 0.5454545
vt 0.1 0.530303
vt 0.1 0.5151515
vt 0.1 0.5
vt 0.1 0.4848485
vt 0.1 0.469697
vt 0.1 0.4545454
vt 0.1 0.4393939
vt 0.1 0.4242424
vt 0.1 0.4090909
vt 0.1 0.3939394
vt 0.1 0.3787879
vt 0.1 0.3636364
vt 0.1 0.3484849
vt 0.1 0.3333333
vt 0.1 0.3181818
vt 0.1 0.3030303
vt 0.1 0.2878788
vt 0.1 0.2727273
vt 0.1 0.2575758
vt 0.1 0.2424242
vt 0.1 0.2272727
vt 0.1 0.2121212
vt 0.1 0.1969697
vt 0.1 0.1818182
vt 0.1 0.1666667
vt 0.1 0.1515151
vt 0.1 0.1363636
vt 0.1 0.1212121
vt 0.1 0.1060606
vt 0.1 0.09090906
vt 0.1 0.07575756
vt 0.1 0.06060606
vt 0.1 0.04545456
vt 0.1 0.030303
vt 0.1 0.0151515
vt 0.1 0
vt 0.1 0.9899999
vt 0.1 0.9848485
vt 0.1 0.969697
vt 0.1 0.9545454
vt 0.1 0.9393939
vt 0.1 0.9242424
vt 0.1 0.9090908
vt 0.1 0.8939394
vt 0.1 0.8787879
vt 0.1 0.8636364
vt 0.1 0.8484849
vt 0.1 0.8333334
vt 0.1 0.8181818
vt 0.1 0.8030303
vt 0.1 0.7878788
vt 0.1 0.7727273
vt 0.1 0.7575758
vt 0.1 0.7424242
vt 0.1 0.7272727
vt 0.1 0.7121212
vt 0.1 0.6969697
vt 0.1 0.6818182
vt 0.1 0.6666666
vt 0.1 0.6515151
vt 0.1 0.6363636
vt 0.1 0.6212121
vt 0.1 0.6060606
vt 0.1 0.5909091
vt 0.1 0.5757576
vt 0.1 0.5606061
vt 0.1 0.5454545
vt 0.1 0.530303
vt 0.1 0.5151515
vt 0.1 0.5
vt 0.1 0.4848485
vt 0.1 0.469697
vt 0.1 0.4545454
vt 0.1 0.4393939
vt 0.1 0.4242424
vt 0.1 0.4090909
vt 0.1 0.3939394
vt 0.1 0.3787879
vt 0.1 0.3636364
vt 0.1 0.3484849
vt 0.1 0.3333333
vt 0.1 0.3181818
vt 0.1 0.3030303
vt 0.1 0.2878788
vt 0.1 0.2727273
vt 0.1 0.2575758
vt 0.1 0.2424242
vt 0.1 0.2272727
vt 0.1 0.2121212
vt 0.1 0.1969697
vt 0.1 0.1818182
vt 0.1 0.1666667
vt 0.1 0.1515151
vt 0.1 0.1363636
vt 0.1 0.1212121
vt 0.1 0.1060606
vt 0.1 0.09090906
vt 0.1 0.07575756
vt 0.1 0.06060606
vt 0.1 0.04545456
vt 0.1 0.030303
vt 0.1 0.0151515
vt 0.1 0
vt 0.15 0.9899999
vt 0.15 0.9848485
vt 0.15 0.969697
vt 0.15 0.9545454
vt 0.15 0.9393939
vt 0.15 0.9242424
vt 0.15 0.9090908
vt 0.15 0.8939394
vt 0.15 0.8787879
vt 0.15 0.8636364
vt 0.15 0.8484849
vt 0.15 0.8333334
vt 0.15 0.8181818
vt 0.15 0.8030303
vt 0.15 0.7878788
vt 0.15 0.7727273
vt 0.15 0.7575758
vt 0.15 0.7424242
vt 0.15 0.7272727
vt 0.15 0.7121212
vt 0.15 0.6969697
vt 0.15 0.6818182
vt 0.15 0.6666666
vt 0.15 0.6515151
vt 0.15 0.6363636
vt 0.15 0.6212121
vt 0.15 0.6060606
vt 0.15 0.5909091
vt 0.15 0.5757576
vt 0.15 0.5606061
vt 0.15 0.5454545
vt 0.15 0.530303
vt 0.15 0.5151515
vt 0.15 0.5
vt 0.15 0.4848485
vt 0.15 0.469697
vt 0.15 0.4545454
vt 0.15 0.4393939
vt 0.15 0.4242424
vt 0.15 0.4090909
vt 0.15 0.3939394
vt 0.15 0.3787879
vt 0.15 0.3636364
vt 0.15 0.3484849
vt 0.15 0.3333333
vt 0.15 0.3181818
vt 0.15 0.3030303
vt 0.15 0.2878788
vt 0.15 0.2727273
vt 0.15 0.2575758
vt 0.15 0.2424242
vt 0.15 0.2272727
vt 0.15 0.2121212
vt 0.15 0.1969697
vt 0.15 0.1818182
vt 0.15 0.1666667
vt 0.15 0.1515151
vt 0.15 0.1363636
vt 0.15 0.1212121
vt 0.15 0.1060606
vt 0.15 0.09090906
vt 0.15 0.07575756
vt 0.15 0.06060606
vt 0.15 0.04545456
vt 0.15 0.030303
vt 0.15 0.0151515
vt 0.15 0
vt 0.2 0.9899999
vt 0.05 0.9899999
vt 0.1 0.9899999
vt 0.15 0.9899999
vt 0.2 0
vt 0.05 0
vt 0.1 0
vt 0.15 0
vt 0.2 0.9899999
vt 0.2 0.9850746
vt 0.2 0.9701493
vt 0.2 0.9552238
vt 0.2 0.9402985
vt 0.2 0.9253731
vt 0.2 0.9104478
vt 0.2 0.8955224
vt 0.2 0.880597
vt 0.2 0.8656716
vt 0.2 0.8507463
vt 0.2 0.8358209
vt 0.2 0.8208956
vt 0.2 0.8059701
vt 0.2 0.7910448
vt 0.2 0.7761194
vt 0.2 0.761194
vt 0.2 0.7462686
vt 0.2 0.7313433
vt 0.2 0.7164179
vt 0.2 0.7014925
vt 0.2 0.6865672
vt 0.2 0.6716418
vt 0.2 0.6567165
vt 0.2 0.641791
vt 0.2 0.6268656
vt 0.2 0.6119403
vt 0.2 0.5970149
vt 0.2 0.5820895
vt 0.2 0.5671642
vt 0.2 0.5522388
vt 0.2 0.5373135
vt 0.2 0.5223881
vt 0.2 0.5074627
vt 0.2 0.4925373
vt 0.2 0.477612
vt 0.2 0.4626865
vt 0.2 0.4477612
vt 0.2 0.4328358
vt 0.2 0.4179105
vt 0.2 0.4029851
vt 0.2 0.3880597
vt 0.2 0.3731343
vt 0.2 0.358209
vt 0.2 0.3432836
vt 0.2 0.3283583
vt 0.2 0.3134328
vt 0.2 0.2985075
vt 0.2 0.2835821
vt 0.2 0.2686567
vt 0.2 0.2537314
vt 0.2 0.2388059
vt 0.2 0.2238806
vt 0.2 0.2089552
vt 0.2 0.1940299
vt 0.2 0.1791045
vt 0.2 0.1641791
vt 0.2 0.1492537
vt 0.2 0.1343284
vt 0.2 0.119403
vt 0.2 0.1044776
vt 0.2 0.08955222
vt 0.2 0.07462686
vt 0.2 0.0597015
vt 0.2 0.04477614
vt 0.2 0.02985072
vt 0.2 0.01492536
vt 0.2 0
vt 0 0.9899999
vt 0 0.9850746
vt 0 0.9701493
vt 0 0.9552238
vt 0 0.9402985
vt 0 0.9253731
vt 0 0.9104478
vt 0 0.8955224
vt 0 0.880597
vt 0 0.8656716
vt 0 0.8507463
vt 0 0.8358209
vt 0 0.8208956
vt 0 0.8059701
vt 0 0.7910448
vt 0 0.7761194
vt 0 0.761194
vt 0 0.7462686
vt 0 0.7313433
vt 0 0.7164179
vt 0 0.7014925
vt 0 0.6865672
vt 0 0.6716418
vt 0 0.6567165
vt 0 0.641791
vt 0 0.6268656
vt 0 0.6119403
vt 0 0.5970149
vt 0 0.5820895
vt 0 0.5671642
vt 0 0.5522388
vt 0 0.5373135
vt 0 0.5223881
vt 0 0.5074627
vt 0 0.4925373
vt 0 0.477612
vt 0 0.4626865
vt 0 0.4477612
vt 0 0.4328358
vt 0 0.4179105
vt 0 0.4029851
vt 0 0.3880597
vt 0 0.3731343
vt 0 0.358209
vt 0 0.3432836
vt 0 0.3283583
vt 0 0.3134328
vt 0 0.2985075
vt 0 0.2835821
vt 0 0.2686567
vt 0 0.2537314
vt 0 0.2388059
vt 0 0.2238806
vt 0 0.2089552
vt 0 0.1940299
vt 0 0.1791045
vt 0 0.1641791
vt 0 0.1492537
vt 0 0.1343284
vt 0 0.119403
vt 0 0.1044776
vt 0 0.08955222
vt 0 0.07462686
vt 0 0.0597015
vt 0 0.04477614
vt 0 0.02985072
vt 0 0.01492536
vt 0 0
vt 0.05 0.9899999
vt 0.05 0.9850746
vt 0.05 0.9701493
vt 0.05 0.9552238
vt 0.05 0.9402985
vt 0.05 0.9253731
vt 0.05 0.9104478
vt 0.05 0.8955224
vt 0.05 0.880597
vt 0.05 0.8656716
vt 0.05 0.8507463
vt 0.05 0.8358209
vt 0.05 0.8208956
vt 0.05 0.8059701
vt 0.05 0.7910448
vt 0.05 0.7761194
vt 0.05 0.761194
vt 0.05 0.7462686
vt 0.05 0.7313433
vt 0.05 0.7164179
vt 0.05 0.7014925
vt 0.05 0.6865672
vt 0.05 0.6716418
vt 0.05 0.6567165
vt 0.05 0.641791
vt 0.05 0.6268656
vt 0.05 0.6119403
vt 0.05 0.5970149
vt 0.05 0.5820895
vt 0.05 0.5671642
vt 0.05 0.5522388
vt 0.05 0.5373135
vt 0.05 0.5223881
vt 0.05 0.5074627
vt 0.05 0.4925373
vt 0.05 0.477612
vt 0.05 0.4626865
vt 0.05 0.4477612
vt 0.05 0.4328358
vt 0.05 0.4179105
vt 0.05 0.4029851
vt 0.05 0.3880597
vt 0.05 0.3731343
vt 0.05 0.358209
vt 0.05 0.3432836
vt 0.05 0.3283583
vt 0.05 0.3134328
vt 0.05 0.2985075
vt 0.05 0.2835821
vt 0.05 0.2686567
vt 0.05 0.2537314
vt 0.05 0.2388059
vt 0.05 0.2238806
vt 0.05 0.2089552
vt 0.05 0.1940299
vt 0.05 0.1791045
vt 0.05 0.1641791
vt 0.05 0.1492537
vt 0.05 0.1343284
vt 0.05 0.119403
vt 0.05 0.1044776
vt 0.05 0.08955222
vt 0.05 0.07462686
vt 0.05 0.0597015
vt 0.05 0.04477614
vt 0.05 0.02985072
vt 0.05 0.01492536
vt 0.05 0
vt 0.1 0.9899999
vt 0.1 0.9850746
vt 0.1 0.9701493
vt 0.1 0.9552238
vt 0.1 0.9402985
vt 0.1 0.9253731
vt 0.1 0.9104478
vt 0.1 0.8955224
vt 0.1 0.880597
vt 0.1 0.8656716
vt 0.1 0.8507463
vt 0.1 0.8358209
vt 0.1 0.8208956
vt 0.1 0.8059701
vt 0.1 0.7910448
vt 0.1 0.7761194
vt 0.1 0.761194
vt 0.1 0.7462686
vt 0.1 0.7313433
vt 0.1 0.7164179
vt 0.1 0.7014925
vt 0.1 0.6865672
vt 0.1 0.6716418
vt 0.1 0.6567165
vt 0.1 0.641791
vt 0.1 0.6268656
vt 0.1 0.6119403
vt 0.1 0.5970149
vt 0.1 0.5820895
vt 0.1 0.5671642
vt 0.1 0.5522388
vt 0.1 0.5373135
vt 0.1 0.5223881
vt 0.1 0.5074627
vt 0.1 0.4925373
vt 0.1 0.477612
vt 0.1 0.4626865
vt 0.1 0.4477612
vt 0.1 0.4328358
vt 0.1 0.4179105
vt 0.1 0.4029851
vt 0.1 0.3880597
vt 0.1 0.3731343
vt 0.1 0.358209
vt 0.1 0.3432836
vt 0.1 0.3283583
vt 0.1 0.3134328
vt 0.1 0.2985075
vt 0.1 0.2835821
vt 0.1 0.2686567
vt 0.1 0.2537314
vt 0.1 0.2388059
vt 0.1 0.2238806
vt 0.1 0.2089552
vt 0.1 0.1940299
vt 0.1 0.1791045
vt 0.1 0.1641791
vt 0.1 0.1492537
vt 0.1 0.1343284
vt 0.1 0.119403
vt 0.1 0.1044776
vt 0.1 0.08955222
vt 0.1 0.07462686
vt 0.1 0.0597015
vt 0.1 0.04477614
vt 0.1 0.02985072
vt 0.1 0.01492536
vt 0.1 0
vt 0.1 0.9899999
vt 0.1 0.9850746
vt 0.1 0.9701493
vt 0.1 0.9552238
vt 0.1 0.9402985
vt 0.1 0.9253731
vt 0.1 0.9104478
vt 0.1 0.8955224
vt 0.1 0.880597
vt 0.1 0.8656716
vt 0.1 0.8507463
vt 0.1 0.8358209
vt 0.1 0.8208956
vt 0.1 0.8059701
vt 0.1 0.7910448
vt 0.1 0.7761194
vt 0.1 0.761194
vt 0.1 0.7462686
vt 0.1 0.7313433
vt 0.1 0.7164179
vt 0.1 0.7014925
vt 0.1 0.6865672
vt 0.1 0.6716418
vt 0.1 0.6567165
vt 0.1 0.641791
vt 0.1 0.6268656
vt 0.1 0.6119403
vt 0.1 0.5970149
vt 0.1 0.5820895
vt 0.1 0.5671642
vt 0.1 0.5522388
vt 0.1 0.5373135
vt 0.1 0.5223881
vt 0.1 0.5074627
vt 0.1 0.4925373
vt 0.1 0.477612
vt 0.1 0.4626865
vt 0.1 0.4477612
vt 0.1 0.4328358
vt 0.1 0.4179105
vt 0.1 0.4029851
vt 0.1 0.3880597
vt 0.1 0.3731343
vt 0.1 0.358209
vt 0.1 0.3432836
vt 0.1 0.3283583
vt 0.1 0.3134328
vt 0.1 0.2985075
vt 0.1 0.2835821
vt 0.1 0.2686567
vt 0.1 0.2537314
vt 0.1 0.2388059
vt 0.1 0.2238806
vt 0.1 0.2089552
vt 0.1 0.1940299
vt 0.1 0.1791045
vt 0.1 0.1641791
vt 0.1 0.1492537
vt 0.1 0.1343284
vt 0.1 0.119403
vt 0.1 0.1044776
vt 0.1 0.08955222
vt 0.1 0.07462686
vt 0.1 0.0597015
vt 0.1 0.04477614
vt 0.1 0.02985072
vt 0.1 0.01492536
vt 0.1 0
vt 0.15 0.9899999
vt 0.15 0.9850746
vt 0.15 0.9701493
vt 0.15 0.9552238
vt 0.15 0.9402985
vt 0.15 0.9253731
vt 0.15 0.9104478
vt 0.15 0.8955224
vt 0.15 0.880597
vt 0.15 0.8656716
vt 0.15 0.8507463
vt 0.15 0.8358209
vt 0.15 0.8208956
vt 0.15 0.8059701
vt 0.15 0.7910448
vt 0.15 0.7761194
vt 0.15 0.761194
vt 0.15 0.7462686
vt 0.15 0.7313433
vt 0.15 0.7164179
vt 0.15 0.7014925
vt 0.15 0.6865672
vt 0.15 0.6716418
vt 0.15 0.6567165
vt 0.15 0.641791
vt 0.15 0.6268656
vt 0.15 0.6119403
vt 0.15 0.5970149
vt 0.15 0.5820895
vt 0.15 0.5671642
vt 0.15 0.5522388
vt 0.15 0.5373135
vt 0.15 0.5223881
vt 0.15 0.5074627
vt 0.15 0.4925373
vt 0.15 0.477612
vt 0.15 0.4626865
vt 0.15 0.4477612
vt 0.15 0.4328358
vt 0.15 0.4179105
vt 0.15 0.4029851
vt 0.15 0.3880597
vt 0.15 0.3731343
vt 0.15 0.358209
vt 0.15 0.3432836
vt 0.15 0.3283583
vt 0.15 0.3134328
vt 0.15 0.2985075
vt 0.15 0.2835821
vt 0.15 0.2686567
vt 0.15 0.2537314
vt 0.15 0.2388059
vt 0.15 0.2238806
vt 0.15 0.2089552
vt 0.15 0.1940299
vt 0.15 0.1791045
vt 0.15 0.1641791
vt 0.15 0.1492537
vt 0.15 0.1343284
vt 0.15 0.119403
vt 0.15 0.1044776
vt 0.15 0.08955222
vt 0.15 0.07462686
vt 0.15 0.0597015
vt 0.15 0.04477614
vt 0.15 0.02985072
vt 0.15 0.01492536
vt 0.15 0
vt 0.2 0.9899999
vt 0.05 0.9899999
vt 0.1 0.9899999
vt 0.15 0.9899999
vt 0.2 0
vt 0.05 0
vt 0.1 0
vt 0.15 0
vt 0.2 0.9899999
vt 0.2 0.9850746
vt 0.2 0.9701493
vt 0.2 0.9552238
vt 0.2 0.9402985
vt 0.2 0.9253731
vt 0.2 0.9104478
vt 0.2 0.8955224
vt 0.2 0.880597
vt 0.2 0.8656716
vt 0.2 0.8507463
vt 0.2 0.8358209
vt 0.2 0.8208956
vt 0.2 0.8059701
vt 0.2 0.7910448
vt 0.2 0.7761194
vt 0.2 0.761194
vt 0.2 0.7462686
vt 0.2 0.7313433
vt 0.2 0.7164179
vt 0.2 0.7014925
vt 0.2 0.6865672
vt 0.2 0.6716418
vt 0.2 0.6567165
vt 0.2 0.641791
vt 0.2 0.6268656
vt 0.2 0.6119403
vt 0.2 0.5970149
vt 0.2 0.5820895
vt 0.2 0.5671642
vt 0.2 0.5522388
vt 0.2 0.5373135
vt 0.2 0.5223881
vt 0.2 0.5074627
vt 0.2 0.4925373
vt 0.2 0.477612
vt 0.2 0.4626865
vt 0.2 0.4477612
vt 0.2 0.4328358
vt 0.2 0.4179105
vt 0.2 0.4029851
vt 0.2 0.3880597
vt 0.2 0.3731343
vt 0.2 0.358209
vt 0.2 0.3432836
vt 0.2 0.3283583
vt 0.2 0.3134328
vt 0.2 0.2985075
vt 0.2 0.2835821
vt 0.2 0.2686567
vt 0.2 0.2537314
vt 0.2 0.2388059
vt 0.2 0.2238806
vt 0.2 0.2089552
vt 0.2 0.1940299
vt 0.2 0.1791045
vt 0.2 0.1641791
vt 0.2 0.1492537
vt 0.2 0.1343284
vt 0.2 0.119403
vt 0.2 0.1044776
vt 0.2 0.08955222
vt 0.2 0.07462686
vt 0.2 0.0597015
vt 0.2 0.04477614
vt 0.2 0.02985072
vt 0.2 0.01492536
vt 0.2 0
vt 0 0.9899999
vt 0 0.9850746
vt 0 0.9701493
vt 0 0.9552238
vt 0 0.9402985
vt 0 0.9253731
vt 0 0.9104478
vt 0 0.8955224
vt 0 0.880597
vt 0 0.8656716
vt 0 0.8507463
vt 0 0.8358209
vt 0 0.8208956
vt 0 0.8059701
vt 0 0.7910448
vt 0 0.7761194
vt 0 0.761194
vt 0 0.7462686
vt 0 0.7313433
vt 0 0.7164179
vt 0 0.7014925
vt 0 0.6865672
vt 0 0.6716418
vt 0 0.6567165
vt 0 0.641791
vt 0 0.6268656
vt 0 0.6119403
vt 0 0.5970149
vt 0 0.5820895
vt 0 0.5671642
vt 0 0.5522388
vt 0 0.5373135
vt 0 0.5223881
vt 0 0.5074627
vt 0 0.4925373
vt 0 0.477612
vt 0 0.4626865
vt 0 0.4477612
vt 0 0.4328358
vt 0 0.4179105
vt 0 0.4029851
vt 0 0.3880597
vt 0 0.3731343
vt 0 0.358209
vt 0 0.3432836
vt 0 0.3283583
vt 0 0.3134328
vt 0 0.2985075
vt 0 0.2835821
vt 0 0.2686567
vt 0 0.2537314
vt 0 0.2388059
vt 0 0.2238806
vt 0 0.2089552
vt 0 0.1940299
vt 0 0.1791045
vt 0 0.1641791
vt 0 0.1492537
vt 0 0.1343284
vt 0 0.119403
vt 0 0.1044776
vt 0 0.08955222
vt 0 0.07462686
vt 0 0.0597015
vt 0 0.04477614
vt 0 0.02985072
vt 0 0.01492536
vt 0 0
vt 0.05 0.9899999
vt 0.05 0.9850746
vt 0.05 0.9701493
vt 0.05 0.9552238
vt 0.05 0.9402985
vt 0.05 0.9253731
vt 0.05 0.9104478
vt 0.05 0.8955224
vt 0.05 0.880597
vt 0.05 0.8656716
vt 0.05 0.8507463
vt 0.05 0.8358209
vt 0.05 0.8208956
vt 0.05 0.8059701
vt 0.05 0.7910448
vt 0.05 0.7761194
vt 0.05 0.761194
vt 0.05 0.7462686
vt 0.05 0.7313433
vt 0.05 0.7164179
vt 0.05 0.7014925
vt 0.05 0.6865672
vt 0.05 0.6716418
vt 0.05 0.6567165
vt 0.05 0.641791
vt 0.05 0.6268656
vt 0.05 0.6119403
vt 0.05 0.5970149
vt 0.05 0.5820895
vt 0.05 0.5671642
vt 0.05 0.5522388
vt 0.05 0.5373135
vt 0.05 0.5223881
vt 0.05 0.5074627
vt 0.05 0.4925373
vt 0.05 0.477612
vt 0.05 0.4626865
vt 0.05 0.4477612
vt 0.05 0.4328358
vt 0.05 0.4179105
vt 0.05 0.4029851
vt 0.05 0.3880597
vt 0.05 0.3731343
vt 0.05 0.358209
vt 0.05 0.3432836
vt 0.05 0.3283583
vt 0.05 0.3134328
vt 0.05 0.2985075
vt 0.05 0.2835821
vt 0.05 0.2686567
vt 0.05 0.2537314
vt 0.05 0.2388059
vt 0.05 0.2238806
vt 0.05 0.2089552
vt 0.05 0.1940299
vt 0.05 0.1791045
vt 0.05 0.1641791
vt 0.05 0.1492537
vt 0.05 0.1343284
vt 0.05 0.119403
vt 0.05 0.1044776
vt 0.05 0.08955222
vt 0.05 0.07462686
vt 0.05 0.0597015
vt 0.05 0.04477614
vt 0.05 0.02985072
vt 0.05 0.01492536
vt 0.05 0
vt 0.1 0.9899999
vt 0.1 0.9850746
vt 0.1 0.9701493
vt 0.1 0.9552238
vt 0.1 0.9402985
vt 0.1 0.9253731
vt 0.1 0.9104478
vt 0.1 0.8955224
vt 0.1 0.880597
vt 0.1 0.8656716
vt 0.1 0.8507463
vt 0.1 0.8358209
vt 0.1 0.8208956
vt 0.1 0.8059701
vt 0.1 0.7910448
vt 0.1 0.7761194
vt 0.1 0.761194
vt 0.1 0.7462686
vt 0.1 0.7313433
vt 0.1 0.7164179
vt 0.1 0.7014925
vt 0.1 0.6865672
vt 0.1 0.6716418
vt 0.1 0.6567165
vt 0.1 0.641791
vt 0.1 0.6268656
vt 0.1 0.6119403
vt 0.1 0.5970149
vt 0.1 0.5820895
vt 0.1 0.5671642
vt 0.1 0.5522388
vt 0.1 0.5373135
vt 0.1 0.5223881
vt 0.1 0.5074627
vt 0.1 0.4925373
vt 0.1 0.477612
vt 0.1 0.4626865
vt 0.1 0.4477612
vt 0.1 0.4328358
vt 0.1 0.4179105
vt 0.1 0.4029851
vt 0.1 0.3880597
vt 0.1 0.3731343
vt 0.1 0.358209
vt 0.1 0.3432836
vt 0.1 0.3283583
vt 0.1 0.3134328
vt 0.1 0.2985075
vt 0.1 0.2835821
vt 0.1 0.2686567
vt 0.1 0.2537314
vt 0.1 0.2388059
vt 0.1 0.2238806
vt 0.1 0.2089552
vt 0.1 0.1940299
vt 0.1 0.1791045
vt 0.1 0.1641791
vt 0.1 0.1492537
vt 0.1 0.1343284
vt 0.1 0.119403
vt 0.1 0.1044776
vt 0.1 0.08955222
vt 0.1 0.07462686
vt 0.1 0.0597015
vt 0.1 0.04477614
vt 0.1 0.02985072
vt 0.1 0.01492536
vt 0.1 0
vt 0.1 0.9899999
vt 0.1 0.9850746
vt 0.1 0.9701493
vt 0.1 0.9552238
vt 0.1 0.9402985
vt 0.1 0.9253731
vt 0.1 0.9104478
vt 0.1 0.8955224
vt 0.1 0.880597
vt 0.1 0.8656716
vt 0.1 0.8507463
vt 0.1 0.8358209
vt 0.1 0.8208956
vt 0.1 0.8059701
vt 0.1 0.7910448
vt 0.1 0.7761194
vt 0.1 0.761194
vt 0.1 0.7462686
vt 0.1 0.7313433
vt 0.1 0.7164179
vt 0.1 0.7014925
vt 0.1 0.6865672
vt 0.1 0.6716418
vt 0.1 0.6567165
vt 0.1 0.641791
vt 0.1 0.6268656
vt 0.1 0.6119403
vt 0.1 0.5970149
vt 0.1 0.5820895
vt 0.1 0.5671642
vt 0.1 0.5522388
vt 0.1 0.5373135
vt 0.1 0.5223881
vt 0.1 0.5074627
vt 0.1 0.4925373
vt 0.1 0.477612
vt 0.1 0.4626865
vt 0.1 0.4477612
vt 0.1 0.4328358
vt 0.1 0.4179105
vt 0.1 0.4029851
vt 0.1 0.3880597
vt 0.1 0.3731343
vt 0.1 0.358209
vt 0.1 0.3432836
vt 0.1 0.3283583
vt 0.1 0.3134328
vt 0.1 0.2985075
vt 0.1 0.2835821
vt 0.1 0.2686567
vt 0.1 0.2537314
vt 0.1 0.2388059
vt 0.1 0.2238806
vt 0.1 0.2089552
vt 0.1 0.1940299
vt 0.1 0.1791045
vt 0.1 0.1641791
vt 0.1 0.1492537
vt 0.1 0.1343284
vt 0.1 0.119403
vt 0.1 0.1044776
vt 0.1 0.08955222
vt 0.1 0.07462686
vt 0.1 0.0597015
vt 0.1 0.04477614
vt 0.1 0.02985072
vt 0.1 0.01492536
vt 0.1 0
vt 0.15 0.9899999
vt 0.15 0.9850746
vt 0.15 0.9701493
vt 0.15 0.9552238
vt 0.15 0.9402985
vt 0.15 0.9253731
vt 0.15 0.9104478
vt 0.15 0.8955224
vt 0.15 0.880597
vt 0.15 0.8656716
vt 0.15 0.8507463
vt 0.15 0.8358209
vt 0.15 0.8208956
vt 0.15 0.8059701
vt 0.15 0.7910448
vt 0.15 0.7761194
vt 0.15 0.761194
vt 0.15 0.7462686
vt 0.15 0.7313433
vt 0.15 0.7164179
vt 0.15 0.7014925
vt 0.15 0.6865672
vt 0.15 0.6716418
vt 0.15 0.6567165
vt 0.15 0.641791
vt 0.15 0.6268656
vt 0.15 0.6119403
vt 0.15 0.5970149
vt 0.15 0.5820895
vt 0.15 0.5671642
vt 0.15 0.5522388
vt 0.15 0.5373135
vt 0.15 0.5223881
vt 0.15 0.5074627
vt 0.15 0.4925373
vt 0.15 0.477612
vt 0.15 0.4626865
vt 0.15 0.4477612
vt 0.15 0.4328358
vt 0.15 0.4179105
vt 0.15 0.4029851
vt 0.15 0.3880597
vt 0.15 0.3731343
vt 0.15 0.358209
vt 0.15 0.3432836
vt 0.15 0.3283583
vt 0.15 0.3134328
vt 0.15 0.2985075
vt 0.15 0.2835821
vt 0.15 0.2686567
vt 0.15 0.2537314
vt 0.15 0.2388059
vt 0.15 0.2238806
vt 0.15 0.2089552
vt 0.15 0.1940299
vt 0.15 0.1791045
vt 0.15 0.1641791
vt 0.15 0.1492537
vt 0.15 0.1343284
vt 0.15 0.119403
vt 0.15 0.1044776
vt 0.15 0.08955222
vt 0.15 0.07462686
vt 0.15 0.0597015
vt 0.15 0.04477614
vt 0.15 0.02985072
vt 0.15 0.01492536
vt 0.15 0
vt 0.2 0.9899999
vt 0.05 0.9899999
vt 0.1 0.9899999
vt 0.15 0.9899999
vt 0.2 0
vt 0.05 0
vt 0.1 0
vt 0.15 0
vt 0.2 0.9899999
vt 0.2 0.984375
vt 0.2 0.96875
vt 0.2 0.953125
vt 0.2 0.9375
vt 0.2 0.921875
vt 0.2 0.90625
vt 0.2 0.890625
vt 0.2 0.875
vt 0.2 0.859375
vt 0.2 0.84375
vt 0.2 0.828125
vt 0.2 0.8125
vt 0.2 0.796875
vt 0.2 0.78125
vt 0.2 0.765625
vt 0.2 0.75
vt 0.2 0.734375
vt 0.2 0.71875
vt 0.2 0.703125
vt 0.2 0.6875
vt 0.2 0.671875
vt 0.2 0.65625
vt 0.2 0.640625
vt 0.2 0.625
vt 0.2 0.609375
vt 0.2 0.59375
vt 0.2 0.578125
vt 0.2 0.5625
vt 0.2 0.546875
vt 0.2 0.53125
vt 0.2 0.515625
vt 0.2 0.5
vt 0.2 0.484375
vt 0.2 0.46875
vt 0.2 0.453125
vt 0.2 0.4375
vt 0.2 0.421875
vt 0.2 0.40625
vt 0.2 0.390625
vt 0.2 0.375
vt 0.2 0.359375
vt 0.2 0.34375
vt 0.2 0.328125
vt 0.2 0.3125
vt 0.2 0.296875
vt 0.2 0.28125
vt 0.2 0.265625
vt 0.2 0.25
vt 0.2 0.234375
vt 0.2 0.21875
vt 0.2 0.203125
vt 0.2 0.1875
vt 0.2 0.171875
vt 0.2 0.15625
vt 0.2 0.140625
vt 0.2 0.125
vt 0.2 0.109375
vt 0.2 0.09375
vt 0.2 0.078125
vt 0.2 0.0625
vt 0.2 0.046875
vt 0.2 0.03125
vt 0.2 0.015625
vt 0.2 0
vt 0 0.9899999
vt 0 0.984375
vt 0 0.96875
vt 0 0.953125
vt 0 0.9375
vt 0 0.921875
vt 0 0.90625
vt 0 0.890625
vt 0 0.875
vt 0 0.859375
vt 0 0.84375
vt 0 0.828125
vt 0 0.8125
vt 0 0.796875
vt 0 0.78125
vt 0 0.765625
vt 0 0.75
vt 0 0.734375
vt 0 0.71875
vt 0 0.703125
vt 0 0.6875
vt 0 0.671875
vt 0 0.65625
vt 0 0.640625
vt 0 0.625
vt 0 0.609375
vt 0 0.59375
vt 0 0.578125
vt 0 0.5625
vt 0 0.546875
vt 0 0.53125
vt 0 0.515625
vt 0 0.5
vt 0 0.484375
vt 0 0.46875
vt 0 0.453125
vt 0 0.4375
vt 0 0.421875
vt 0 0.40625
vt 0 0.390625
vt 0 0.375
vt 0 0.359375
vt 0 0.34375
vt 0 0.328125
vt 0 0.3125
vt 0 0.296875
vt 0 0.28125
vt 0 0.265625
vt 0 0.25
vt 0 0.234375
vt 0 0.21875
vt 0 0.203125
vt 0 0.1875
vt 0 0.171875
vt 0 0.15625
vt 0 0.140625
vt 0 0.125
vt 0 0.109375
vt 0 0.09375
vt 0 0.078125
vt 0 0.0625
vt 0 0.046875
vt 0 0.03125
vt 0 0.015625
vt 0 0
vt 0.05 0.9899999
vt 0.05 0.984375
vt 0.05 0.96875
vt 0.05 0.953125
vt 0.05 0.9375
vt 0.05 0.921875
vt 0.05 0.90625
vt 0.05 0.890625
vt 0.05 0.875
vt 0.05 0.859375
vt 0.05 0.84375
vt 0.05 0.828125
vt 0.05 0.8125
vt 0.05 0.796875
vt 0.05 0.78125
vt 0.05 0.765625
vt 0.05 0.75
vt 0.05 0.734375
vt 0.05 0.71875
vt 0.05 0.703125
vt 0.05 0.6875
vt 0.05 0.671875
vt 0.05 0.65625
vt 0.05 0.640625
vt 0.05 0.625
vt 0.05 0.609375
vt 0.05 0.59375
vt 0.05 0.578125
vt 0.05 0.5625
vt 0.05 0.546875
vt 0.05 0.53125
vt 0.05 0.515625
vt 0.05 0.5
vt 0.05 0.484375
vt 0.05 0.46875
vt 0.05 0.453125
vt 0.05 0.4375
vt 0.05 0.421875
vt 0.05 0.40625
vt 0.05 0.390625
vt 0.05 0.375
vt 0.05 0.359375
vt 0.05 0.34375
vt 0.05 0.328125
vt 0.05 0.3125
vt 0.05 0.296875
vt 0.05 0.28125
vt 0.05 0.265625
vt 0.05 0.25
vt 0.05 0.234375
vt 0.05 0.21875
vt 0.05 0.203125
vt 0.05 0.1875
vt 0.05 0.171875
vt 0.05 0.15625
vt 0.05 0.140625
vt 0.05 0.125
vt 0.05 0.109375
vt 0.05 0.09375
vt 0.05 0.078125
vt 0.05 0.0625
vt 0.05 0.046875
vt 0.05 0.03125
vt 0.05 0.015625
vt 0.05 0
vt 0.1 0.9899999
vt 0.1 0.984375
vt 0.1 0.96875
vt 0.1 0.953125
vt 0.1 0.9375
vt 0.1 0.921875
vt 0.1 0.90625
vt 0.1 0.890625
vt 0.1 0.875
vt 0.1 0.859375
vt 0.1 0.84375
vt 0.1 0.828125
vt 0.1 0.8125
vt 0.1 0.796875
vt 0.1 0.78125
vt 0.1 0.765625
vt 0.1 0.75
vt 0.1 0.734375
vt 0.1 0.71875
vt 0.1 0.703125
vt 0.1 0.6875
vt 0.1 0.671875
vt 0.1 0.65625
vt 0.1 0.640625
vt 0.1 0.625
vt 0.1 0.609375
vt 0.1 0.59375
vt 0.1 0.578125
vt 0.1 0.5625
vt 0.1 0.546875
vt 0.1 0.53125
vt 0.1 0.515625
vt 0.1 0.5
vt 0.1 0.484375
vt 0.1 0.46875
vt 0.1 0.453125
vt 0.1 0.4375
vt 0.1 0.421875
vt 0.1 0.40625
vt 0.1 0.390625
vt 0.1 0.375
vt 0.1 0.359375
vt 0.1 0.34375
vt 0.1 0.328125
vt 0.1 0.3125
vt 0.1 0.296875
vt 0.1 0.28125
vt 0.1 0.265625
vt 0.1 0.25
vt 0.1 0.234375
vt 0.1 0.21875
vt 0.1 0.203125
vt 0.1 0.1875
vt 0.1 0.171875
vt 0.1 0.15625
vt 0.1 0.140625
vt 0.1 0.125
vt 0.1 0.109375
vt 0.1 0.09375
vt 0.1 0.078125
vt 0.1 0.0625
vt 0.1 0.046875
vt 0.1 0.03125
vt 0.1 0.015625
vt 0.1 0
vt 0.1 0.9899999
vt 0.1 0.984375
vt 0.1 0.96875
vt 0.1 0.953125
vt 0.1 0.9375
vt 0.1 0.921875
vt 0.1 0.90625
vt 0.1 0.890625
vt 0.1 0.875
vt 0.1 0.859375
vt 0.1 0.84375
vt 0.1 0.828125
vt 0.1 0.8125
vt 0.1 0.796875
vt 0.1 0.78125
vt 0.1 0.765625
vt 0.1 0.75
vt 0.1 0.734375
vt 0.1 0.71875
vt 0.1 0.703125
vt 0.1 0.6875
vt 0.1 0.671875
vt 0.1 0.65625
vt 0.1 0.640625
vt 0.1 0.625
vt 0.1 0.609375
vt 0.1 0.59375
vt 0.1 0.578125
vt 0.1 0.5625
vt 0.1 0.546875
vt 0.1 0.53125
vt 0.1 0.515625
vt 0.1 0.5
vt 0.1 0.484375
vt 0.1 0.46875
vt 0.1 0.453125
vt 0.1 0.4375
vt 0.1 0.421875
vt 0.1 0.40625
vt 0.1 0.390625
vt 0.1 0.375
vt 0.1 0.359375
vt 0.1 0.34375
vt 0.1 0.328125
vt 0.1 0.3125
vt 0.1 0.296875
vt 0.1 0.28125
vt 0.1 0.265625
vt 0.1 0.25
vt 0.1 0.234375
vt 0.1 0.21875
vt 0.1 0.203125
vt 0.1 0.1875
vt 0.1 0.171875
vt 0.1 0.15625
vt 0.1 0.140625
vt 0.1 0.125
vt 0.1 0.109375
vt 0.1 0.09375
vt 0.1 0.078125
vt 0.1 0.0625
vt 0.1 0.046875
vt 0.1 0.03125
vt 0.1 0.015625
vt 0.1 0
vt 0.15 0.9899999
vt 0.15 0.984375
vt 0.15 0.96875
vt 0.15 0.953125
vt 0.15 0.9375
vt 0.15 0.921875
vt 0.15 0.90625
vt 0.15 0.890625
vt 0.15 0.875
vt 0.15 0.859375
vt 0.15 0.84375
vt 0.15 0.828125
vt 0.15 0.8125
vt 0.15 0.796875
vt 0.15 0.78125
vt 0.15 0.765625
vt 0.15 0.75
vt 0.15 0.734375
vt 0.15 0.71875
vt 0.15 0.703125
vt 0.15 0.6875
vt 0.15 0.671875
vt 0.15 0.65625
vt 0.15 0.640625
vt 0.15 0.625
vt 0.15 0.609375
vt 0.15 0.59375
vt 0.15 0.578125
vt 0.15 0.5625
vt 0.15 0.546875
vt 0.15 0.53125
vt 0.15 0.515625
vt 0.15 0.5
vt 0.15 0.484375
vt 0.15 0.46875
vt 0.15 0.453125
vt 0.15 0.4375
vt 0.15 0.421875
vt 0.15 0.40625
vt 0.15 0.390625
vt 0.15 0.375
vt 0.15 0.359375
vt 0.15 0.34375
vt 0.15 0.328125
vt 0.15 0.3125
vt 0.15 0.296875
vt 0.15 0.28125
vt 0.15 0.265625
vt 0.15 0.25
vt 0.15 0.234375
vt 0.15 0.21875
vt 0.15 0.203125
vt 0.15 0.1875
vt 0.15 0.171875
vt 0.15 0.15625
vt 0.15 0.140625
vt 0.15 0.125
vt 0.15 0.109375
vt 0.15 0.09375
vt 0.15 0.078125
vt 0.15 0.0625
vt 0.15 0.046875
vt 0.15 0.03125
vt 0.15 0.015625
vt 0.15 0
vt 0.2 0.9899999
vt 0.05 0.9899999
vt 0.1 0.9899999
vt 0.15 0.9899999
vt 0.2 0
vt 0.05 0
vt 0.1 0
vt 0.15 0
vt 0.2 0.9899999
vt 0.2 0.984375
vt 0.2 0.96875
vt 0.2 0.953125
vt 0.2 0.9375
vt 0.2 0.921875
vt 0.2 0.90625
vt 0.2 0.890625
vt 0.2 0.875
vt 0.2 0.859375
vt 0.2 0.84375
vt 0.2 0.828125
vt 0.2 0.8125
vt 0.2 0.796875
vt 0.2 0.78125
vt 0.2 0.765625
vt 0.2 0.75
vt 0.2 0.734375
vt 0.2 0.71875
vt 0.2 0.703125
vt 0.2 0.6875
vt 0.2 0.671875
vt 0.2 0.65625
vt 0.2 0.640625
vt 0.2 0.625
vt 0.2 0.609375
vt 0.2 0.59375
vt 0.2 0.578125
vt 0.2 0.5625
vt 0.2 0.546875
vt 0.2 0.53125
vt 0.2 0.515625
vt 0.2 0.5
vt 0.2 0.484375
vt 0.2 0.46875
vt 0.2 0.453125
vt 0.2 0.4375
vt 0.2 0.421875
vt 0.2 0.40625
vt 0.2 0.390625
vt 0.2 0.375
vt 0.2 0.359375
vt 0.2 0.34375
vt 0.2 0.328125
vt 0.2 0.3125
vt 0.2 0.296875
vt 0.2 0.28125
vt 0.2 0.265625
vt 0.2 0.25
vt 0.2 0.234375
vt 0.2 0.21875
vt 0.2 0.203125
vt 0.2 0.1875
vt 0.2 0.171875
vt 0.2 0.15625
vt 0.2 0.140625
vt 0.2 0.125
vt 0.2 0.109375
vt 0.2 0.09375
vt 0.2 0.078125
vt 0.2 0.0625
vt 0.2 0.046875
vt 0.2 0.03125
vt 0.2 0.015625
vt 0.2 0
vt 0 0.9899999
vt 0 0.984375
vt 0 0.96875
vt 0 0.953125
vt 0 0.9375
vt 0 0.921875
vt 0 0.90625
vt 0 0.890625
vt 0 0.875
vt 0 0.859375
vt 0 0.84375
vt 0 0.828125
vt 0 0.8125
vt 0 0.796875
vt 0 0.78125
vt 0 0.765625
vt 0 0.75
vt 0 0.734375
vt 0 0.71875
vt 0 0.703125
vt 0 0.6875
vt 0 0.671875
vt 0 0.65625
vt 0 0.640625
vt 0 0.625
vt 0 0.609375
vt 0 0.59375
vt 0 0.578125
vt 0 0.5625
vt 0 0.546875
vt 0 0.53125
vt 0 0.515625
vt 0 0.5
vt 0 0.484375
vt 0 0.46875
vt 0 0.453125
vt 0 0.4375
vt 0 0.421875
vt 0 0.40625
vt 0 0.390625
vt 0 0.375
vt 0 0.359375
vt 0 0.34375
vt 0 0.328125
vt 0 0.3125
vt 0 0.296875
vt 0 0.28125
vt 0 0.265625
vt 0 0.25
vt 0 0.234375
vt 0 0.21875
vt 0 0.203125
vt 0 0.1875
vt 0 0.171875
vt 0 0.15625
vt 0 0.140625
vt 0 0.125
vt 0 0.109375
vt 0 0.09375
vt 0 0.078125
vt 0 0.0625
vt 0 0.046875
vt 0 0.03125
vt 0 0.015625
vt 0 0
vt 0.05 0.9899999
vt 0.05 0.984375
vt 0.05 0.96875
vt 0.05 0.953125
vt 0.05 0.9375
vt 0.05 0.921875
vt 0.05 0.90625
vt 0.05 0.890625
vt 0.05 0.875
vt 0.05 0.859375
vt 0.05 0.84375
vt 0.05 0.828125
vt 0.05 0.8125
vt 0.05 0.796875
vt 0.05 0.78125
vt 0.05 0.765625
vt 0.05 0.75
vt 0.05 0.734375
vt 0.05 0.71875
vt 0.05 0.703125
vt 0.05 0.6875
vt 0.05 0.671875
vt 0.05 0.65625
vt 0.05 0.640625
vt 0.05 0.625
vt 0.05 0.609375
vt 0.05 0.59375
vt 0.05 0.578125
vt 0.05 0.5625
vt 0.05 0.546875
vt 0.05 0.53125
vt 0.05 0.515625
vt 0.05 0.5
vt 0.05 0.484375
vt 0.05 0.46875
vt 0.05 0.453125
vt 0.05 0.4375
vt 0.05 0.421875
vt 0.05 0.40625
vt 0.05 0.390625
vt 0.05 0.375
vt 0.05 0.359375
vt 0.05 0.34375
vt 0.05 0.328125
vt 0.05 0.3125
vt 0.05 0.296875
vt 0.05 0.28125
vt 0.05 0.265625
vt 0.05 0.25
vt 0.05 0.234375
vt 0.05 0.21875
vt 0.05 0.203125
vt 0.05 0.1875
vt 0.05 0.171875
vt 0.05 0.15625
vt 0.05 0.140625
vt 0.05 0.125
vt 0.05 0.109375
vt 0.05 0.09375
vt 0.05 0.078125
vt 0.05 0.0625
vt 0.05 0.046875
vt 0.05 0.03125
vt 0.05 0.015625
vt 0.05 0
vt 0.1 0.9899999
vt 0.1 0.984375
vt 0.1 0.96875
vt 0.1 0.953125
vt 0.1 0.9375
vt 0.1 0.921875
vt 0.1 0.90625
vt 0.1 0.890625
vt 0.1 0.875
vt 0.1 0.859375
vt 0.1 0.84375
vt 0.1 0.828125
vt 0.1 0.8125
vt 0.1 0.796875
vt 0.1 0.78125
vt 0.1 0.765625
vt 0.1 0.75
vt 0.1 0.734375
vt 0.1 0.71875
vt 0.1 0.703125
vt 0.1 0.6875
vt 0.1 0.671875
vt 0.1 0.65625
vt 0.1 0.640625
vt 0.1 0.625
vt 0.1 0.609375
vt 0.1 0.59375
vt 0.1 0.578125
vt 0.1 0.5625
vt 0.1 0.546875
vt 0.1 0.53125
vt 0.1 0.515625
vt 0.1 0.5
vt 0.1 0.484375
vt 0.1 0.46875
vt 0.1 0.453125
vt 0.1 0.4375
vt 0.1 0.421875
vt 0.1 0.40625
vt 0.1 0.390625
vt 0.1 0.375
vt 0.1 0.359375
vt 0.1 0.34375
vt 0.1 0.328125
vt 0.1 0.3125
vt 0.1 0.296875
vt 0.1 0.28125
vt 0.1 0.265625
vt 0.1 0.25
vt 0.1 0.234375
vt 0.1 0.21875
vt 0.1 0.203125
vt 0.1 0.1875
vt 0.1 0.171875
vt 0.1 0.15625
vt 0.1 0.140625
vt 0.1 0.125
vt 0.1 0.109375
vt 0.1 0.09375
vt 0.1 0.078125
vt 0.1 0.0625
vt 0.1 0.046875
vt 0.1 0.03125
vt 0.1 0.015625
vt 0.1 0
vt 0.1 0.9899999
vt 0.1 0.984375
vt 0.1 0.96875
vt 0.1 0.953125
vt 0.1 0.9375
vt 0.1 0.921875
vt 0.1 0.90625
vt 0.1 0.890625
vt 0.1 0.875
vt 0.1 0.859375
vt 0.1 0.84375
vt 0.1 0.828125
vt 0.1 0.8125
vt 0.1 0.796875
vt 0.1 0.78125
vt 0.1 0.765625
vt 0.1 0.75
vt 0.1 0.734375
vt 0.1 0.71875
vt 0.1 0.703125
vt 0.1 0.6875
vt 0.1 0.671875
vt 0.1 0.65625
vt 0.1 0.640625
vt 0.1 0.625
vt 0.1 0.609375
vt 0.1 0.59375
vt 0.1 0.578125
vt 0.1 0.5625
vt 0.1 0.546875
vt 0.1 0.53125
vt 0.1 0.515625
vt 0.1 0.5
vt 0.1 0.484375
vt 0.1 0.46875
vt 0.1 0.453125
vt 0.1 0.4375
vt 0.1 0.421875
vt 0.1 0.40625
vt 0.1 0.390625
vt 0.1 0.375
vt 0.1 0.359375
vt 0.1 0.34375
vt 0.1 0.328125
vt 0.1 0.3125
vt 0.1 0.296875
vt 0.1 0.28125
vt 0.1 0.265625
vt 0.1 0.25
vt 0.1 0.234375
vt 0.1 0.21875
vt 0.1 0.203125
vt 0.1 0.1875
vt 0.1 0.171875
vt 0.1 0.15625
vt 0.1 0.140625
vt 0.1 0.125
vt 0.1 0.109375
vt 0.1 0.09375
vt 0.1 0.078125
vt 0.1 0.0625
vt 0.1 0.046875
vt 0.1 0.03125
vt 0.1 0.015625
vt 0.1 0
vt 0.15 0.9899999
vt 0.15 0.984375
vt 0.15 0.96875
vt 0.15 0.953125
vt 0.15 0.9375
vt 0.15 0.921875
vt 0.15 0.90625
vt 0.15 0.890625
vt 0.15 0.875
vt 0.15 0.859375
vt 0.15 0.84375
vt 0.15 0.828125
vt 0.15 0.8125
vt 0.15 0.796875
vt 0.15 0.78125
vt 0.15 0.765625
vt 0.15 0.75
vt 0.15 0.734375
vt 0.15 0.71875
vt 0.15 0.703125
vt 0.15 0.6875
vt 0.15 0.671875
vt 0.15 0.65625
vt 0.15 0.640625
vt 0.15 0.625
vt 0.15 0.609375
vt 0.15 0.59375
vt 0.15 0.578125
vt 0.15 0.5625
vt 0.15 0.546875
vt 0.15 0.53125
vt 0.15 0.515625
vt 0.15 0.5
vt 0.15 0.484375
vt 0.15 0.46875
vt 0.15 0.453125
vt 0.15 0.4375
vt 0.15 0.421875
vt 0.15 0.40625
vt 0.15 0.390625
vt 0.15 0.375
vt 0.15 0.359375
vt 0.15 0.34375
vt 0.15 0.328125
vt 0.15 0.3125
vt 0.15 0.296875
vt 0.15 0.28125
vt 0.15 0.265625
vt 0.15 0.25
vt 0.15 0.234375
vt 0.15 0.21875
vt 0.15 0.203125
vt 0.15 0.1875
vt 0.15 0.171875
vt 0.15 0.15625
vt 0.15 0.140625
vt 0.15 0.125
vt 0.15 0.109375
vt 0.15 0.09375
vt 0.15 0.078125
vt 0.15 0.0625
vt 0.15 0.046875
vt 0.15 0.03125
vt 0.15 0.015625
vt 0.15 0
vt 0.2 0.9899999
vt 0.05 0.9899999
vt 0.1 0.9899999
vt 0.15 0.9899999
vt 0.2 0
vt 0.05 0
vt 0.1 0
vt 0.15 0

f 26/26 27/27 52/52 51/51
f 27/27 28/28 53/53 52/52
f 28/28 29/29 54/54 53/53
f 29/29 30/30 55/55 54/54
f 30/30 31/31 56/56 55/55
f 31/31 32/32 57/57 56/56
f 32/32 33/33 58/58 57/57
f 33/33 34/34 59/59 58/58
f 34/34 35/35 60/60 59/59
f 35/35 36/36 61/61 60/60
f 36/36 37/37 62/62 61/61
f 37/37 38/38 63/63 62/62
f 38/38 39/39 64/64 63/63
f 39/39 40/40 65/65 64/64
f 40/40 41/41 66/66 65/65
f 41/41 42/42 67/67 66/66
f 42/42 43/43 68/68 67/67
f 43/43 44/44 69/69 68/68
f 44/44 45/45 70/70 69/69
f 45/45 46/46 71/71 70/70
f 46/46 47/47 72/72 71/71
f 47/47 48/48 73/73 72/72
f 48/48 49/49 74/74 73/73
f 49/49 50/50 75/75 74/74
f 51/51 52/52 77/77 76/76
f 52/52 53/53 78/78 77/77
f 53/53 54/54 79/79 78/78
f 54/54 55/55 80/80 79/79
f 55/55 56/56 81/81 80/80
f 56/56 57/57 82/82 81/81
f 57/57 58/58 83/83 82/82
f 58/58 59/59 84/84 83/83
f 59/59 60/60 85/85 84/84
f 60/60 61/61 86/86 85/85
f 61/61 62/62 87/87 86/86
f 62/62 63/63 88/88 87/87
f 63/63 64/64 89/89 88/88
f 64/64 65/65 90/90 89/89
f 65/65 66/66 91/91 90/90
f 66/66 67/67 92/92 91/91
f 67/67 68/68 93/93 92/92
f 68/68 69/69 94/94 93/93
f 69/69 70/70 95/95 94/94
f 70/70 71/71 96/96 95/95
f 71/71 72/72 97/97 96/96
f 72/72 73/73 98/98 97/97
f 73/73 74/74 99/99 98/98
f 74/74 75/75 100/100 99/99
f 101/101 102/102 127/127 126/126
f 102/102 103/103 128/128 127/127
f 103/103 104/104 129/129 128/128
f 104/104 105/105 130/130 129/129
f 105/105 106/106 131/131 130/130
f 106/106 107/107 132/132 131/131
f 107/107 108/108 133/133 132/132
f 108/108 109/109 134/134 133/133
f 109/109 110/110 135/135 134/134
f 110/110 111/111 136/136 135/135
f 111/111 112/112 137/137 136/136
f 112/112 113/113 138/138 137/137
f 113/113 114/114 139/139 138/138
f 114/114 115/115 140/140 139/139
f 115/115 116/116 141/141 140/140
f 116/116 117/117 142/142 141/141
f 117/117 118/118 143/143 142/142
f 118/118 119/119 144/144 143/143
f 119/119 120/120 145/145 144/144
f 120/120 121/121 146/146 145/145
f 121/121 122/122 147/147 146/146
f 122/122 123/123 148/148 147/147
f 123/123 124/124 149/149 148/148
f 124/124 125/125 150/150 149/149
f 126/126 127/127 2/2 1/1
f 127/127 128/128 3/3 2/2
f 128/128 129/129 4/4 3/3
f 129/129 130/130 5/5 4/4
f 130/130 131/131 6/6 5/5
f 131/131 132/132 7/7 6/6
f 132/132 133/133 8/8 7/7
f 133/133 134/134 9/9 8/8
f 134/134 135/135 10/10 9/9
f 135/135 136/136 11/11 10/10
f 136/136 137/137 12/12 11/11
f 137/137 138/138 13/13 12/12
f 138/138 139/139 14/14 13/13
f 139/139 140/140 15/15 14/14
f 140/140 141/141 16/16 15/15
f 141/141 142/142 17/17 16/16
f 142/142 143/143 18/18 17/17
f 143/143 144/144 19/19 18/18
f 144/144 145/145 20/20 19/19
f 145/145 146/146 21/21 20/20
f 146/146 147/147 22/22 21/21
f 147/147 148/148 23/23 22/22
f 148/148 149/149 24/24 23/23
f 149/149 150/150 25/25 24/24
f 151/151 152/152 153/153
f 151/151 153/153 154/154
f 155/155 156/156 157/157
f 155/155 157/157 158/158
f 184/184 185/185 210/210 209/209
f 185/185 186/186 211/211 210/210
f 186/186 187/187 212/212 211/211
f 187/187 188/188 213/213 212/212
f 188/188 189/189 214/214 213/213
f 189/189 190/190 215/215 214/214
f 190/190 191/191 216/216 215/215
f 191/191 192/192 217/217 216/216
f 192/192 193/193 218/218 217/217
f 193/193 194/194 219/219 218/218
f 194/194 195/195 220/220 219/219
f 195/195 196/196 221/221 220/220
f 196/196 197/197 222/222 221/221
f 197/197 198/198 223/223 222/222
f 198/198 199/199 224/224 223/223
f 199/199 200/200 225/225 224/224
f 200/200 201/201 226/226 225/225
f 201/201 202/202 227/227 226/226
f 202/202 203/203 228/228 227/227
f 203/203 204/204 229/229 228/228
f 204/204 205/205 230/230 229/229
f 205/205 206/206 231/231 230/230
f 206/206 207/207 232/232 231/231
f 207/207 208/208 233/233 232/232
f 209/209 210/210 235/235 234/234
f 210/210 211/211 236/236 235/235
f 211/211 212/212 237/237 236/236
f 212/212 213/213 238/238 237/237
f 213/213 214/214 239/239 238/238
f 214/214 215/215 240/240 239/239
f 215/215 216/216 241/241 240/240
f 216/216 217/217 242/242 241/241
f 217/217 218/218 243/243 242/242
f 218/218 219/219 244/244 243/243
f 219/219 220/220 245/245 244/244
f 220/220 221/221 246/246 245/245
f 221/221 222/222 247/247 246/246
f 222/222 223/223 248/248 247/247
f 223/223 224/224 249/249 248/248
f 224/224 225/225 250/250 249/249
f 225/225 226/226 251/251 250/250
f 226/226 227/227 252/252 251/251
f 227/227 228/228 253/253 252/252
f 228/228 229/229 254/254 253/253
f 229/229 230/230 255/255 254/254
f 230/230 231/231 256/256 255/255
f 231/231 232/232 257/257 256/256
f 232/232 233/233 258/258 257/257
f 259/259 260/260 285/285 284/284
f 260/260 261/261 286/286 285/285
f 261/261 262/262 287/287 286/286
f 262/262 263/263 288/288 287/287
f 263/263 264/264 289/289 288/288
f 264/264 265/265 290/290 289/289
f 265/265 266/266 291/291 290/290
f 266/266 267/267 292/292 291/291
f 267/267 268/268 293/293 292/292
f 268/268 269/269 294/294 293/293
f 269/269 270/270 295/295 294/294
f 270/270 271/271 296/296 295/295
f 271/271 272/272 297/297 296/296
f 272/272 273/273 298/298 297/297
f 273/273 274/274 299/299 298/298
f 274/274 275/275 300/300 299/299
f 275/275 276/276 301/301 300/300
f 276/276 277/277 302/302 301/301
f 277/277 278/278 303/303 302/302
f 278/278 279/279 304/304 303/303
f 279/279 280/280 305/305 304/304
f 280/280 281/281 306/306 305/305
f 281/281 282/282 307/307 306/306
f 282/282 283/283 308/308 307/307
f 284/284 285/285 160/160 159/159
f 285/285 286/286 161/161 160/160
f 286/286 287/287 162/162 161/161
f 287/287 288/288 163/163 162/162
f 288/288 289/289 164/164 163/163
f 289/289 290/290 165/165 164/164
f 290/290 291/291 166/166 165/165
f 291/291 292/292 167/167 166/166
f 292/292 293/293 168/168 167/167
f 293/293 294/294 169/169 168/168
f 294/294 295/295 170/170 169/169
f 295/295 296/296 171/171 170/170
f 296/296 297/297 172/172 171/171
f 297/297 298/298 173/173 172/172
f 298/298 299/299 174/174 173/173
f 299/299 300/300 175/175 174/174
f 300/300 301/301 176/176 175/175
f 301/301 302/302 177/177 176/176
f 302/302 303/303 178/178 177/177
f 303/303 304/304 179/179 178/178
f 304/304 305/305 180/180 179/179
f 305/305 306/306 181/181 180/180
f 306/306 307/307 182/182 181/181
f 307/307 308/308 183/183 182/182
f 309/309 310/310 311/311
f 309/309 311/311 312/312
f 313/313 314/314 315/315
f 313/313 315/315 316/316
f 341/341 342/342 366/366 365/365
f 342/342 343/343 367/367 366/366
f 343/343 344/344 368/368 367/367
f 344/344 345/345 369/369 368/368
f 345/345 346/346 370/370 369/369
f 346/346 347/347 371/371 370/370
f 347/347 348/348 372/372 371/371
f 348/348 349/349 373/373 372/372
f 349/349 350/350 374/374 373/373
f 350/350 351/351 375/375 374/374
f 351/351 352/352 376/376 375/375
f 352/352 353/353 377/377 376/376
f 353/353 354/354 378/378 377/377
f 354/354 355/355 379/379 378/378
f 355/355 356/356 380/380 379/379
f 356/356 357/357 381/381 380/380
f 357/357 358/358 382/382 381/381
f 358/358 359/359 383/383 382/382
f 359/359 360/360 384/384 383/383
f 360/360 361/361 385/385 384/384
f 361/361 362/362 386/386 385/385
f 362/362 363/363 387/387 386/386
f 363/363 364/364 388/388 387/387
f 365/365 366/366 390/390 389/389
f 366/366 367/367 391/391 390/390
f 367/367 368/368 392/392 391/391
f 368/368 369/369 393/393 392/392
f 369/369 370/370 394/394 393/393
f 370/370 371/371 395/395 394/394
f 371/371 372/372 396/396 395/395
f 372/372 373/373 397/397 396/396
f 373/373 374/374 398/398 397/397
f 374/374 375/375 399/399 398/398
f 375/375 376/376 400/400 399/399
f 376/376 377/377 401/401 400/400
f 377/377 378/378 402/402 401/401
f 378/378 379/379 403/403 402/402
f 379/379 380/380 404/404 403/403
f 380/380 381/381 405/405 404/404
f 381/381 382/382 406/406 405/405
f 382/382 383/383 407/407 406/406
f 383/383 384/384 408/408 407/407
f 384/384 385/385 409/409 408/408
f 385/385 386/386 410/410 409/409
f 386/386 387/387 411/411 410/410
f 387/387 388/388 412/412 411/411
f 413/413 414/414 438/438 437/437
f 414/414 415/415 439/439 438/438
f 415/415 416/416 440/440 439/439
f 416/416 417/417 441/441 440/440
f 417/417 418/418 442/442 441/441
f 418/418 419/419 443/443 442/442
f 419/419 420/420 444/444 443/443
f 420/420 421/421 445/445 444/444
f 421/421 422/422 446/446 445/445
f 422/422 423/423 447/447 446/446
f 423/423 424/424 448/448 447/447
f 424/424 425/425 449/449 448/448
f 425/425 426/426 450/450 449/449
f 426/426 427/427 451/451 450/450
f 427/427 428/428 452/452 451/451
f 428/428 429/429 453/453 452/452
f 429/429 430/430 454/454 453/453
f 430/430 431/431 455/455 454/454
f 431/431 432/432 456/456 455/455
f 432/432 433/433 457/457 456/456
f 433/433 434/434 458/458 457/457
f 434/434 435/435 459/459 458/458
f 435/435 436/436 460/460 459/459
f 437/437 438/438 318/318 317/317
f 438/438 439/439 319/319 318/318
f 439/439 440/440 320/320 319/319
f 440/440 441/441 321/321 320/320
f 441/441 442/442 322/322 321/321
f 442/442 443/443 323/323 322/322
f 443/443 444/444 324/324 323/323
f 444/444 445/445 325/325 324/324
f 445/445 446/446 326/326 325/325
f 446/446 447/447 327/327 326/326
f 447/447 448/448 328/328 327/327
f 448/448 449/449 329/329 328/328
f 449/449 450/450 330/330 329/329
f 450/450 451/451 331/331 330/330
f 451/451 452/452 332/332 331/331
f 452/452 453/453 333/333 332/332
f 453/453 454/454 334/334 333/333
f 454/454 455/455 335/335 334/334
f 455/455 456/456 336/336 335/335
f 456/456 457/457 337/337 336/336
f 457/457 458/458 338/338 337/337
f 458/458 459/459 339/339 338/338
f 459/459 460/460 340/340 339/339
f 461/461 462/462 463/463
f 461/461 463/463 464/464
f 465/465 466/466 467/467
f 465/465 467/467 468/468
f 491/491 492/492 514/514 513/513
f 492/492 493/493 515/515 514/514
f 493/493 494/494 516/516 515/515
f 494/494 495/495 517/517 516/516
f 495/495 496/496 518/518 517/517
f 496/496 497/497 519/519 518/518
f 497/497 498/498 520/520 519/519
f 498/498 499/499 521/521 520/520
f 499/499 500/500 522/522 521/521
f 500/500 501/501 523/523 522/522
f 501/501 502/502 524/524 523/523
f 502/502 503/503 525/525 524/524
f 503/503 504/504 526/526 525/525
f 504/504 505/505 527/527 526/526
f 505/505 506/506 528/528 527/527
f 506/506 507/507 529/529 528/528
f 507/507 508/508 530/530 529/529
f 508/508 509/509 531/531 530/530
f 509/509 510/510 532/532 531/531
f 510/510 511/511 533/533 532/532
f 511/511 512/512 534/534 533/533
f 513/513 514/514 536/536 535/535
f 514/514 515/515 537/537 536/536
f 515/515 516/516 538/538 537/537
f 516/516 517/517 539/539 538/538
f 517/517 518/518 540/540 539/539
f 518/518 519/519 541/541 540/540
f 519/519 520/520 542/542 541/541
f 520/520 521/521 543/543 542/542
f 521/521 522/522 544/544 543/543
f 522/522 523/523 545/545 544/544
f 523/523 524/524 546/546 545/545
f 524/524 525/525 547/547 546/546
f 525/525 526/526 548/548 547/547
f 526/526 527/527 549/549 548/548
f 527/527 528/528 550/550 549/549
f 528/528 529/529 551/551 550/550
f 529/529 530/530 552/552 551/551
f 530/530 531/531 553/553 552/552
f 531/531 532/532 554/554 553/553
f 532/532 533/533 555/555 554/554
f 533/533 534/534 556/556 555/555
f 557/557 558/558 580/580 579/579
f 558/558 559/559 581/581 580/580
f 559/559 560/560 582/582 581/581
f 560/560 561/561 583/583 582/582
f 561/561 562/562 584/584 583/583
f 562/562 563/563 585/585 584/584
f 563/563 564/564 586/586 585/585
f 564/564 565/565 587/587 586/586
f 565/565 566/566 588/588 587/587
f 566/566 567/567 589/589 588/588
f 567/567 568/568 590/590 589/589
f 568/568 569/569 591/591 590/590
f 569/569 570/570 592/592 591/591
f 570/570 571/571 593/593 592/592
f 571/571 572/572 594/594 593/593
f 572/572 573/573 595/595 594/594
f 573/573 574/574 596/596 595/595
f 574/574 575/575 597/597 596/596
f 575/575 576/576 598/598 597/597
f 576/576 577/577 599/599 598/598
f 577/577 578/578 600/600 599/599
f 579/579 580/580 470/470 469/469
f 580/580 581/581 471/471 470/470
f 581/581 582/582 472/472 471/471
f 582/582 583/583 473/473 472/472
f 583/583 584/584 474/474 473/473
f 584/584 585/585 475/475 474/474
f 585/585 586/586 476/476 475/475
f 586/586 587/587 477/477 476/476
f 587/587 588/588 478/478 477/477
f 588/588 589/589 479/479 478/478
f 589/589 590/590 480/480 479/479
f 590/590 591/591 481/481 480/480
f 591/591 592/592 482/482 481/481
f 592/592 593/593 483/483 482/482
f 593/593 594/594 484/484 483/483
f 594/594 595/595 485/485 484/484
f 595/595 596/596 486/486 485/485
f 596/596 597/597 487/487 486/486
f 597/597 598/598 488/488 487/487
f 598/598 599/599 489/489 488/488
f 599/599 600/600 490/490 489/489
f 601/601 602/602 603/603
f 601/601 603/603 604/604
f 605/605 606/606 607/607
f 605/605 607/607 608/608
f 632/632 633/633 656/656 655/655
f 633/633 634/634 657/657 656/656
f 634/634 635/635 658/658 657/657
f 635/635 636/636 659/659 658/658
f 636/636 637/637 660/660 659/659
f 637/637 638/638 661/661 660/660
f 638/638 639/639 662/662 661/661
f 639/639 640/640 663/663 662/662
f 640/640 641/641 664/664 663/663
f 641/641 642/642 665/665 664/664
f 642/642 643/643 666/666 665/665
f 643/643 644/644 667/667 666/666
f 644/644 645/645 668/668 667/667
f 645/645 646/646 669/669 668/668
f 646/646 647/647 670/670 669/669
f 647/647 648/648 671/671 670/670
f 648/648 649/649 672/672 671/671
f 649/649 650/650 673/673 672/672
f 650/650 651/651 674/674 673/673
f 651/651 652/652 675/675 674/674
f 652/652 653/653 676/676 675/675
f 653/653 654/654 677/677 676/676
f 655/655 656/656 679/679 678/678
f 656/656 657/657 680/680 679/679
f 657/657 658/658 681/681 680/680
f 658/658 659/659 682/682 681/681
f 659/659 660/660 683/683 682/682
f 660/660 661/661 684/684 683/683
f 661/661 662/662 685/685 684/684
f 662/662 663/663 686/686 685/685
f 663/663 664/664 687/687 686/686
f 664/664 665/665 688/688 687/687
f 665/665 666/666 689/689 688/688
f 666/666 667/667 690/690 689/689
f 667/667 668/668 691/691 690/690
f 668/668 669/669 692/692 691/691
f 669/669 670/670 693/693 692/692
f 670/670 671/671 694/694 693/693
f 671/671 672/672 695/695 694/694
f 672/672 673/673 696/696 695/695
f 673/673 674/674 697/697 696/696
f 674/674 675/675 698/698 697/697
f 675/675 676/676 699/699 698/698
f 676/676 677/677 700/700 699/699
f 701/701 702/702 725/725 724/724
f 702/702 703/703 726/726 725/725
f 703/703 704/704 727/727 726/726
f 704/704 705/705 728/728 727/727
f 705/705 706/706 729/729 728/728
f 706/706 707/707 730/730 729/729
f 707/707 708/708 731/731 730/730
f 708/708 709/709 732/732 731/731
f 709/709 710/710 733/733 732/732
f 710/710 711/711 734/734 733/733
f 711/711 712/712 735/735 734/734
f 712/712 713/713 736/736 735/735
f 713/713 714/714 737/737 736/736
f 714/714 715/715 738/738 737/737
f 715/715 716/716 739/739 738/738
f 716/716 717/717 740/740 739/739
f 717/717 718/718 741/741 740/740
f 718/718 719/719 742/742 741/741
f 719/719 720/720 743/743 742/742
f 720/720 721/721 744/744 743/743
f 721/721 722/722 745/745 744/744
f 722/722 723/723 746/746 745/745
f 724/724 725/725 610/610 609/609
f 725/725 726/726 611/611 610/610
f 726/726 727/727 612/612 611/611
f 727/727 728/728 613/613 612/612
f 728/728 729/729 614/614 613/613
f 729/729 730/730 615/615 614/614
f 730/730 731/731 616/616 615/615
f 731/731 732/732 617/617 616/616
f 732/732 733/733 618/618 617/617
f 733/733 734/734 619/619 618/618
f 734/734 735/735 620/620 619/619
f 735/735 736/736 621/621 620/620
f 736/736 737/737 622/622 621/621
f 737/737 738/738 623/623 622/622
f 738/738 739/739 624/624 623/623
f 739/739 740/740 625/625 624/624
f 740/740 741/741 626/626 625/625
f 741/741 742/742 627/627 626/626
f 742/742 743/743 628/628 627/627
f 743/743 744/744 629/629 628/628
f 744/744 745/745 630/630 629/629
f 745/745 746/746 631/631 630/630
f 747/747 748/748 749/749
f 747/747 749/749 750/750
f 751/751 752/752 753/753
f 751/751 753/753 754/754
f 777/777 778/778 800/800 799/799
f 778/778 779/779 801/801 800/800
f 779/779 780/780 802/802 801/801
f 780/780 781/781 803/803 802/802
f 781/781 782/782 804/804 803/803
f 782/782 783/783 805/805 804/804
f 783/783 784/784 806/806 805/805
f 784/784 785/785 807/807 806/806
f 785/785 786/786 808/808 807/807
f 786/786 787/787 809/809 808/808
f 787/787 788/788 810/810 809/809
f 788/788 789/789 811/811 810/810
f 789/789 790/790 812/812 811/811
f 790/790 791/791 813/813 812/812
f 791/791 792/792 814/814 813/813
f 792/792 793/793 815/815 814/814
f 793/793 794/794 816/816 815/815
f 794/794 795/795 817/817 816/816
f 795/795 796/796 818/818 817/817
f 796/796 797/797 819/819 818/818
f 797/797 798/798 820/820 819/819
f 799/799 800/800 822/822 821/821
f 800/800 801/801 823/823 822/822
f 801/801 802/802 824/824 823/823
f 802/802 803/803 825/825 824/824
f 803/803 804/804 826/826 825/825
f 804/804 805/805 827/827 826/826
f 805/805 806/806 828/828 827/827
f 806/806 807/807 829/829 828/828
f 807/807 808/808 830/830 829/829
f 808/808 809/809 831/831 830/830
f 809/809 810/810 832/832 831/831
f 810/810 811/811 833/833 832/832
f 811/811 812/812 834/834 833/833
f 812/812 813/813 835/835 834/834
f 813/813 814/814 836/836 835/835
f 814/814 815/815 837/837 836/836
f 815/815 816/816 838/838 837/837
f 816/816 817/817 839/839 838/838
f 817/817 818/818 840/840 839/839
f 818/818 819/819 841/841 840/840
f 819/819 820/820 842/842 841/841
f 843/843 844/844 866/866 865/865
f 844/844 845/845 867/867 866/866
f 845/845 846/846 868/868 867/867
f 846/846 847/847 869/869 868/868
f 847/847 848/848 870/870 869/869
f 848/848 849/849 871/871 870/870
f 849/849 850/850 872/872 871/871
f 850/850 851/851 873/873 872/872
f 851/851 852/852 874/874 873/873
f 852/852 853/853 875/875 874/874
f 853/853 854/854 876/876 875/875
f 854/854 855/855 877/877 876/876
f 855/855 856/856 878/878 877/877
f 856/856 857/857 879/879 878/878
f 857/857 858/858 880/880 879/879
f 858/858 859/859 881/881 880/880
f 859/859 860/860 882/882 881/881
f 860/860 861/861 883/883 882/882
f 861/861 862/862 884/884 883/883
f 862/862 863/863 885/885 884/884
f 863/863 864/864 886/886 885/885
f 865/865 866/866 756/756 755/755
f 866/866 867/867 757/757 756/756
f 867/867 868/868 758/758 757/757
f 868/868 869/869 759/759 758/758
f 869/869 870/870 760/760 759/759
f 870/870 871/871 761/761 760/760
f 871/871 872/872 762/762 761/761
f 872/872 873/873 763/763 762/762
f 873/873 874/874 764/764 763/763
f 874/874 875/875 765/765 764/764
f 875/875 876/876 766/766 765/765
f 876/876 877/877 767/767 766/766
f 877/877 878/878 768/768 767/767
f 878/878 879/879 769/769 768/768
f 879/879 880/880 770/770 769/769
f 880/880 881/881 771/771 770/770
f 881/881 882/882 772/772 771/771
f 882/882 883/883 773/773 772/772
f 883/883 884/884 774/774 773/773
f 884/884 885/885 775/775 774/774
f 885/885 886/886 776/776 775/775
f 887/887 888/888 889/889
f 887/887 889/889 890/890
f 891/891 892/892 893/893
f 891/891 893/893 894/894
f 927/927 928/928 960/960 959/959
f 928/928 929/929 961/961 960/960
f 929/929 930/930 962/962 961/961
f 930/930 931/931 963/963 962/962
f 931/931 932/932 964/964 963/963
f 932/932 933/933 965/965 964/964
f 933/933 934/934 966/966 965/965
f 934/934 935/935 967/967 966/966
f 935/935 936/936 968/968 967/967
f 936/936 937/937 969/969 968/968
f 937/937 938/938 970/970 969/969
f 938/938 939/939 971/971 970/970
f 939/939 940/940 972/972 971/971
f 940/940 941/941 973/973 972/972
f 941/941 942/942 974/974 973/973
f 942/942 943/943 975/975 974/974
f 943/943 944/944 976/976 975/975
f 944/944 945/945 977/977 976/976
f 945/945 946/946 978/978 977/977
f 946/946 947/947 979/979 978/978
f 947/947 948/948 980/980 979/979
f 948/948 949/949 981/981 980/980
f 949/949 950/950 982/982 981/981
f 950/950 951/951 983/983 982/982
f 951/951 952/952 984/984 983/983
f 952/952 953/953 985/985 984/984
f 953/953 954/954 986/986 985/985
f 954/954 955/955 987/987 986/986
f 955/955 956/956 988/988 987/987
f 956/956 957/957 989/989 988/988
f 957/957 958/958 990/990 989/989
f 959/959 960/960 992/992 991/991
f 960/960 961/961 993/993 992/992
f 961/961 962/962 994/994 993/993
f 962/962 963/963 995/995 994/994
f 963/963 964/964 996/996 995/995
f 964/964 965/965 997/997 996/996
f 965/965 966/966 998/998 997/997
f 966/966 967/967 999/999 998/998
f 967/967 968/968 1000/1000 999/999
f 968/968 969/969 1001/1001 1000/1000
f 969/969 970/970 1002/1002 1001/1001
f 970/970 971/971 1003/1003 1002/1002
f 971/971 972/972 1004/1004 1003/1003
f 972/972 973/973 1005/1005 1004/1004
f 973/973 974/974 1006/1006 1005/1005
f 974/974 975/975 1007/1007 1006/1006
f 975/975 976/976 1008/1008 1007/1007
f 976/976 977/977 1009/1009 1008/1008
f 977/977 978/978 1010/1010 1009/1009
f 978/978 979/979 1011/1011 1010/1010
f 979/979 980/980 1012/1012 1011/1011
f 980/980 981/981 1013/1013 1012/1012
f 981/981 982/982 1014/1014 1013/1013
f 982/982 983/983 1015/1015 1014/1014
f 983/983 984/984 1016/1016 1015/1015
f 984/984 985/985 1017/1017 1016/1016
f 985/985 986/986 1018/1018 1017/1017
f 986/986 987/987 1019/1019 1018/1018
f 987/987 988/988 1020/1020 1019/1019
f 988/988 989/989 1021/1021 1020/1020
f 989/989 990/990 1022/1022 1021/1021
f 1023/1023 1024/1024 1056/1056 1055/1055
f 1024/1024 1025/1025 1057/1057 1056/1056
f 1025/1025 1026/1026 1058/1058 1057/1057
f 1026/1026 1027/1027 1059/1059 1058/1058
f 1027/1027 1028/1028 1060/1060 1059/1059
f 1028/1028 1029/1029 1061/1061 1060/1060
f 1029/1029 1030/1030 1062/1062 1061/1061
f 1030/1030 1031/1031 1063/1063 1062/1062
f 1031/1031 1032/1032 1064/1064 1063/1063
f 1032/1032 1033/1033 1065/1065 1064/1064
f 1033/1033 1034/1034 1066/1066 1065/1065
f 1034/1034 1035/1035 1067/1067 1066/1066
f 1035/1035 1036/1036 1068/1068 1067/1067
f 1036/1036 1037/1037 1069/1069 1068/1068
f 1037/1037 1038/1038 1070/1070 1069/1069
f 1038/1038 1039/1039 1071/1071 1070/1070
f 1039/1039 1040/1040 1072/1072 1071/1071
f 1040/1040 1041/1041 1073/1073 1072/1072
f 1041/1041 1042/1042 1074/1074 1073/1073
f 1042/1042 1043/1043 1075/1075 1074/1074
f 1043/1043 1044/1044 1076/1076 1075/1075
f 1044/1044 1045/1045 1077/1077 1076/1076
f 1045/1045 1046/1046 1078/1078 1077/1077
f 1046/1046 1047/1047 1079/1079 1078/1078
f 1047/1047 1048/1048 1080/1080 1079/1079
f 1048/1048 1049/1049 1081/1081 1080/1080
f 1049/1049 1050/1050 1082/1082 1081/1081
f 1050/1050 1051/1051 1083/1083 1082/1082
f 1051/1051 1052/1052 1084/1084 1083/1083
f 1052/1052 1053/1053 1085/1085 1084/1084
f 1053/1053 1054/1054 1086/1086 1085/1085
f 1055/1055 1056/1056 896/896 895/895
f 1056/1056 1057/1057 897/897 896/896
f 1057/1057 1058/1058 898/898 897/897
f 1058/1058 1059/1059 899/899 898/898
f 1059/1059 1060/1060 900/900 899/899
f 1060/1060 1061/1061 901/901 900/900
f 1061/1061 1062/1062 902/902 901/901
f 1062/1062 1063/1063 903/903 902/902
f 1063/1063 1064/1064 904/904 903/903
f 1064/1064 1065/1065 905/905 904/904
f 1065/1065 1066/1066 906/906 905/905
f 1066/1066 1067/1067 907/907 906/906
f 1067/1067 1068/1068 908/908 907/907
f 1068/1068 1069/1069 909/909 908/908
f 1069/1069 1070/1070 910/910 909/909
f 1070/1070 1071/1071 911/911 910/910
f 1071/1071 1072/1072 912/912 911/911
f 1072/1072 1073/1073 913/913 912/912
f 1073/1073 1074/1074 914/914 913/913
f 1074/1074 1075/1075 915/915 914/914
f 1075/1075 1076/1076 916/916 915/915
f 1076/1076 1077/1077 917/917 916/916
f 1077/1077 1078/1078 918/918 917/917
f 1078/1078 1079/1079 919/919 918/918
f 1079/1079 1080/1080 920/920 919/919
f 1080/1080 1081/1081 921/921 920/920
f 1081/1081 1082/1082 922/922 921/921
f 1082/1082 1083/1083 923/923 922/922
f 1083/1083 1084/1084 924/924 923/923
f 1084/1084 1085/1085 925/925 924/924
f 1085/1085 1086/1086 926/926 925/925
f 1087/1087 1088/1088 1089/1089
f 1087/1087 1089/1089 1090/1090
f 1091/1091 1092/1092 1093/1093
f 1091/1091 1093/1093 1094/1094
f 1123/1123 1124/1124 1152/1152 1151/1151
f 1124/1124 1125/1125 1153/1153 1152/1152
f 1125/1125 1126/1126 1154/1154 1153/1153
f 1126/1126 1127/1127 1155/1155 1154/1154
f 1127/1127 1128/1128 1156/1156 1155/1155
f 1128/1128 1129/1129 1157/1157 1156/1156
f 1129/1129 1130/1130 1158/1158 1157/1157
f 1130/1130 1131/1131 1159/1159 1158/1158
f 1131/1131 1132/1132 1160/1160 1159/1159
f 1132/1132 1133/1133 1161/1161 1160/1160
f 1133/1133 1134/1134 1162/1162 1161/1161
f 1134/1134 1135/1135 1163/1163 1162/1162
f 1135/1135 1136/1136 1164/1164 1163/1163
f 1136/1136 1137/1137 1165/1165 1164/1164
f 1137/1137 1138/1138 1166/1166 1165/1165
f 1138/1138 1139/1139 1167/1167 1166/1166
f 1139/1139 1140/1140 1168/1168 1167/1167
f 1140/1140 1141/1141 1169/1169 1168/1168
f 1141/1141 1142/1142 1170/1170 1169/1169
f 1142/1142 1143/1143 1171/1171 1170/1170
f 1143/1143 1144/1144 1172/1172 1171/1171
f 1144/1144 1145/1145 1173/1173 1172/1172
f 1145/1145 1146/1146 1174/1174 1173/1173
f 1146/1146 1147/1147 1175/1175 1174/1174
f 1147/1147 1148/1148 1176/1176 1175/1175
f 1148/1148 1149/1149 1177/1177 1176/1176
f 1149/1149 1150/1150 1178/1178 1177/1177
f 1151/1151 1152/1152 1180/1180 1179/1179
f 1152/1152 1153/1153 1181/1181 1180/1180
f 1153/1153 1154/1154 1182/1182 1181/1181
f 1154/1154 1155/1155 1183/1183 1182/1182
f 1155/1155 1156/1156 1184/1184 1183/1183
f 1156/1156 1157/1157 1185/1185 1184/1184
f 1157/1157 1158/1158 1186/1186 1185/1185
f 1158/1158 1159/1159 1187/1187 1186/1186
f 1159/1159 1160/1160 1188/1188 1187/1187
f 1160/1160 1161/1161 1189/1189 1188/1188
f 1161/1161 1162/1162 1190/1190 1189/1189
f 1162/1162 1163/1163 1191/1191 1190/1190
f 1163/1163 1164/1164 1192/1192 1191/1191
f 1164/1164 1165/1165 1193/1193 1192/1192
f 1165/1165 1166/1166 1194/1194 1193/1193
f 1166/1166 1167/1167 1195/1195 1194/1194
f 1167/1167 1168/1168 1196/1196 1195/1195
f 1168/1168 1169/1169 1197/1197 1196/1196
f 1169/1169 1170/1170 1198/1198 1197/1197
f 1170/1170 1171/1171 1199/1199 1198/1198
f 1171/1171 1172/1172 1200/1200 1199/1199
f 1172/1172 1173/1173 1201/1201 1200/1200
f 1173/1173 1174/1174 1202/1202 1201/1201
f 1174/1174 1175/1175 1203/1203 1202/1202
f 1175/1175 1176/1176 1204/1204 1203/1203
f 1176/1176 1177/1177 1205/1205 1204/1204
f 1177/1177 1178/1178 1206/1206 1205/1205
f 1207/1207 1208/1208 1236/1236 1235/1235
f 1208/1208 1209/1209 1237/1237 1236/1236
f 1209/1209 1210/1210 1238/1238 1237/1237
f 1210/1210 1211/1211 1239/1239 1238/1238
f 1211/1211 1212/1212 1240/1240 1239/1239
f 1212/1212 1213/1213 1241/1241 1240/1240
f 1213/1213 1214/1214 1242/1242 1241/1241
f 1214/1214 1215/1215 1243/1243 1242/1242
f 1215/1215 1216/1216 1244/1244 1243/1243
f 1216/1216 1217/1217 1245/1245 1244/1244
f 1217/1217 1218/1218 1246/1246 1245/1245
f 1218/1218 1219/1219 1247/1247 1246/1246
f 1219/1219 1220/1220 1248/1248 1247/1247
f 1220/1220 1221/1221 1249/1249 1248/1248
f 1221/1221 1222/1222 1250/1250 1249/1249
f 1222/1222 1223/1223 1251/1251 1250/1250
f 1223/1223 1224/1224 1252/1252 1251/1251
f 1224/1224 1225/1225 1253/1253 1252/1252
f 1225/1225 1226/1226 1254/1254 1253/1253
f 1226/1226 1227/1227 1255/1255 1254/1254
f 1227/1227 1228/1228 1256/1256 1255/1255
f 1228/1228 1229/1229 1257/1257 1256/1256
f 1229/1229 1230/1230 1258/1258 1257/1257
f 1230/1230 1231/1231 1259/1259 1258/1258
f 1231/1231 1232/1232 1260/1260 1259/1259
f 1232/1232 1233/1233 1261/1261 1260/1260
f 1233/1233 1234/1234 1262/1262 1261/1261
f 1235/1235 1236/1236 1096/1096 1095/1095
f 1236/1236 1237/1237 1097/1097 1096/1096
f 1237/1237 1238/1238 1098/1098 1097/1097
f 1238/1238 1239/1239 1099/1099 1098/1098
f 1239/1239 1240/1240 1100/1100 1099/1099
f 1240/1240 1241/1241 1101/1101 1100/1100
f 1241/1241 1242/1242 1102/1102 1101/1101
f 1242/1242 1243/1243 1103/1103 1102/1102
f 1243/1243 1244/1244 1104/1104 1103/1103
f 1244/1244 1245/1245 1105/1105 1104/1104
f 1245/1245 1246/1246 1106/1106 1105/1105
f 1246/1246 1247/1247 1107/1107 1106/1106
f 1247/1247 1248/1248 1108/1108 1107/1107
f 1248/1248 1249/1249 1109/1109 1108/1108
f 1249/1249 1250/1250 1110/1110 1109/1109
f 1250/1250 1251/1251 1111/1111 1110/1110
f 1251/1251 1252/1252 1112/1112 1111/1111
f 1252/1252 1253/1253 1113/1113 1112/1112
f 1253/1253 1254/1254 1114/1114 1113/1113
f 1254/1254 1255/1255 1115/1115 1114/1114
f 1255/1255 1256/1256 1116/1116 1115/1115
f 1256/1256 1257/1257 1117/1117 1116/1116
f 1257/1257 1258/1258 1118/1118 1117/1117
f 1258/1258 1259/1259 1119/1119 1118/1118
f 1259/1259 1260/1260 1120/1120 1119/1119
f 1260/1260 1261/1261 1121/1121 1120/1120
f 1261/1261 1262/1262 1122/1122 1121/1121
f 1263/1263 1264/1264 1265/1265
f 1263/1263 1265/1265 1266/1266
f 1267/1267 1268/1268 1269/1269
f 1267/1267 1269/1269 1270/1270
f 1302/1302 1303/1303 1334/1334 1333/1333
f 1303/1303 1304/1304 1335/1335 1334/1334
f 1304/1304 1305/1305 1336/1336 1335/1335
f 1305/1305 1306/1306 1337/1337 1336/1336
f 1306/1306 1307/1307 1338/1338 1337/1337
f 1307/1307 1308/1308 1339/1339 1338/1338
f 1308/1308 1309/1309 1340/1340 1339/1339
f 1309/1309 1310/1310 1341/1341 1340/1340
f 1310/1310 1311/1311 1342/1342 1341/1341
f 1311/1311 1312/1312 1343/1343 1342/1342
f 1312/1312 1313/1313 1344/1344 1343/1343
f 1313/1313 1314/1314 1345/1345 1344/1344
f 1314/1314 1315/1315 1346/1346 1345/1345
f 1315/1315 1316/1316 1347/1347 1346/1346
f 1316/1316 1317/1317 1348/1348 1347/1347
f 1317/1317 1318/1318 1349/1349 1348/1348
f 1318/1318 1319/1319 1350/1350 1349/1349
f 1319/1319 1320/1320 1351/1351 1350/1350
f 1320/1320 1321/1321 1352/1352 1351/1351
f 1321/1321 1322/1322 1353/1353 1352/1352
f 1322/1322 1323/1323 1354/1354 1353/1353
f 1323/1323 1324/1324 1355/1355 1354/1354
f 1324/1324 1325/1325 1356/1356 1355/1355
f 1325/1325 1326/1326 1357/1357 1356/1356
f 1326/1326 1327/1327 1358/1358 1357/1357
f 1327/1327 1328/1328 1359/1359 1358/1358
f 1328/1328 1329/1329 1360/1360 1359/1359
f 1329/1329 1330/1330 1361/1361 1360/1360
f 1330/1330 1331/1331 1362/1362 1361/1361
f 1331/1331 1332/1332 1363/1363 1362/1362
f 1333/1333 1334/1334 1365/1365 1364/1364
f 1334/1334 1335/1335 1366/1366 1365/1365
f 1335/1335 1336/1336 1367/1367 1366/1366
f 1336/1336 1337/1337 1368/1368 1367/1367
f 1337/1337 1338/1338 1369/1369 1368/1368
f 1338/1338 1339/1339 1370/1370 1369/1369
f 1339/1339 1340/1340 1371/1371 1370/1370
f 1340/1340 1341/1341 1372/1372 1371/1371
f 1341/1341 1342/1342 1373/1373 1372/1372
f 1342/1342 1343/1343 1374/1374 1373/1373
f 1343/1343 1344/1344 1375/1375 1374/1374
f 1344/1344 1345/1345 1376/1376 1375/1375
f 1345/1345 1346/1346 1377/1377 1376/1376
f 1346/1346 1347/1347 1378/1378 1377/1377
f 1347/1347 1348/1348 1379/1379 1378/1378
f 1348/1348 1349/1349 1380/1380 1379/1379
f 1349/1349 1350/1350 1381/1381 1380/1380
f 1350/1350 1351/1351 1382/1382 1381/1381
f 1351/1351 1352/1352 1383/1383 1382/1382
f 1352/1352 1353/1353 1384/1384 1383/1383
f 1353/1353 1354/1354 1385/1385 1384/1384
f 1354/1354 1355/1355 1386/1386 1385/1385
f 1355/1355 1356/1356 1387/1387 1386/1386
f 1356/1356 1357/1357 1388/1388 1387/1387
f 1357/1357 1358/1358 1389/1389 1388/1388
f 1358/1358 1359/1359 1390/1390 1389/1389
f 1359/1359 1360/1360 1391/1391 1390/1390
f 1360/1360 1361/1361 1392/1392 1391/1391
f 1361/1361 1362/1362 1393/1393 1392/1392
f 1362/1362 1363/1363 1394/1394 1393/1393
f 1395/1395 1396/1396 1427/1427 1426/1426
f 1396/1396 1397/1397 1428/1428 1427/1427
f 1397/1397 1398/1398 1429/1429 1428/1428
f 1398/1398 1399/1399 1430/1430 1429/1429
f 1399/1399 1400/1400 1431/1431 1430/1430
f 1400/1400 1401/1401 1432/1432 1431/1431
f 1401/1401 1402/1402 1433/1433 1432/1432
f 1402/1402 1403/1403 1434/1434 1433/1433
f 1403/1403 1404/1404 1435/1435 1434/1434
f 1404/1404 1405/1405 1436/1436 1435/1435
f 1405/1405 1406/1406 1437/1437 1436/1436
f 1406/1406 1407/1407 1438/1438 1437/1437
f 1407/1407 1408/1408 1439/1439 1438/1438
f 1408/1408 1409/1409 1440/1440 1439/1439
f 1409/1409 1410/1410 1441/1441 1440/1440
f 1410/1410 1411/1411 1442/1442 1441/1441
f 1411/1411 1412/1412 1443/1443 1442/1442
f 1412/1412 1413/1413 1444/1444 1443/1443
f 1413/1413 1414/1414 1445/1445 1444/1444
f 1414/1414 1415/1415 1446/1446 1445/1445
f 1415/1415 1416/1416 1447/1447 1446/1446
f 1416/1416 1417/1417 1448/1448 1447/1447
f 1417/1417 1418/1418 1449/1449 1448/1448
f 1418/1418 1419/1419 1450/1450 1449/1449
f 1419/1419 1420/1420 1451/1451 1450/1450
f 1420/1420 1421/1421 1452/1452 1451/1451
f 1421/1421 1422/1422 1453/1453 1452/1452
f 1422/1422 1423/1423 1454/1454 1453/1453
f 1423/1423 1424/1424 1455/1455 1454/1454
f 1424/1424 1425/1425 1456/1456 1455/1455
f 1426/1426 1427/1427 1272/1272 1271/1271
f 1427/1427 1428/1428 1273/1273 1272/1272
f 1428/1428 1429/1429 1274/1274 1273/1273
f 1429/1429 1430/1430 1275/1275 1274/1274
f 1430/1430 1431/1431 1276/1276 1275/1275
f 1431/1431 1432/1432 1277/1277 1276/1276
f 1432/1432 1433/1433 1278/1278 1277/1277
f 1433/1433 1434/1434 1279/1279 1278/1278
f 1434/1434 1435/1435 1280/1280 1279/1279
f 1435/1435 1436/1436 1281/1281 1280/1280
f 1436/1436 1437/1437 1282/1282 1281/1281
f 1437/1437 1438/1438 1283/1283 1282/1282
f 1438/1438 1439/1439 1284/1284 1283/1283
f 1439/1439 1440/1440 1285/1285 1284/1284
f 1440/1440 1441/1441 1286/1286 1285/1285
f 1441/1441 1442/1442 1287/1287 1286/1286
f 1442/1442 1443/1443 1288/1288 1287/1287
f 1443/1443 1444/1444 1289/1289 1288/1288
f 1444/1444 1445/1445 1290/1290 1289/1289
f 1445/1445 1446/1446 1291/1291 1290/1290
f 1446/1446 1447/1447 1292/1292 1291/1291
f 1447/1447 1448/1448 1293/1293 1292/1292
f 1448/1448 1449/1449 1294/1294 1293/1293
f 1449/1449 1450/1450 1295/1295 1294/1294
f 1450/1450 1451/1451 1296/1296 1295/1295
f 1451/1451 1452/1452 1297/1297 1296/1296
f 1452/1452 1453/1453 1298/1298 1297/1297
f 1453/1453 1454/1454 1299/1299 1298/1298
f 1454/1454 1455/1455 1300/1300 1299/1299
f 1455/1455 1456/1456 1301/1301 1300/1300
f 1457/1457 1458/1458 1459/1459
f 1457/1457 1459/1459 1460/1460
f 1461/1461 1462/1462 1463/1463
f 1461/1461 1463/1463 1464/1464
f 1491/1491 1492/1492 1518/1518 1517/1517
f 1492/1492 1493/1493 1519/1519 1518/1518
f 1493/1493 1494/1494 1520/1520 1519/1519
f 1494/1494 1495/1495 1521/1521 1520/1520
f 1495/1495 1496/1496 1522/1522 1521/1521
f 1496/1496 1497/1497 1523/1523 1522/1522
f 1497/1497 1498/1498 1524/1524 1523/1523
f 1498/1498 1499/1499 1525/1525 1524/1524
f 1499/1499 1500/1500 1526/1526 1525/1525
f 1500/1500 1501/1501 1527/1527 1526/1526
f 1501/1501 1502/1502 1528/1528 1527/1527
f 1502/1502 1503/1503 1529/1529 1528/1528
f 1503/1503 1504/1504 1530/1530 1529/1529
f 1504/1504 1505/1505 1531/1531 1530/1530
f 1505/1505 1506/1506 1532/1532 1531/1531
f 1506/1506 1507/1507 1533/1533 1532/1532
f 1507/1507 1508/1508 1534/1534 1533/1533
f 1508/1508 1509/1509 1535/1535 1534/1534
f 1509/1509 1510/1510 1536/1536 1535/1535
f 1510/1510 1511/1511 1537/1537 1536/1536
f 1511/1511 1512/1512 1538/1538 1537/1537
f 1512/1512 1513/1513 1539/1539 1538/1538
f 1513/1513 1514/1514 1540/1540 1539/1539
f 1514/1514 1515/1515 1541/1541 1540/1540
f 1515/1515 1516/1516 1542/1542 1541/1541
f 1517/1517 1518/1518 1544/1544 1543/1543
f 1518/1518 1519/1519 1545/1545 1544/1544
f 1519/1519 1520/1520 1546/1546 1545/1545
f 1520/1520 1521/1521 1547/1547 1546/1546
f 1521/1521 1522/1522 1548/1548 1547/1547
f 1522/1522 1523/1523 1549/1549 1548/1548
f 1523/1523 1524/1524 1550/1550 1549/1549
f 1524/1524 1525/1525 1551/1551 1550/1550
f 1525/1525 1526/1526 1552/1552 1551/1551
f 1526/1526 1527/1527 1553/1553 1552/1552
f 1527/1527 1528/1528 1554/1554 1553/1553
f 1528/1528 1529/1529 1555/1555 1554/1554
f 1529/1529 1530/1530 1556/1556 1555/1555
f 1530/1530 1531/1531 1557/1557 1556/1556
f 1531/1531 1532/1532 1558/1558 1557/1557
f 1532/1532 1533/1533 1559/1559 1558/1558
f 1533/1533 1534/1534 1560/1560 1559/1559
f 1534/1534 1535/1535 1561/1561 1560/1560
f 1535/1535 1536/1536 1562/1562 1561/1561
f 1536/1536 1537/1537 1563/1563 1562/1562
f 1537/1537 1538/1538 1564/1564 1563/1563
f 1538/1538 1539/1539 1565/1565 1564/1564
f 1539/1539 1540/1540 1566/1566 1565/1565
f 1540/1540 1541/1541 1567/1567 1566/1566
f 1541/1541 1542/1542 1568/1568 1567/1567
f 1569/1569 1570/1570 1596/1596 1595/1595
f 1570/1570 1571/1571 1597/1597 1596/1596
f 1571/1571 1572/1572 1598/1598 1597/1597
f 1572/1572 1573/1573 1599/1599 1598/1598
f 1573/1573 1574/1574 1600/1600 1599/1599
f 1574/1574 1575/1575 1601/1601 1600/1600
f 1575/1575 1576/1576 1602/1602 1601/1601
f 1576/1576 1577/1577 1603/1603 1602/1602
f 1577/1577 1578/1578 1604/1604 1603/1603
f 1578/1578 1579/1579 1605/1605 1604/1604
f 1579/1579 1580/1580 1606/1606 1605/1605
f 1580/1580 1581/1581 1607/1607 1606/1606
f 1581/1581 1582/1582 1608/1608 1607/1607
f 1582/1582 1583/1583 1609/1609 1608/1608
f 1583/1583 1584/1584 1610/1610 1609/1609
f 1584/1584 1585/1585 1611/1611 1610/1610
f 1585/1585 1586/1586 1612/1612 1611/1611
f 1586/1586 1587/1587 1613/1613 1612/1612
f 1587/1587 1588/1588 1614/1614 1613/1613
f 1588/1588 1589/1589 1615/1615 1614/1614
f 1589/1589 1590/1590 1616/1616 1615/1615
f 1590/1590 1591/1591 1617/1617 1616/1616
f 1591/1591 1592/1592 1618/1618 1617/1617
f 1592/1592 1593/1593 1619/1619 1618/1618
f 1593/1593 1594/1594 1620/1620 1619/1619
f 1595/1595 1596/1596 1466/1466 1465/1465
f 1596/1596 1597/1597 1467/1467 1466/1466
f 1597/1597 1598/1598 1468/1468 1467/1467
f 1598/1598 1599/1599 1469/1469 1468/1468
f 1599/1599 1600/1600 1470/1470 1469/1469
f 1600/1600 1601/1601 1471/1471 1470/1470
f 1601/1601 1602/1602 1472/1472 1471/1471
f 1602/1602 1603/1603 1473/1473 1472/1472
f 1603/1603 1604/1604 1474/1474 1473/1473
f 1604/1604 1605/1605 1475/1475 1474/1474
f 1605/1605 1606/1606 1476/1476 1475/1475
f 1606/1606 1607/1607 1477/1477 1476/1476
f 1607/1607 1608/1608 1478/1478 1477/1477
f 1608/1608 1609/1609 1479/1479 1478/1478
f 1609/1609 1610/1610 1480/1480 1479/1479
f 1610/1610 1611/1611 1481/1481 1480/1480
f 1611/1611 1612/1612 1482/1482 1481/1481
f 1612/1612 1613/1613 1483/1483 1482/1482
f 1613/1613 1614/1614 1484/1484 1483/1483
f 1614/1614 1615/1615 1485/1485 1484/1484
f 1615/1615 1616/1616 1486/1486 1485/1485
f 1616/1616 1617/1617 1487/1487 1486/1486
f 1617/1617 1618/1618 1488/1488 1487/1487
f 1618/1618 1619/1619 1489/1489 1488/1488
f 1619/1619 1620/1620 1490/1490 1489/1489
f 1621/1621 1622/1622 1623/1623
f 1621/1621 1623/1623 1624/1624
f 1625/1625 1626/1626 1627/1627
f 1625/1625 1627/1627 1628/1628
f 1656/1656 1657/1657 1684/1684 1683/1683
f 1657/1657 1658/1658 1685/1685 1684/1684
f 1658/1658 1659/1659 1686/1686 1685/1685
f 1659/1659 1660/1660 1687/1687 1686/1686
f 1660/1660 1661/1661 1688/1688 1687/1687
f 1661/1661 1662/1662 1689/1689 1688/1688
f 1662/1662 1663/1663 1690/1690 1689/1689
f 1663/1663 1664/1664 1691/1691 1690/1690
f 1664/1664 1665/1665 1692/1692 1691/1691
f 1665/1665 1666/1666 1693/1693 1692/1692
f 1666/1666 1667/1667 1694/1694 1693/1693
f 1667/1667 1668/1668 1695/1695 1694/1694
f 1668/1668 1669/1669 1696/1696 1695/1695
f 1669/1669 1670/1670 1697/1697 1696/1696
f 1670/1670 1671/1671 1698/1698 1697/1697
f 1671/1671 1672/1672 1699/1699 1698/1698
f 1672/1672 1673/1673 1700/1700 1699/1699
f 1673/1673 1674/1674 1701/1701 1700/1700
f 1674/1674 1675/1675 1702/1702 1701/1701
f 1675/1675 1676/1676 1703/1703 1702/1702
f 1676/1676 1677/1677 1704/1704 1703/1703
f 1677/1677 1678/1678 1705/1705 1704/1704
f 1678/1678 1679/1679 1706/1706 1705/1705
f 1679/1679 1680/1680 1707/1707 1706/1706
f 1680/1680 1681/1681 1708/1708 1707/1707
f 1681/1681 1682/1682 1709/1709 1708/1708
f 1683/1683 1684/1684 1711/1711 1710/1710
f 1684/1684 1685/1685 1712/1712 1711/1711
f 1685/1685 1686/1686 1713/1713 1712/1712
f 1686/1686 1687/1687 1714/1714 1713/1713
f 1687/1687 1688/1688 1715/1715 1714/1714
f 1688/1688 1689/1689 1716/1716 1715/1715
f 1689/1689 1690/1690 1717/1717 1716/1716
f 1690/1690 1691/1691 1718/1718 1717/1717
f 1691/1691 1692/1692 1719/1719 1718/1718
f 1692/1692 1693/1693 1720/1720 1719/1719
f 1693/1693 1694/1694 1721/1721 1720/1720
f 1694/1694 1695/1695 1722/1722 1721/1721
f 1695/1695 1696/1696 1723/1723 1722/1722
f 1696/1696 1697/1697 1724/1724 1723/1723
f 1697/1697 1698/1698 1725/1725 1724/1724
f 1698/1698 1699/1699 1726/1726 1725/1725
f 1699/1699 1700/1700 1727/1727 1726/1726
f 1700/1700 1701/1701 1728/1728 1727/1727
f 1701/1701 1702/1702 1729/1729 1728/1728
f 1702/1702 1703/1703 1730/1730 1729/1729
f 1703/1703 1704/1704 1731/1731 1730/1730
f 1704/1704 1705/1705 1732/1732 1731/1731
f 1705/1705 1706/1706 1733/1733 1732/1732
f 1706/1706 1707/1707 1734/1734 1733/1733
f 1707/1707 1708/1708 1735/1735 1734/1734
f 1708/1708 1709/1709 1736/1736 1735/1735
f 1737/1737 1738/1738 1765/1765 1764/1764
f 1738/1738 1739/1739 1766/1766 1765/1765
f 1739/1739 1740/1740 1767/1767 1766/1766
f 1740/1740 1741/1741 1768/1768 1767/1767
f 1741/1741 1742/1742 1769/1769 1768/1768
f 1742/1742 1743/1743 1770/1770 1769/1769
f 1743/1743 1744/1744 1771/1771 1770/1770
f 1744/1744 1745/1745 1772/1772 1771/1771
f 1745/1745 1746/1746 1773/1773 1772/1772
f 1746/1746 1747/1747 1774/1774 1773/1773
f 1747/1747 1748/1748 1775/1775 1774/1774
f 1748/1748 1749/1749 1776/1776 1775/1775
f 1749/1749 1750/1750 1777/1777 1776/1776
f 1750/1750 1751/1751 1778/1778 1777/1777
f 1751/1751 1752/1752 1779/1779 1778/1778
f 1752/1752 1753/1753 1780/1780 1779/1779
f 1753/1753 1754/1754 1781/1781 1780/1780
f 1754/1754 1755/1755 1782/1782 1781/1781
f 1755/1755 1756/1756 1783/1783 1782/1782
f 1756/1756 1757/1757 1784/1784 1783/1783
f 1757/1757 1758/1758 1785/1785 1784/1784
f 1758/1758 1759/1759 1786/1786 1785/1785
f 1759/1759 1760/1760 1787/1787 1786/1786
f 1760/1760 1761/1761 1788/1788 1787/1787
f 1761/1761 1762/1762 1789/1789 1788/1788
f 1762/1762 1763/1763 1790/1790 1789/1789
f 1764/1764 1765/1765 1630/1630 1629/1629
f 1765/1765 1766/1766 1631/1631 1630/1630
f 1766/1766 1767/1767 1632/1632 1631/1631
f 1767/1767 1768/1768 1633/1633 1632/1632
f 1768/1768 1769/1769 1634/1634 1633/1633
f 1769/1769 1770/1770 1635/1635 1634/1634
f 1770/1770 1771/1771 1636/1636 1635/1635
f 1771/1771 1772/1772 1637/1637 1636/1636
f 1772/1772 1773/1773 1638/1638 1637/1637
f 1773/1773 1774/1774 1639/1639 1638/1638
f 1774/1774 1775/1775 1640/1640 1639/1639
f 1775/1775 1776/1776 1641/1641 1640/1640
f 1776/1776 1777/1777 1642/1642 1641/1641
f 1777/1777 1778/1778 1643/1643 1642/1642
f 1778/1778 1779/1779 1644/1644 1643/1643
f 1779/1779 1780/1780 1645/1645 1644/1644
f 1780/1780 1781/1781 1646/1646 1645/1645
f 1781/1781 1782/1782 1647/1647 1646/1646
f 1782/1782 1783/1783 1648/1648 1647/1647
f 1783/1783 1784/1784 1649/1649 1648/1648
f 1784/1784 1785/1785 1650/1650 1649/1649
f 1785/1785 1786/1786 1651/1651 1650/1650
f 1786/1786 1787/1787 1652/1652 1651/1651
f 1787/1787 1788/1788 1653/1653 1652/1652
f 1788/1788 1789/1789 1654/1654 1653/1653
f 1789/1789 1790/1790 1655/1655 1654/1654
f 1791/1791 1792/1792 1793/1793
f 1791/1791 1793/1793 1794/1794
f 1795/1795 1796/1796 1797/1797
f 1795/1795 1797/1797 1798/1798
f 1825/1825 1826/1826 1852/1852 1851/1851
f 1826/1826 1827/1827 1853/1853 1852/1852
f 1827/1827 1828/1828 1854/1854 1853/1853
f 1828/1828 1829/1829 1855/1855 1854/1854
f 1829/1829 1830/1830 1856/1856 1855/1855
f 1830/1830 1831/1831 1857/1857 1856/1856
f 1831/1831 1832/1832 1858/1858 1857/1857
f 1832/1832 1833/1833 1859/1859 1858/1858
f 1833/1833 1834/1834 1860/1860 1859/1859
f 1834/1834 1835/1835 1861/1861 1860/1860
f 1835/1835 1836/1836 1862/1862 1861/1861
f 1836/1836 1837/1837 1863/1863 1862/1862
f 1837/1837 1838/1838 1864/1864 1863/1863
f 1838/1838 1839/1839 1865/1865 1864/1864
f 1839/1839 1840/1840 1866/1866 1865/1865
f 1840/1840 1841/1841 1867/1867 1866/1866
f 1841/1841 1842/1842 1868/1868 1867/1867
f 1842/1842 1843/1843 1869/1869 1868/1868
f 1843/1843 1844/1844 1870/1870 1869/1869
f 1844/1844 1845/1845 1871/1871 1870/1870
f 1845/1845 1846/1846 1872/1872 1871/1871
f 1846/1846 1847/1847 1873/1873 1872/1872
f 1847/1847 1848/1848 1874/1874 1873/1873
f 1848/1848 1849/1849 1875/1875 1874/1874
f 1849/1849 1850/1850 1876/1876 1875/1875
f 1851/1851 1852/1852 1878/1878 1877/1877
f 1852/1852 1853/1853 1879/1879 1878/1878
f 1853/1853 1854/1854 1880/1880 1879/1879
f 1854/1854 1855/1855 1881/1881 1880/1880
f 1855/1855 1856/1856 1882/1882 1881/1881
f 1856/1856 1857/1857 1883/1883 1882/1882
f 1857/1857 1858/1858 1884/1884 1883/1883
f 1858/1858 1859/1859 1885/1885 1884/1884
f 1859/1859 1860/1860 1886/1886 1885/1885
f 1860/1860 1861/1861 1887/1887 1886/1886
f 1861/1861 1862/1862 1888/1888 1887/1887
f 1862/1862 1863/1863 1889/1889 1888/1888
f 1863/1863 1864/1864 1890/1890 1889/1889
f 1864/1864 1865/1865 1891/1891 1890/1890
f 1865/1865 1866/1866 1892/1892 1891/1891
f 1866/1866 1867/1867 1893/1893 1892/1892
f 1867/1867 1868/1868 1894/1894 1893/1893
f 1868/1868 1869/1869 1895/1895 1894/1894
f 1869/1869 1870/1870 1896/1896 1895/1895
f 1870/1870 1871/1871 1897/1897 1896/1896
f 1871/1871 1872/1872 1898/1898 1897/1897
f 1872/1872 1873/1873 1899/1899 1898/1898
f 1873/1873 1874/1874 1900/1900 1899/1899
f 1874/1874 1875/1875 1901/1901 1900/1900
f 1875/1875 1876/1876 1902/1902 1901/1901
f 1903/1903 1904/1904 1930/1930 1929/1929
f 1904/1904 1905/1905 1931/1931 1930/1930
f 1905/1905 1906/1906 1932/1932 1931/1931
f 1906/1906 1907/1907 1933/1933 1932/1932
f 1907/1907 1908/1908 1934/1934 1933/1933
f 1908/1908 1909/1909 1935/1935 1934/1934
f 1909/1909 1910/1910 1936/1936 1935/1935
f 1910/1910 1911/1911 1937/1937 1936/1936
f 1911/1911 1912/1912 1938/1938 1937/1937
f 1912/1912 1913/1913 1939/1939 1938/1938
f 1913/1913 1914/1914 1940/1940 1939/1939
f 1914/1914 1915/1915 1941/1941 1940/1940
f 1915/1915 1916/1916 1942/1942 1941/1941
f 1916/1916 1917/1917 1943/1943 1942/1942
f 1917/1917 1918/1918 1944/1944 1943/1943
f 1918/1918 1919/1919 1945/1945 1944/1944
f 1919/1919 1920/1920 1946/1946 1945/1945
f 1920/1920 1921/1921 1947/1947 1946/1946
f 1921/1921 1922/1922 1948/1948 1947/1947
f 1922/1922 1923/1923 1949/1949 1948/1948
f 1923/1923 1924/1924 1950/1950 1949/1949
f 1924/1924 1925/1925 1951/1951 1950/1950
f 1925/1925 1926/1926 1952/1952 1951/1951
f 1926/1926 1927/1927 1953/1953 1952/1952
f 1927/1927 1928/1928 1954/1954 1953/1953
f 1929/1929 1930/1930 1800/1800 1799/1799
f 1930/1930 1931/1931 1801/1801 1800/1800
f 1931/1931 1932/1932 1802/1802 1801/1801
f 1932/1932 1933/1933 1803/1803 1802/1802
f 1933/1933 1934/1934 1804/1804 1803/1803
f 1934/1934 1935/1935 1805/1805 1804/1804
f 1935/1935 1936/1936 1806/1806 1805/1805
f 1936/1936 1937/1937 1807/1807 1806/1806
f 1937/1937 1938/1938 1808/1808 1807/1807
f 1938/1938 1939/1939 1809/1809 1808/1808
f 1939/1939 1940/1940 1810/1810 1809/1809
f 1940/1940 1941/1941 1811/1811 1810/1810
f 1941/1941 1942/1942 1812/1812 1811/1811
f 1942/1942 1943/1943 1813/1813 1812/1812
f 1943/1943 1944/1944 1814/1814 1813/1813
f 1944/1944 1945/1945 1815/1815 1814/1814
f 1945/1945 1946/1946 1816/1816 1815/1815
f 1946/1946 1947/1947 1817/1817 1816/1816
f 1947/1947 1948/1948 1818/1818 1817/1817
f 1948/1948 1949/1949 1819/1819 1818/1818
f 1949/1949 1950/1950 1820/1820 1819/1819
f 1950/1950 1951/1951 1821/1821 1820/1820
f 1951/1951 1952/1952 1822/1822 1821/1821
f 1952/1952 1953/1953 1823/1823 1822/1822
f 1953/1953 1954/1954 1824/1824 1823/1823
f 1955/1955 1956/1956 1957/1957
f 1955/1955 1957/1957 1958/1958
f 1959/1959 1960/1960 1961/1961
f 1959/1959 1961/1961 1962/1962
f 1990/1990 1991/1991 2018/2018 2017/2017
f 1991/1991 1992/1992 2019/2019 2018/2018
f 1992/1992 1993/1993 2020/2020 2019/2019
f 1993/1993 1994/1994 2021/2021 2020/2020
f 1994/1994 1995/1995 2022/2022 2021/2021
f 1995/1995 1996/1996 2023/2023 2022/2022
f 1996/1996 1997/1997 2024/2024 2023/2023
f 1997/1997 1998/1998 2025/2025 2024/2024
f 1998/1998 1999/1999 2026/2026 2025/2025
f 1999/1999 2000/2000 2027/2027 2026/2026
f 2000/2000 2001/2001 2028/2028 2027/2027
f 2001/2001 2002/2002 2029/2029 2028/2028
f 2002/2002 2003/2003 2030/2030 2029/2029
f 2003/2003 2004/2004 2031/2031 2030/2030
f 2004/2004 2005/2005 2032/2032 2031/2031
f 2005/2005 2006/2006 2033/2033 2032/2032
f 2006/2006 2007/2007 2034/2034 2033/2033
f 2007/2007 2008/2008 2035/2035 2034/2034
f 2008/2008 2009/2009 2036/2036 2035/2035
f 2009/2009 2010/2010 2037/2037 2036/2036
f 2010/2010 2011/2011 2038/2038 2037/2037
f 2011/2011 2012/2012 2039/2039 2038/2038
f 2012/2012 2013/2013 2040/2040 2039/2039
f 2013/2013 2014/2014 2041/2041 2040/2040
f 2014/2014 2015/2015 2042/2042 2041/2041
f 2015/2015 2016/2016 2043/2043 2042/2042
f 2017/2017 2018/2018 2045/2045 2044/2044
f 2018/2018 2019/2019 2046/2046 2045/2045
f 2019/2019 2020/2020 2047/2047 2046/2046
f 2020/2020 2021/2021 2048/2048 2047/2047
f 2021/2021 2022/2022 2049/2049 2048/2048
f 2022/2022 2023/2023 2050/2050 2049/2049
f 2023/2023 2024/2024 2051/2051 2050/2050
f 2024/2024 2025/2025 2052/2052 2051/2051
f 2025/2025 2026/2026 2053/2053 2052/2052
f 2026/2026 2027/2027 2054/2054 2053/2053
f 2027/2027 2028/2028 2055/2055 2054/2054
f 2028/2028 2029/2029 2056/2056 2055/2055
f 2029/2029 2030/2030 2057/2057 2056/2056
f 2030/2030 2031/2031 2058/2058 2057/2057
f 2031/2031 2032/2032 2059/2059 2058/2058
f 2032/2032 2033/2033 2060/2060 2059/2059
f 2033/2033 2034/2034 2061/2061 2060/2060
f 2034/2034 2035/2035 2062/2062 2061/2061
f 2035/2035 2036/2036 2063/2063 2062/2062
f 2036/2036 2037/2037 2064/2064 2063/2063
f 2037/2037 2038/2038 2065/2065 2064/2064
f 2038/2038 2039/2039 2066/2066 2065/2065
f 2039/2039 2040/2040 2067/2067 2066/2066
f 2040/2040 2041/2041 2068/2068 2067/2067
f 2041/2041 2042/2042 2069/2069 2068/2068
f 2042/2042 2043/2043 2070/2070 2069/2069
f 2071/2071 2072/2072 2099/2099 2098/2098
f 2072/2072 2073/2073 2100/2100 2099/2099
f 2073/2073 2074/2074 2101/2101 2100/2100
f 2074/2074 2075/2075 2102/2102 2101/2101
f 2075/2075 2076/2076 2103/2103 2102/2102
f 2076/2076 2077/2077 2104/2104 2103/2103
f 2077/2077 2078/2078 2105/2105 2104/2104
f 2078/2078 2079/2079 2106/2106 2105/2105
f 2079/2079 2080/2080 2107/2107 2106/2106
f 2080/2080 2081/2081 2108/2108 2107/2107
f 2081/2081 2082/2082 2109/2109 2108/2108
f 2082/2082 2083/2083 2110/2110 2109/2109
f 2083/2083 2084/2084 2111/2111 2110/2110
f 2084/2084 2085/2085 2112/2112 2111/2111
f 2085/2085 2086/2086 2113/2113 2112/2112
f 2086/2086 2087/2087 2114/2114 2113/2113
f 2087/2087 2088/2088 2115/2115 2114/2114
f 2088/2088 2089/2089 2116/2116 2115/2115
f 2089/2089 2090/2090 2117/2117 2116/2116
f 2090/2090 2091/2091 2118/2118 2117/2117
f 2091/2091 2092/2092 2119/2119 2118/2118
f 2092/2092 2093/2093 2120/2120 2119/2119
f 2093/2093 2094/2094 2121/2121 2120/2120
f 2094/2094 2095/2095 2122/2122 2121/2121
f 2095/2095 2096/2096 2123/2123 2122/2122
f 2096/2096 2097/2097 2124/2124 2123/2123
f 2098/2098 2099/2099 1964/1964 1963/1963
f 2099/2099 2100/2100 1965/1965 1964/1964
f 2100/2100 2101/2101 1966/1966 1965/1965
f 2101/2101 2102/2102 1967/1967 1966/1966
f 2102/2102 2103/2103 1968/1968 1967/1967
f 2103/2103 2104/2104 1969/1969 1968/1968
f 2104/2104 2105/2105 1970/1970 1969/1969
f 2105/2105 2106/2106 1971/1971 1970/1970
f 2106/2106 2107/2107 1972/1972 1971/1971
f 2107/2107 2108/2108 1973/1973 1972/1972
f 2108/2108 2109/2109 1974/1974 1973/1973
f 2109/2109 2110/2110 1975/1975 1974/1974
f 2110/2110 2111/2111 1976/1976 1975/1975
f 2111/2111 2112/2112 1977/1977 1976/1976
f 2112/2112 2113/2113 1978/1978 1977/1977
f 2113/2113 2114/2114 1979/1979 1978/1978
f 2114/2114 2115/2115 1980/1980 1979/1979
f 2115/2115 2116/2116 1981/1981 1980/1980
f 2116/2116 2117/2117 1982/1982 1981/1981
f 2117/2117 2118/2118 1983/1983 1982/1982
f 2118/2118 2119/2119 1984/1984 1983/1983
f 2119/2119 2120/2120 1985/1985 1984/1984
f 2120/2120 2121/2121 1986/1986 1985/1985
f 2121/2121 2122/2122 1987/1987 1986/1986
f 2122/2122 2123/2123 1988/1988 1987/1987
f 2123/2123 2124/2124 1989/1989 1988/1988
f 2125/2125 2126/2126 2127/2127
f 2125/2125 2127/2127 2128/2128
f 2129/2129 2130/2130 2131/2131
f 2129/2129 2131/2131 2132/2132
f 2156/2156 2157/2157 2180/2180 2179/2179
f 2157/2157 2158/2158 2181/2181 2180/2180
f 2158/2158 2159/2159 2182/2182 2181/2181
f 2159/2159 2160/2160 2183/2183 2182/2182
f 2160/2160 2161/2161 2184/2184 2183/2183
f 2161/2161 2162/2162 2185/2185 2184/2184
f 2162/2162 2163/2163 2186/2186 2185/2185
f 2163/2163 2164/2164 2187/2187 2186/2186
f 2164/2164 2165/2165 2188/2188 2187/2187
f 2165/2165 2166/2166 2189/2189 2188/2188
f 2166/2166 2167/2167 2190/2190 2189/2189
f 2167/2167 2168/2168 2191/2191 2190/2190
f 2168/2168 2169/2169 2192/2192 2191/2191
f 2169/2169 2170/2170 2193/2193 2192/2192
f 2170/2170 2171/2171 2194/2194 2193/2193
f 2171/2171 2172/2172 2195/2195 2194/2194
f 2172/2172 2173/2173 2196/2196 2195/2195
f 2173/2173 2174/2174 2197/2197 2196/2196
f 2174/2174 2175/2175 2198/2198 2197/2197
f 2175/2175 2176/2176 2199/2199 2198/2198
f 2176/2176 2177/2177 2200/2200 2199/2199
f 2177/2177 2178/2178 2201/2201 2200/2200
f 2179/2179 2180/2180 2203/2203 2202/2202
f 2180/2180 2181/2181 2204/2204 2203/2203
f 2181/2181 2182/2182 2205/2205 2204/2204
f 2182/2182 2183/2183 2206/2206 2205/2205
f 2183/2183 2184/2184 2207/2207 2206/2206
f 2184/2184 2185/2185 2208/2208 2207/2207
f 2185/2185 2186/2186 2209/2209 2208/2208
f 2186/2186 2187/2187 2210/2210 2209/2209
f 2187/2187 2188/2188 2211/2211 2210/2210
f 2188/2188 2189/2189 2212/2212 2211/2211
f 2189/2189 2190/2190 2213/2213 2212/2212
f 2190/2190 2191/2191 2214/2214 2213/2213
f 2191/2191 2192/2192 2215/2215 2214/2214
f 2192/2192 2193/2193 2216/2216 2215/2215
f 2193/2193 2194/2194 2217/2217 2216/2216
f 2194/2194 2195/2195 2218/2218 2217/2217
f 2195/2195 2196/2196 2219/2219 2218/2218
f 2196/2196 2197/2197 2220/2220 2219/2219
f 2197/2197 2198/2198 2221/2221 2220/2220
f 2198/2198 2199/2199 2222/2222 2221/2221
f 2199/2199 2200/2200 2223/2223 2222/2222
f 2200/2200 2201/2201 2224/2224 2223/2223
f 2225/2225 2226/2226 2249/2249 2248/2248
f 2226/2226 2227/2227 2250/2250 2249/2249
f 2227/2227 2228/2228 2251/2251 2250/2250
f 2228/2228 2229/2229 2252/2252 2251/2251
f 2229/2229 2230/2230 2253/2253 2252/2252
f 2230/2230 2231/2231 2254/2254 2253/2253
f 2231/2231 2232/2232 2255/2255 2254/2254
f 2232/2232 2233/2233 2256/2256 2255/2255
f 2233/2233 2234/2234 2257/2257 2256/2256
f 2234/2234 2235/2235 2258/2258 2257/2257
f 2235/2235 2236/2236 2259/2259 2258/2258
f 2236/2236 2237/2237 2260/2260 2259/2259
f 2237/2237 2238/2238 2261/2261 2260/2260
f 2238/2238 2239/2239 2262/2262 2261/2261
f 2239/2239 2240/2240 2263/2263 2262/2262
f 2240/2240 2241/2241 2264/2264 2263/2263
f 2241/2241 2242/2242 2265/2265 2264/2264
f 2242/2242 2243/2243 2266/2266 2265/2265
f 2243/2243 2244/2244 2267/2267 2266/2266
f 2244/2244 2245/2245 2268/2268 2267/2267
f 2245/2245 2246/2246 2269/2269 2268/2268
f 2246/2246 2247/2247 2270/2270 2269/2269
f 2248/2248 2249/2249 2134/2134 2133/2133
f 2249/2249 2250/2250 2135/2135 2134/2134
f 2250/2250 2251/2251 2136/2136 2135/2135
f 2251/2251 2252/2252 2137/2137 2136/2136
f 2252/2252 2253/2253 2138/2138 2137/2137
f 2253/2253 2254/2254 2139/2139 2138/2138
f 2254/2254 2255/2255 2140/2140 2139/2139
f 2255/2255 2256/2256 2141/2141 2140/2140
f 2256/2256 2257/2257 2142/2142 2141/2141
f 2257/2257 2258/2258 2143/2143 2142/2142
f 2258/2258 2259/2259 2144/2144 2143/2143
f 2259/2259 2260/2260 2145/2145 2144/2144
f 2260/2260 2261/2261 2146/2146 2145/2145
f 2261/2261 2262/2262 2147/2147 2146/2146
f 2262/2262 2263/2263 2148/2148 2147/2147
f 2263/2263 2264/2264 2149/2149 2148/2148
f 2264/2264 2265/2265 2150/2150 2149/2149
f 2265/2265 2266/2266 2151/2151 2150/2150
f 2266/2266 2267/2267 2152/2152 2151/2151
f 2267/2267 2268/2268 2153/2153 2152/2152
f 2268/2268 2269/2269 2154/2154 2153/2153
f 2269/2269 2270/2270 2155/2155 2154/2154
f 2271/2271 2272/2272 2273/2273
f 2271/2271 2273/2273 2274/2274
f 2275/2275 2276/2276 2277/2277
f 2275/2275 2277/2277 2278/2278
f 2301/2301 2302/2302 2324/2324 2323/2323
f 2302/2302 2303/2303 2325/2325 2324/2324
f 2303/2303 2304/2304 2326/2326 2325/2325
f 2304/2304 2305/2305 2327/2327 2326/2326
f 2305/2305 2306/2306 2328/2328 2327/2327
f 2306/2306 2307/2307 2329/2329 2328/2328
f 2307/2307 2308/2308 2330/2330 2329/2329
f 2308/2308 2309/2309 2331/2331 2330/2330
f 2309/2309 2310/2310 2332/2332 2331/2331
f 2310/2310 2311/2311 2333/2333 2332/2332
f 2311/2311 2312/2312 2334/2334 2333/2333
f 2312/2312 2313/2313 2335/2335 2334/2334
f 2313/2313 2314/2314 2336/2336 2335/2335
f 2314/2314 2315/2315 2337/2337 2336/2336
f 2315/2315 2316/2316 2338/2338 2337/2337
f 2316/2316 2317/2317 2339/2339 2338/2338
f 2317/2317 2318/2318 2340/2340 2339/2339
f 2318/2318 2319/2319 2341/2341 2340/2340
f 2319/2319 2320/2320 2342/2342 2341/2341
f 2320/2320 2321/2321 2343/2343 2342/2342
f 2321/2321 2322/2322 2344/2344 2343/2343
f 2323/2323 2324/2324 2346/2346 2345/2345
f 2324/2324 2325/2325 2347/2347 2346/2346
f 2325/2325 2326/2326 2348/2348 2347/2347
f 2326/2326 2327/2327 2349/2349 2348/2348
f 2327/2327 2328/2328 2350/2350 2349/2349
f 2328/2328 2329/2329 2351/2351 2350/2350
f 2329/2329 2330/2330 2352/2352 2351/2351
f 2330/2330 2331/2331 2353/2353 2352/2352
f 2331/2331 2332/2332 2354/2354 2353/2353
f 2332/2332 2333/2333 2355/2355 2354/2354
f 2333/2333 2334/2334 2356/2356 2355/2355
f 2334/2334 2335/2335 2357/2357 2356/2356
f 2335/2335 2336/2336 2358/2358 2357/2357
f 2336/2336 2337/2337 2359/2359 2358/2358
f 2337/2337 2338/2338 2360/2360 2359/2359
f 2338/2338 2339/2339 2361/2361 2360/2360
f 2339/2339 2340/2340 2362/2362 2361/2361
f 2340/2340 2341/2341 2363/2363 2362/2362
f 2341/2341 2342/2342 2364/2364 2363/2363
f 2342/2342 2343/2343 2365/2365 2364/2364
f 2343/2343 2344/2344 2366/2366 2365/2365
f 2367/2367 2368/2368 2390/2390 2389/2389
f 2368/2368 2369/2369 2391/2391 2390/2390
f 2369/2369 2370/2370 2392/2392 2391/2391
f 2370/2370 2371/2371 2393/2393 2392/2392
f 2371/2371 2372/2372 2394/2394 2393/2393
f 2372/2372 2373/2373 2395/2395 2394/2394
f 2373/2373 2374/2374 2396/2396 2395/2395
f 2374/2374 2375/2375 2397/2397 2396/2396
f 2375/2375 2376/2376 2398/2398 2397/2397
f 2376/2376 2377/2377 2399/2399 2398/2398
f 2377/2377 2378/2378 2400/2400 2399/2399
f 2378/2378 2379/2379 2401/2401 2400/2400
f 2379/2379 2380/2380 2402/2402 2401/2401
f 2380/2380 2381/2381 2403/2403 2402/2402
f 2381/2381 2382/2382 2404/2404 2403/2403
f 2382/2382 2383/2383 2405/2405 2404/2404
f 2383/2383 2384/2384 2406/2406 2405/2405
f 2384/2384 2385/2385 2407/2407 2406/2406
f 2385/2385 2386/2386 2408/2408 2407/2407
f 2386/2386 2387/2387 2409/2409 2408/2408
f 2387/2387 2388/2388 2410/2410 2409/2409
f 2389/2389 2390/2390 2280/2280 2279/2279
f 2390/2390 2391/2391 2281/2281 2280/2280
f 2391/2391 2392/2392 2282/2282 2281/2281
f 2392/2392 2393/2393 2283/2283 2282/2282
f 2393/2393 2394/2394 2284/2284 2283/2283
f 2394/2394 2395/2395 2285/2285 2284/2284
f 2395/2395 2396/2396 2286/2286 2285/2285
f 2396/2396 2397/2397 2287/2287 2286/2286
f 2397/2397 2398/2398 2288/2288 2287/2287
f 2398/2398 2399/2399 2289/2289 2288/2288
f 2399/2399 2400/2400 2290/2290 2289/2289
f 2400/2400 2401/2401 2291/2291 2290/2290
f 2401/2401 2402/2402 2292/2292 2291/2291
f 2402/2402 2403/2403 2293/2293 2292/2292
f 2403/2403 2404/2404 2294/2294 2293/2293
f 2404/2404 2405/2405 2295/2295 2294/2294
f 2405/2405 2406/2406 2296/2296 2295/2295
f 2406/2406 2407/2407 2297/2297 2296/2296
f 2407/2407 2408/2408 2298/2298 2297/2297
f 2408/2408 2409/2409 2299/2299 2298/2298
f 2409/2409 2410/2410 2300/2300 2299/2299
f 2411/2411 2412/2412 2413/2413
f 2411/2411 2413/2413 2414/2414
f 2415/2415 2416/2416 2417/2417
f 2415/2415 2417/2417 2418/2418
f 2451/2451 2452/2452 2484/2484 2483/2483
f 2452/2452 2453/2453 2485/2485 2484/2484
f 2453/2453 2454/2454 2486/2486 2485/2485
f 2454/2454 2455/2455 2487/2487 2486/2486
f 2455/2455 2456/2456 2488/2488 2487/2487
f 2456/2456 2457/2457 2489/2489 2488/2488
f 2457/2457 2458/2458 2490/2490 2489/2489
f 2458/2458 2459/2459 2491/2491 2490/2490
f 2459/2459 2460/2460 2492/2492 2491/2491
f 2460/2460 2461/2461 2493/2493 2492/2492
f 2461/2461 2462/2462 2494/2494 2493/2493
f 2462/2462 2463/2463 2495/2495 2494/2494
f 2463/2463 2464/2464 2496/2496 2495/2495
f 2464/2464 2465/2465 2497/2497 2496/2496
f 2465/2465 2466/2466 2498/2498 2497/2497
f 2466/2466 2467/2467 2499/2499 2498/2498
f 2467/2467 2468/2468 2500/2500 2499/2499
f 2468/2468 2469/2469 2501/2501 2500/2500
f 2469/2469 2470/2470 2502/2502 2501/2501
f 2470/2470 2471/2471 2503/2503 2502/2502
f 2471/2471 2472/2472 2504/2504 2503/2503
f 2472/2472 2473/2473 2505/2505 2504/2504
f 2473/2473 2474/2474 2506/2506 2505/2505
f 2474/2474 2475/2475 2507/2507 2506/2506
f 2475/2475 2476/2476 2508/2508 2507/2507
f 2476/2476 2477/2477 2509/2509 2508/2508
f 2477/2477 2478/2478 2510/2510 2509/2509
f 2478/2478 2479/2479 2511/2511 2510/2510
f 2479/2479 2480/2480 2512/2512 2511/2511
f 2480/2480 2481/2481 2513/2513 2512/2512
f 2481/2481 2482/2482 2514/2514 2513/2513
f 2483/2483 2484/2484 2516/2516 2515/2515
f 2484/2484 2485/2485 2517/2517 2516/2516
f 2485/2485 2486/2486 2518/2518 2517/2517
f 2486/2486 2487/2487 2519/2519 2518/2518
f 2487/2487 2488/2488 2520/2520 2519/2519
f 2488/2488 2489/2489 2521/2521 2520/2520
f 2489/2489 2490/2490 2522/2522 2521/2521
f 2490/2490 2491/2491 2523/2523 2522/2522
f 2491/2491 2492/2492 2524/2524 2523/2523
f 2492/2492 2493/2493 2525/2525 2524/2524
f 2493/2493 2494/2494 2526/2526 2525/2525
f 2494/2494 2495/2495 2527/2527 2526/2526
f 2495/2495 2496/2496 2528/2528 2527/2527
f 2496/2496 2497/2497 2529/2529 2528/2528
f 2497/2497 2498/2498 2530/2530 2529/2529
f 2498/2498 2499/2499 2531/2531 2530/2530
f 2499/2499 2500/2500 2532/2532 2531/2531
f 2500/2500 2501/2501 2533/2533 2532/2532
f 2501/2501 2502/2502 2534/2534 2533/2533
f 2502/2502 2503/2503 2535/2535 2534/2534
f 2503/2503 2504/2504 2536/2536 2535/2535
f 2504/2504 2505/2505 2537/2537 2536/2536
f 2505/2505 2506/2506 2538/2538 2537/2537
f 2506/2506 2507/2507 2539/2539 2538/2538
f 2507/2507 2508/2508 2540/2540 2539/2539
f 2508/2508 2509/2509 2541/2541 2540/2540
f 2509/2509 2510/2510 2542/2542 2541/2541
f 2510/2510 2511/2511 2543/2543 2542/2542
f 2511/2511 2512/2512 2544/2544 2543/2543
f 2512/2512 2513/2513 2545/2545 2544/2544
f 2513/2513 2514/2514 2546/2546 2545/2545
f 2547/2547 2548/2548 2580/2580 2579/2579
f 2548/2548 2549/2549 2581/2581 2580/2580
f 2549/2549 2550/2550 2582/2582 2581/2581
f 2550/2550 2551/2551 2583/2583 2582/2582
f 2551/2551 2552/2552 2584/2584 2583/2583
f 2552/2552 2553/2553 2585/2585 2584/2584
f 2553/2553 2554/2554 2586/2586 2585/2585
f 2554/2554 2555/2555 2587/2587 2586/2586
f 2555/2555 2556/2556 2588/2588 2587/2587
f 2556/2556 2557/2557 2589/2589 2588/2588
f 2557/2557 2558/2558 2590/2590 2589/2589
f 2558/2558 2559/2559 2591/2591 2590/2590
f 2559/2559 2560/2560 2592/2592 2591/2591
f 2560/2560 2561/2561 2593/2593 2592/2592
f 2561/2561 2562/2562 2594/2594 2593/2593
f 2562/2562 2563/2563 2595/2595 2594/2594
f 2563/2563 2564/2564 2596/2596 2595/2595
f 2564/2564 2565/2565 2597/2597 2596/2596
f 2565/2565 2566/2566 2598/2598 2597/2597
f 2566/2566 2567/2567 2599/2599 2598/2598
f 2567/2567 2568/2568 2600/2600 2599/2599
f 2568/2568 2569/2569 2601/2601 2600/2600
f 2569/2569 2570/2570 2602/2602 2601/2601
f 2570/2570 2571/2571 2603/2603 2602/2602
f 2571/2571 2572/2572 2604/2604 2603/2603
f 2572/2572 2573/2573 2605/2605 2604/2604
f 2573/2573 2574/2574 2606/2606 2605/2605
f 2574/2574 2575/2575 2607/2607 2606/2606
f 2575/2575 2576/2576 2608/2608 2607/2607
f 2576/2576 2577/2577 2609/2609 2608/2608
f 2577/2577 2578/2578 2610/2610 2609/2609
f 2579/2579 2580/2580 2420/2420 2419/2419
f 2580/2580 2581/2581 2421/2421 2420/2420
f 2581/2581 2582/2582 2422/2422 2421/2421
f 2582/2582 2583/2583 2423/2423 2422/2422
f 2583/2583 2584/2584 2424/2424 2423/2423
f 2584/2584 2585/2585 2425/2425 2424/2424
f 2585/2585 2586/2586 2426/2426 2425/2425
f 2586/2586 2587/2587 2427/2427 2426/2426
f 2587/2587 2588/2588 2428/2428 2427/2427
f 2588/2588 2589/2589 2429/2429 2428/2428
f 2589/2589 2590/2590 2430/2430 2429/2429
f 2590/2590 2591/2591 2431/2431 2430/2430
f 2591/2591 2592/2592 2432/2432 2431/2431
f 2592/2592 2593/2593 2433/2433 2432/2432
f 2593/2593 2594/2594 2434/2434 2433/2433
f 2594/2594 2595/2595 2435/2435 2434/2434
f 2595/2595 2596/2596 2436/2436 2435/2435
f 2596/2596 2597/2597 2437/2437 2436/2436
f 2597/2597 2598/2598 2438/2438 2437/2437
f 2598/2598 2599/2599 2439/2439 2438/2438
f 2599/2599 2600/2600 2440/2440 2439/2439
f 2600/2600 2601/2601 2441/2441 2440/2440
f 2601/2601 2602/2602 2442/2442 2441/2441
f 2602/2602 2603/2603 2443/2443 2442/2442
f 2603/2603 2604/2604 2444/2444 2443/2443
f 2604/2604 2605/2605 2445/2445 2444/2444
f 2605/2605 2606/2606 2446/2446 2445/2445
f 2606/2606 2607/2607 2447/2447 2446/2446
f 2607/2607 2608/2608 2448/2448 2447/2447
f 2608/2608 2609/2609 2449/2449 2448/2448
f 2609/2609 2610/2610 2450/2450 2449/2449
f 2611/2611 2612/2612 2613/2613
f 2611/2611 2613/2613 2614/2614
f 2615/2615 2616/2616 2617/2617
f 2615/2615 2617/2617 2618/2618
f 2647/2647 2648/2648 2676/2676 2675/2675
f 2648/2648 2649/2649 2677/2677 2676/2676
f 2649/2649 2650/2650 2678/2678 2677/2677
f 2650/2650 2651/2651 2679/2679 2678/2678
f 2651/2651 2652/2652 2680/2680 2679/2679
f 2652/2652 2653/2653 2681/2681 2680/2680
f 2653/2653 2654/2654 2682/2682 2681/2681
f 2654/2654 2655/2655 2683/2683 2682/2682
f 2655/2655 2656/2656 2684/2684 2683/2683
f 2656/2656 2657/2657 2685/2685 2684/2684
f 2657/2657 2658/2658 2686/2686 2685/2685
f 2658/2658 2659/2659 2687/2687 2686/2686
f 2659/2659 2660/2660 2688/2688 2687/2687
f 2660/2660 2661/2661 2689/2689 2688/2688
f 2661/2661 2662/2662 2690/2690 2689/2689
f 2662/2662 2663/2663 2691/2691 2690/2690
f 2663/2663 2664/2664 2692/2692 2691/2691
f 2664/2664 2665/2665 2693/2693 2692/2692
f 2665/2665 2666/2666 2694/2694 2693/2693
f 2666/2666 2667/2667 2695/2695 2694/2694
f 2667/2667 2668/2668 2696/2696 2695/2695
f 2668/2668 2669/2669 2697/2697 2696/2696
f 2669/2669 2670/2670 2698/2698 2697/2697
f 2670/2670 2671/2671 2699/2699 2698/2698
f 2671/2671 2672/2672 2700/2700 2699/2699
f 2672/2672 2673/2673 2701/2701 2700/2700
f 2673/2673 2674/2674 2702/2702 2701/2701
f 2675/2675 2676/2676 2704/2704 2703/2703
f 2676/2676 2677/2677 2705/2705 2704/2704
f 2677/2677 2678/2678 2706/2706 2705/2705
f 2678/2678 2679/2679 2707/2707 2706/2706
f 2679/2679 2680/2680 2708/2708 2707/2707
f 2680/2680 2681/2681 2709/2709 2708/2708
f 2681/2681 2682/2682 2710/2710 2709/2709
f 2682/2682 2683/2683 2711/2711 2710/2710
f 2683/2683 2684/2684 2712/2712 2711/2711
f 2684/2684 2685/2685 2713/2713 2712/2712
f 2685/2685 2686/2686 2714/2714 2713/2713
f 2686/2686 2687/2687 2715/2715 2714/2714
f 2687/2687 2688/2688 2716/2716 2715/2715
f 2688/2688 2689/2689 2717/2717 2716/2716
f 2689/2689 2690/2690 2718/2718 2717/2717
f 2690/2690 2691/2691 2719/2719 2718/2718
f 2691/2691 2692/2692 2720/2720 2719/2719
f 2692/2692 2693/2693 2721/2721 2720/2720
f 2693/2693 2694/2694 2722/2722 2721/2721
f 2694/2694 2695/2695 2723/2723 2722/2722
f 2695/2695 2696/2696 2724/2724 2723/2723
f 2696/2696 2697/2697 2725/2725 2724/2724
f 2697/2697 2698/2698 2726/2726 2725/2725
f 2698/2698 2699/2699 2727/2727 2726/2726
f 2699/2699 2700/2700 2728/2728 2727/2727
f 2700/2700 2701/2701 2729/2729 2728/2728
f 2701/2701 2702/2702 2730/2730 2729/2729
f 2731/2731 2732/2732 2760/2760 2759/2759
f 2732/2732 2733/2733 2761/2761 2760/2760
f 2733/2733 2734/2734 2762/2762 2761/2761
f 2734/2734 2735/2735 2763/2763 2762/2762
f 2735/2735 2736/2736 2764/2764 2763/2763
f 2736/2736 2737/2737 2765/2765 2764/2764
f 2737/2737 2738/2738 2766/2766 2765/2765
f 2738/2738 2739/2739 2767/2767 2766/2766
f 2739/2739 2740/2740 2768/2768 2767/2767
f 2740/2740 2741/2741 2769/2769 2768/2768
f 2741/2741 2742/2742 2770/2770 2769/2769
f 2742/2742 2743/2743 2771/2771 2770/2770
f 2743/2743 2744/2744 2772/2772 2771/2771
f 2744/2744 2745/2745 2773/2773 2772/2772
f 2745/2745 2746/2746 2774/2774 2773/2773
f 2746/2746 2747/2747 2775/2775 2774/2774
f 2747/2747 2748/2748 2776/2776 2775/2775
f 2748/2748 2749/2749 2777/2777 2776/2776
f 2749/2749 2750/2750 2778/2778 2777/2777
f 2750/2750 2751/2751 2779/2779 2778/2778
f 2751/2751 2752/2752 2780/2780 2779/2779
f 2752/2752 2753/2753 2781/2781 2780/2780
f 2753/2753 2754/2754 2782/2782 2781/2781
f 2754/2754 2755/2755 2783/2783 2782/2782
f 2755/2755 2756/2756 2784/2784 2783/2783
f 2756/2756 2757/2757 2785/2785 2784/2784
f 2757/2757 2758/2758 2786/2786 2785/2785
f 2759/2759 2760/2760 2620/2620 2619/2619
f 2760/2760 2761/2761 2621/2621 2620/2620
f 2761/2761 2762/2762 2622/2622 2621/2621
f 2762/2762 2763/2763 2623/2623 2622/2622
f 2763/2763 2764/2764 2624/2624 2623/2623
f 2764/2764 2765/2765 2625/2625 2624/2624
f 2765/2765 2766/2766 2626/2626 2625/2625
f 2766/2766 2767/2767 2627/2627 2626/2626
f 2767/2767 2768/2768 2628/2628 2627/2627
f 2768/2768 2769/2769 2629/2629 2628/2628
f 2769/2769 2770/2770 2630/2630 2629/2629
f 2770/2770 2771/2771 2631/2631 2630/2630
f 2771/2771 2772/2772 2632/2632 2631/2631
f 2772/2772 2773/2773 2633/2633 2632/2632
f 2773/2773 2774/2774 2634/2634 2633/2633
f 2774/2774 2775/2775 2635/2635 2634/2634
f 2775/2775 2776/2776 2636/2636 2635/2635
f 2776/2776 2777/2777 2637/2637 2636/2636
f 2777/2777 2778/2778 2638/2638 2637/2637
f 2778/2778 2779/2779 2639/2639 2638/2638
f 2779/2779 2780/2780 2640/2640 2639/2639
f 2780/2780 2781/2781 2641/2641 2640/2640
f 2781/2781 2782/2782 2642/2642 2641/2641
f 2782/2782 2783/2783 2643/2643 2642/2642
f 2783/2783 2784/2784 2644/2644 2643/2643
f 2784/2784 2785/2785 2645/2645 2644/2644
f 2785/2785 2786/2786 2646/2646 2645/2645
f 2787/2787 2788/2788 2789/2789
f 2787/2787 2789/2789 2790/2790
f 2791/2791 2792/2792 2793/2793
f 2791/2791 2793/2793 2794/2794
f 2826/2826 2827/2827 2858/2858 2857/2857
f 2827/2827 2828/2828 2859/2859 2858/2858
f 2828/2828 2829/2829 2860/2860 2859/2859
f 2829/2829 2830/2830 2861/2861 2860/2860
f 2830/2830 2831/2831 2862/2862 2861/2861
f 2831/2831 2832/2832 2863/2863 2862/2862
f 2832/2832 2833/2833 2864/2864 2863/2863
f 2833/2833 2834/2834 2865/2865 2864/2864
f 2834/2834 2835/2835 2866/2866 2865/2865
f 2835/2835 2836/2836 2867/2867 2866/2866
f 2836/2836 2837/2837 2868/2868 2867/2867
f 2837/2837 2838/2838 2869/2869 2868/2868
f 2838/2838 2839/2839 2870/2870 2869/2869
f 2839/2839 2840/2840 2871/2871 2870/2870
f 2840/2840 2841/2841 2872/2872 2871/2871
f 2841/2841 2842/2842 2873/2873 2872/2872
f 2842/2842 2843/2843 2874/2874 2873/2873
f 2843/2843 2844/2844 2875/2875 2874/2874
f 2844/2844 2845/2845 2876/2876 2875/2875
f 2845/2845 2846/2846 2877/2877 2876/2876
f 2846/2846 2847/2847 2878/2878 2877/2877
f 2847/2847 2848/2848 2879/2879 2878/2878
f 2848/2848 2849/2849 2880/2880 2879/2879
f 2849/2849 2850/2850 2881/2881 2880/2880
f 2850/2850 2851/2851 2882/2882 2881/2881
f 2851/2851 2852/2852 2883/2883 2882/2882
f 2852/2852 2853/2853 2884/2884 2883/2883
f 2853/2853 2854/2854 2885/2885 2884/2884
f 2854/2854 2855/2855 2886/2886 2885/2885
f 2855/2855 2856/2856 2887/2887 2886/2886
f 2857/2857 2858/2858 2889/2889 2888/2888
f 2858/2858 2859/2859 2890/2890 2889/2889
f 2859/2859 2860/2860 2891/2891 2890/2890
f 2860/2860 2861/2861 2892/2892 2891/2891
f 2861/2861 2862/2862 2893/2893 2892/2892
f 2862/2862 2863/2863 2894/2894 2893/2893
f 2863/2863 2864/2864 2895/2895 2894/2894
f 2864/2864 2865/2865 2896/2896 2895/2895
f 2865/2865 2866/2866 2897/2897 2896/2896
f 2866/2866 2867/2867 2898/2898 2897/2897
f 2867/2867 2868/2868 2899/2899 2898/2898
f 2868/2868 2869/2869 2900/2900 2899/2899
f 2869/2869 2870/2870 2901/2901 2900/2900
f 2870/2870 2871/2871 2902/2902 2901/2901
f 2871/2871 2872/2872 2903/2903 2902/2902
f 2872/2872 2873/2873 2904/2904 2903/2903
f 2873/2873 2874/2874 2905/2905 2904/2904
f 2874/2874 2875/2875 2906/2906 2905/2905
f 2875/2875 2876/2876 2907/2907 2906/2906
f 2876/2876 2877/2877 2908/2908 2907/2907
f 2877/2877 2878/2878 2909/2909 2908/2908
f 2878/2878 2879/2879 2910/2910 2909/2909
f 2879/2879 2880/2880 2911/2911 2910/2910
f 2880/2880 2881/2881 2912/2912 2911/2911
f 2881/2881 2882/2882 2913/2913 2912/2912
f 2882/2882 2883/2883 2914/2914 2913/2913
f 2883/2883 2884/2884 2915/2915 2914/2914
f 2884/2884 2885/2885 2916/2916 2915/2915
f 2885/2885 2886/2886 2917/2917 2916/2916
f 2886/2886 2887/2887 2918/2918 2917/2917
f 2919/2919 2920/2920 2951/2951 2950/2950
f 2920/2920 2921/2921 2952/2952 2951/2951
f 2921/2921 2922/2922 2953/2953 2952/2952
f 2922/2922 2923/2923 2954/2954 2953/2953
f 2923/2923 2924/2924 2955/2955 2954/2954
f 2924/2924 2925/2925 2956/2956 2955/2955
f 2925/2925 2926/2926 2957/2957 2956/2956
f 2926/2926 2927/2927 2958/2958 2957/2957
f 2927/2927 2928/2928 2959/2959 2958/2958
f 2928/2928 2929/2929 2960/2960 2959/2959
f 2929/2929 2930/2930 2961/2961 2960/2960
f 2930/2930 2931/2931 2962/2962 2961/2961
f 2931/2931 2932/2932 2963/2963 2962/2962
f 2932/2932 2933/2933 2964/2964 2963/2963
f 2933/2933 2934/2934 2965/2965 2964/2964
f 2934/2934 2935/2935 2966/2966 2965/2965
f 2935/2935 2936/2936 2967/2967 2966/2966
f 2936/2936 2937/2937 2968/2968 2967/2967
f 2937/2937 2938/2938 2969/2969 2968/2968
f 2938/2938 2939/2939 2970/2970 2969/2969
f 2939/2939 2940/2940 2971/2971 2970/2970
f 2940/2940 2941/2941 2972/2972 2971/2971
f 2941/2941 2942/2942 2973/2973 2972/2972
f 2942/2942 2943/2943 2974/2974 2973/2973
f 2943/2943 2944/2944 2975/2975 2974/2974
f 2944/2944 2945/2945 2976/2976 2975/2975
f 2945/2945 2946/2946 2977/2977 2976/2976
f 2946/2946 2947/2947 2978/2978 2977/2977
f 2947/2947 2948/2948 2979/2979 2978/2978
f 2948/2948 2949/2949 2980/2980 2979/2979
f 2950/2950 2951/2951 2796/2796 2795/2795
f 2951/2951 2952/2952 2797/2797 2796/2796
f 2952/2952 2953/2953 2798/2798 2797/2797
f 2953/2953 2954/2954 2799/2799 2798/2798
f 2954/2954 2955/2955 2800/2800 2799/2799
f 2955/2955 2956/2956 2801/2801 2800/2800
f 2956/2956 2957/2957 2802/2802 2801/2801
f 2957/2957 2958/2958 2803/2803 2802/2802
f 2958/2958 2959/2959 2804/2804 2803/2803
f 2959/2959 2960/2960 2805/2805 2804/2804
f 2960/2960 2961/2961 2806/2806 2805/2805
f 2961/2961 2962/2962 2807/2807 2806/2806
f 2962/2962 2963/2963 2808/2808 2807/2807
f 2963/2963 2964/2964 2809/2809 2808/2808
f 2964/2964 2965/2965 2810/2810 2809/2809
f 2965/2965 2966/2966 2811/2811 2810/2810
f 2966/2966 2967/2967 2812/2812 2811/2811
f 2967/2967 2968/2968 2813/2813 2812/2812
f 2968/2968 2969/2969 2814/2814 2813/2813
f 2969/2969 2970/2970 2815/2815 2814/2814
f 2970/2970 2971/2971 2816/2816 2815/2815
f 2971/2971 2972/2972 2817/2817 2816/2816
f 2972/2972 2973/2973 2818/2818 2817/2817
f 2973/2973 2974/2974 2819/2819 2818/2818
f 2974/2974 2975/2975 2820/2820 2819/2819
f 2975/2975 2976/2976 2821/2821 2820/2820
f 2976/2976 2977/2977 2822/2822 2821/2821
f 2977/2977 2978/2978 2823/2823 2822/2822
f 2978/2978 2979/2979 2824/2824 2823/2823
f 2979/2979 2980/2980 2825/2825 2824/2824
f 2981/2981 2982/2982 2983/2983
f 2981/2981 2983/2983 2984/2984
f 2985/2985 2986/2986 2987/2987
f 2985/2985 2987/2987 2988/2988
f 3003/3003 3004/3004 3018/3018 3017/3017
f 3004/3004 3005/3005 3019/3019 3018/3018
f 3005/3005 3006/3006 3020/3020 3019/3019
f 3006/3006 3007/3007 3021/3021 3020/3020
f 3007/3007 3008/3008 3022/3022 3021/3021
f 3008/3008 3009/3009 3023/3023 3022/3022
f 3009/3009 3010/3010 3024/3024 3023/3023
f 3010/3010 3011/3011 3025/3025 3024/3024
f 3011/3011 3012/3012 3026/3026 3025/3025
f 3012/3012 3013/3013 3027/3027 3026/3026
f 3013/3013 3014/3014 3028/3028 3027/3027
f 3014/3014 3015/3015 3029/3029 3028/3028
f 3015/3015 3016/3016 3030/3030 3029/3029
f 3017/3017 3018/3018 3032/3032 3031/3031
f 3018/3018 3019/3019 3033/3033 3032/3032
f 3019/3019 3020/3020 3034/3034 3033/3033
f 3020/3020 3021/3021 3035/3035 3034/3034
f 3021/3021 3022/3022 3036/3036 3035/3035
f 3022/3022 3023/3023 3037/3037 3036/3036
f 3023/3023 3024/3024 3038/3038 3037/3037
f 3024/3024 3025/3025 3039/3039 3038/3038
f 3025/3025 3026/3026 3040/3040 3039/3039
f 3026/3026 3027/3027 3041/3041 3040/3040
f 3027/3027 3028/3028 3042/3042 3041/3041
f 3028/3028 3029/3029 3043/3043 3042/3042
f 3029/3029 3030/3030 3044/3044 3043/3043
f 3045/3045 3046/3046 3060/3060 3059/3059
f 3046/3046 3047/3047 3061/3061 3060/3060
f 3047/3047 3048/3048 3062/3062 3061/3061
f 3048/3048 3049/3049 3063/3063 3062/3062
f 3049/3049 3050/3050 3064/3064 3063/3063
f 3050/3050 3051/3051 3065/3065 3064/3064
f 3051/3051 3052/3052 3066/3066 3065/3065
f 3052/3052 3053/3053 3067/3067 3066/3066
f 3053/3053 3054/3054 3068/3068 3067/3067
f 3054/3054 3055/3055 3069/3069 3068/3068
f 3055/3055 3056/3056 3070/3070 3069/3069
f 3056/3056 3057/3057 3071/3071 3070/3070
f 3057/3057 3058/3058 3072/3072 3071/3071
f 3059/3059 3060/3060 2990/2990 2989/2989
f 3060/3060 3061/3061 2991/2991 2990/2990
f 3061/3061 3062/3062 2992/2992 2991/2991
f 3062/3062 3063/3063 2993/2993 2992/2992
f 3063/3063 3064/3064 2994/2994 2993/2993
f 3064/3064 3065/3065 2995/2995 2994/2994
f 3065/3065 3066/3066 2996/2996 2995/2995
f 3066/3066 3067/3067 2997/2997 2996/2996
f 3067/3067 3068/3068 2998/2998 2997/2997
f 3068/3068 3069/3069 2999/2999 2998/2998
f 3069/3069 3070/3070 3000/3000 2999/2999
f 3070/3070 3071/3071 3001/3001 3000/3000
f 3071/3071 3072/3072 3002/3002 3001/3001
f 3073/3073 3074/3074 3075/3075
f 3073/3073 3075/3075 3076/3076
f 3077/3077 3078/3078 3079/3079
f 3077/3077 3079/3079 3080/3080
f 3095/3095 3096/3096 3110/3110 3109/3109
f 3096/3096 3097/3097 3111/3111 3110/3110
f 3097/3097 3098/3098 3112/3112 3111/3111
f 3098/3098 3099/3099 3113/3113 3112/3112
f 3099/3099 3100/3100 3114/3114 3113/3113
f 3100/3100 3101/3101 3115/3115 3114/3114
f 3101/3101 3102/3102 3116/3116 3115/3115
f 3102/3102 3103/3103 3117/3117 3116/3116
f 3103/3103 3104/3104 3118/3118 3117/3117
f 3104/3104 3105/3105 3119/3119 3118/3118
f 3105/3105 3106/3106 3120/3120 3119/3119
f 3106/3106 3107/3107 3121/3121 3120/3120
f 3107/3107 3108/3108 3122/3122 3121/3121
f 3109/3109 3110/3110 3124/3124 3123/3123
f 3110/3110 3111/3111 3125/3125 3124/3124
f 3111/3111 3112/3112 3126/3126 3125/3125
f 3112/3112 3113/3113 3127/3127 3126/3126
f 3113/3113 3114/3114 3128/3128 3127/3127
f 3114/3114 3115/3115 3129/3129 3128/3128
f 3115/3115 3116/3116 3130/3130 3129/3129
f 3116/3116 3117/3117 3131/3131 3130/3130
f 3117/3117 3118/3118 3132/3132 3131/3131
f 3118/3118 3119/3119 3133/3133 3132/3132
f 3119/3119 3120/3120 3134/3134 3133/3133
f 3120/3120 3121/3121 3135/3135 3134/3134
f 3121/3121 3122/3122 3136/3136 3135/3135
f 3137/3137 3138/3138 3152/3152 3151/3151
f 3138/3138 3139/3139 3153/3153 3152/3152
f 3139/3139 3140/3140 3154/3154 3153/3153
f 3140/3140 3141/3141 3155/3155 3154/3154
f 3141/3141 3142/3142 3156/3156 3155/3155
f 3142/3142 3143/3143 3157/3157 3156/3156
f 3143/3143 3144/3144 3158/3158 3157/3157
f 3144/3144 3145/3145 3159/3159 3158/3158
f 3145/3145 3146/3146 3160/3160 3159/3159
f 3146/3146 3147/3147 3161/3161 3160/3160
f 3147/3147 3148/3148 3162/3162 3161/3161
f 3148/3148 3149/3149 3163/3163 3162/3162
f 3149/3149 3150/3150 3164/3164 3163/3163
f 3151/3151 3152/3152 3082/3082 3081/3081
f 3152/3152 3153/3153 3083/3083 3082/3082
f 3153/3153 3154/3154 3084/3084 3083/3083
f 3154/3154 3155/3155 3085/3085 3084/3084
f 3155/3155 3156/3156 3086/3086 3085/3085
f 3156/3156 3157/3157 3087/3087 3086/3086
f 3157/3157 3158/3158 3088/3088 3087/3087
f 3158/3158 3159/3159 3089/3089 3088/3088
f 3159/3159 3160/3160 3090/3090 3089/3089
f 3160/3160 3161/3161 3091/3091 3090/3090
f 3161/3161 3162/3162 3092/3092 3091/3091
f 3162/3162 3163/3163 3093/3093 3092/3092
f 3163/3163 3164/3164 3094/3094 3093/3093
f 3165/3165 3166/3166 3167/3167
f 3165/3165 3167/3167 3168/3168
f 3169/3169 3170/3170 3171/3171
f 3169/3169 3171/3171 3172/3172
f 3206/3206 3207/3207 3240/3240 3239/3239
f 3207/3207 3208/3208 3241/3241 3240/3240
f 3208/3208 3209/3209 3242/3242 3241/3241
f 3209/3209 3210/3210 3243/3243 3242/3242
f 3210/3210 3211/3211 3244/3244 3243/3243
f 3211/3211 3212/3212 3245/3245 3244/3244
f 3212/3212 3213/3213 3246/3246 3245/3245
f 3213/3213 3214/3214 3247/3247 3246/3246
f 3214/3214 3215/3215 3248/3248 3247/3247
f 3215/3215 3216/3216 3249/3249 3248/3248
f 3216/3216 3217/3217 3250/3250 3249/3249
f 3217/3217 3218/3218 3251/3251 3250/3250
f 3218/3218 3219/3219 3252/3252 3251/3251
f 3219/3219 3220/3220 3253/3253 3252/3252
f 3220/3220 3221/3221 3254/3254 3253/3253
f 3221/3221 3222/3222 3255/3255 3254/3254
f 3222/3222 3223/3223 3256/3256 3255/3255
f 3223/3223 3224/3224 3257/3257 3256/3256
f 3224/3224 3225/3225 3258/3258 3257/3257
f 3225/3225 3226/3226 3259/3259 3258/3258
f 3226/3226 3227/3227 3260/3260 3259/3259
f 3227/3227 3228/3228 3261/3261 3260/3260
f 3228/3228 3229/3229 3262/3262 3261/3261
f 3229/3229 3230/3230 3263/3263 3262/3262
f 3230/3230 3231/3231 3264/3264 3263/3263
f 3231/3231 3232/3232 3265/3265 3264/3264
f 3232/3232 3233/3233 3266/3266 3265/3265
f 3233/3233 3234/3234 3267/3267 3266/3266
f 3234/3234 3235/3235 3268/3268 3267/3267
f 3235/3235 3236/3236 3269/3269 3268/3268
f 3236/3236 3237/3237 3270/3270 3269/3269
f 3237/3237 3238/3238 3271/3271 3270/3270
f 3239/3239 3240/3240 3273/3273 3272/3272
f 3240/3240 3241/3241 3274/3274 3273/3273
f 3241/3241 3242/3242 3275/3275 3274/3274
f 3242/3242 3243/3243 3276/3276 3275/3275
f 3243/3243 3244/3244 3277/3277 3276/3276
f 3244/3244 3245/3245 3278/3278 3277/3277
f 3245/3245 3246/3246 3279/3279 3278/3278
f 3246/3246 3247/3247 3280/3280 3279/3279
f 3247/3247 3248/3248 3281/3281 3280/3280
f 3248/3248 3249/3249 3282/3282 3281/3281
f 3249/3249 3250/3250 3283/3283 3282/3282
f 3250/3250 3251/3251 3284/3284 3283/3283
f 3251/3251 3252/3252 3285/3285 3284/3284
f 3252/3252 3253/3253 3286/3286 3285/3285
f 3253/3253 3254/3254 3287/3287 3286/3286
f 3254/3254 3255/3255 3288/3288 3287/3287
f 3255/3255 3256/3256 3289/3289 3288/3288
f 3256/3256 3257/3257 3290/3290 3289/3289
f 3257/3257 3258/3258 3291/3291 3290/3290
f 3258/3258 3259/3259 3292/3292 3291/3291
f 3259/3259 3260/3260 3293/3293 3292/3292
f 3260/3260 3261/3261 3294/3294 3293/3293
f 3261/3261 3262/3262 3295/3295 3294/3294
f 3262/3262 3263/3263 3296/3296 3295/3295
f 3263/3263 3264/3264 3297/3297 3296/3296
f 3264/3264 3265/3265 3298/3298 3297/3297
f 3265/3265 3266/3266 3299/3299 3298/3298
f 3266/3266 3267/3267 3300/3300 3299/3299
f 3267/3267 3268/3268 3301/3301 3300/3300
f 3268/3268 3269/3269 3302/3302 3301/3301
f 3269/3269 3270/3270 3303/3303 3302/3302
f 3270/3270 3271/3271 3304/3304 3303/3303
f 3305/3305 3306/3306 3339/3339 3338/3338
f 3306/3306 3307/3307 3340/3340 3339/3339
f 3307/3307 3308/3308 3341/3341 3340/3340
f 3308/3308 3309/3309 3342/3342 3341/3341
f 3309/3309 3310/3310 3343/3343 3342/3342
f 3310/3310 3311/3311 3344/3344 3343/3343
f 3311/3311 3312/3312 3345/3345 3344/3344
f 3312/3312 3313/3313 3346/3346 3345/3345
f 3313/3313 3314/3314 3347/3347 3346/3346
f 3314/3314 3315/3315 3348/3348 3347/3347
f 3315/3315 3316/3316 3349/3349 3348/3348
f 3316/3316 3317/3317 3350/3350 3349/3349
f 3317/3317 3318/3318 3351/3351 3350/3350
f 3318/3318 3319/3319 3352/3352 3351/3351
f 3319/3319 3320/3320 3353/3353 3352/3352
f 3320/3320 3321/3321 3354/3354 3353/3353
f 3321/3321 3322/3322 3355/3355 3354/3354
f 3322/3322 3323/3323 3356/3356 3355/3355
f 3323/3323 3324/3324 3357/3357 3356/3356
f 3324/3324 3325/3325 3358/3358 3357/3357
f 3325/3325 3326/3326 3359/3359 3358/3358
f 3326/3326 3327/3327 3360/3360 3359/3359
f 3327/3327 3328/3328 3361/3361 3360/3360
f 3328/3328 3329/3329 3362/3362 3361/3361
f 3329/3329 3330/3330 3363/3363 3362/3362
f 3330/3330 3331/3331 3364/3364 3363/3363
f 3331/3331 3332/3332 3365/3365 3364/3364
f 3332/3332 3333/3333 3366/3366 3365/3365
f 3333/3333 3334/3334 3367/3367 3366/3366
f 3334/3334 3335/3335 3368/3368 3367/3367
f 3335/3335 3336/3336 3369/3369 3368/3368
f 3336/3336 3337/3337 3370/3370 3369/3369
f 3338/3338 3339/3339 3174/3174 3173/3173
f 3339/3339 3340/3340 3175/3175 3174/3174
f 3340/3340 3341/3341 3176/3176 3175/3175
f 3341/3341 3342/3342 3177/3177 3176/3176
f 3342/3342 3343/3343 3178/3178 3177/3177
f 3343/3343 3344/3344 3179/3179 3178/3178
f 3344/3344 3345/3345 3180/3180 3179/3179
f 3345/3345 3346/3346 3181/3181 3180/3180
f 3346/3346 3347/3347 3182/3182 3181/3181
f 3347/3347 3348/3348 3183/3183 3182/3182
f 3348/3348 3349/3349 3184/3184 3183/3183
f 3349/3349 3350/3350 3185/3185 3184/3184
f 3350/3350 3351/3351 3186/3186 3185/3185
f 3351/3351 3352/3352 3187/3187 3186/3186
f 3352/3352 3353/3353 3188/3188 3187/3187
f 3353/3353 3354/3354 3189/3189 3188/3188
f 3354/3354 3355/3355 3190/3190 3189/3189
f 3355/3355 3356/3356 3191/3191 3190/3190
f 3356/3356 3357/3357 3192/3192 3191/3191
f 3357/3357 3358/3358 3193/3193 3192/3192
f 3358/3358 3359/3359 3194/3194 3193/3193
f 3359/3359 3360/3360 3195/3195 3194/3194
f 3360/3360 3361/3361 3196/3196 3195/3195
f 3361/3361 3362/3362 3197/3197 3196/3196
f 3362/3362 3363/3363 3198/3198 3197/3197
f 3363/3363 3364/3364 3199/3199 3198/3198
f 3364/3364 3365/3365 3200/3200 3199/3199
f 3365/3365 3366/3366 3201/3201 3200/3200
f 3366/3366 3367/3367 3202/3202 3201/3201
f 3367/3367 3368/3368 3203/3203 3202/3202
f 3368/3368 3369/3369 3204/3204 3203/3203
f 3369/3369 3370/3370 3205/3205 3204/3204
f 3371/3371 3372/3372 3373/3373
f 3371/3371 3373/3373 3374/3374
f 3375/3375 3376/3376 3377/3377
f 3375/3375 3377/3377 3378/3378
f 3412/3412 3413/3413 3446/3446 3445/3445
f 3413/3413 3414/3414 3447/3447 3446/3446
f 3414/3414 3415/3415 3448/3448 3447/3447
f 3415/3415 3416/3416 3449/3449 3448/3448
f 3416/3416 3417/3417 3450/3450 3449/3449
f 3417/3417 3418/3418 3451/3451 3450/3450
f 3418/3418 3419/3419 3452/3452 3451/3451
f 3419/3419 3420/3420 3453/3453 3452/3452
f 3420/3420 3421/3421 3454/3454 3453/3453
f 3421/3421 3422/3422 3455/3455 3454/3454
f 3422/3422 3423/3423 3456/3456 3455/3455
f 3423/3423 3424/3424 3457/3457 3456/3456
f 3424/3424 3425/3425 3458/3458 3457/3457
f 3425/3425 3426/3426 3459/3459 3458/3458
f 3426/3426 3427/3427 3460/3460 3459/3459
f 3427/3427 3428/3428 3461/3461 3460/3460
f 3428/3428 3429/3429 3462/3462 3461/3461
f 3429/3429 3430/3430 3463/3463 3462/3462
f 3430/3430 3431/3431 3464/3464 3463/3463
f 3431/3431 3432/3432 3465/3465 3464/3464
f 3432/3432 3433/3433 3466/3466 3465/3465
f 3433/3433 3434/3434 3467/3467 3466/3466
f 3434/3434 3435/3435 3468/3468 3467/3467
f 3435/3435 3436/3436 3469/3469 3468/3468
f 3436/3436 3437/3437 3470/3470 3469/3469
f 3437/3437 3438/3438 3471/3471 3470/3470
f 3438/3438 3439/3439 3472/3472 3471/3471
f 3439/3439 3440/3440 3473/3473 3472/3472
f 3440/3440 3441/3441 3474/3474 3473/3473
f 3441/3441 3442/3442 3475/3475 3474/3474
f 3442/3442 3443/3443 3476/3476 3475/3475
f 3443/3443 3444/3444 3477/3477 3476/3476
f 3445/3445 3446/3446 3479/3479 3478/3478
f 3446/3446 3447/3447 3480/3480 3479/3479
f 3447/3447 3448/3448 3481/3481 3480/3480
f 3448/3448 3449/3449 3482/3482 3481/3481
f 3449/3449 3450/3450 3483/3483 3482/3482
f 3450/3450 3451/3451 3484/3484 3483/3483
f 3451/3451 3452/3452 3485/3485 3484/3484
f 3452/3452 3453/3453 3486/3486 3485/3485
f 3453/3453 3454/3454 3487/3487 3486/3486
f 3454/3454 3455/3455 3488/3488 3487/3487
f 3455/3455 3456/3456 3489/3489 3488/3488
f 3456/3456 3457/3457 3490/3490 3489/3489
f 3457/3457 3458/3458 3491/3491 3490/3490
f 3458/3458 3459/3459 3492/3492 3491/3491
f 3459/3459 3460/3460 3493/3493 3492/3492
f 3460/3460 3461/3461 3494/3494 3493/3493
f 3461/3461 3462/3462 3495/3495 3494/3494
f 3462/3462 3463/3463 3496/3496 3495/3495
f 3463/3463 3464/3464 3497/3497 3496/3496
f 3464/3464 3465/3465 3498/3498 3497/3497
f 3465/3465 3466/3466 3499/3499 3498/3498
f 3466/3466 3467/3467 3500/3500 3499/3499
f 3467/3467 3468/3468 3501/3501 3500/3500
f 3468/3468 3469/3469 3502/3502 3501/3501
f 3469/3469 3470/3470 3503/3503 3502/3502
f 3470/3470 3471/3471 3504/3504 3503/3503
f 3471/3471 3472/3472 3505/3505 3504/3504
f 3472/3472 3473/3473 3506/3506 3505/3505
f 3473/3473 3474/3474 3507/3507 3506/3506
f 3474/3474 3475/3475 3508/3508 3507/3507
f 3475/3475 3476/3476 3509/3509 3508/3508
f 3476/3476 3477/3477 3510/3510 3509/3509
f 3511/3511 3512/3512 3545/3545 3544/3544
f 3512/3512 3513/3513 3546/3546 3545/3545
f 3513/3513 3514/3514 3547/3547 3546/3546
f 3514/3514 3515/3515 3548/3548 3547/3547
f 3515/3515 3516/3516 3549/3549 3548/3548
f 3516/3516 3517/3517 3550/3550 3549/3549
f 3517/3517 3518/3518 3551/3551 3550/3550
f 3518/3518 3519/3519 3552/3552 3551/3551
f 3519/3519 3520/3520 3553/3553 3552/3552
f 3520/3520 3521/3521 3554/3554 3553/3553
f 3521/3521 3522/3522 3555/3555 3554/3554
f 3522/3522 3523/3523 3556/3556 3555/3555
f 3523/3523 3524/3524 3557/3557 3556/3556
f 3524/3524 3525/3525 3558/3558 3557/3557
f 3525/3525 3526/3526 3559/3559 3558/3558
f 3526/3526 3527/3527 3560/3560 3559/3559
f 3527/3527 3528/3528 3561/3561 3560/3560
f 3528/3528 3529/3529 3562/3562 3561/3561
f 3529/3529 3530/3530 3563/3563 3562/3562
f 3530/3530 3531/3531 3564/3564 3563/3563
f 3531/3531 3532/3532 3565/3565 3564/3564
f 3532/3532 3533/3533 3566/3566 3565/3565
f 3533/3533 3534/3534 3567/3567 3566/3566
f 3534/3534 3535/3535 3568/3568 3567/3567
f 3535/3535 3536/3536 3569/3569 3568/3568
f 3536/3536 3537/3537 3570/3570 3569/3569
f 3537/3537 3538/3538 3571/3571 3570/3570
f 3538/3538 3539/3539 3572/3572 3571/3571
f 3539/3539 3540/3540 3573/3573 3572/3572
f 3540/3540 3541/3541 3574/3574 3573/3573
f 3541/3541 3542/3542 3575/3575 3574/3574
f 3542/3542 3543/3543 3576/3576 3575/3575
f 3544/3544 3545/3545 3380/3380 3379/3379
f 3545/3545 3546/3546 3381/3381 3380/3380
f 3546/3546 3547/3547 3382/3382 3381/3381
f 3547/3547 3548/3548 3383/3383 3382/3382
f 3548/3548 3549/3549 3384/3384 3383/3383
f 3549/3549 3550/3550 3385/3385 3384/3384
f 3550/3550 3551/3551 3386/3386 3385/3385
f 3551/3551 3552/3552 3387/3387 3386/3386
f 3552/3552 3553/3553 3388/3388 3387/3387
f 3553/3553 3554/3554 3389/3389 3388/3388
f 3554/3554 3555/3555 3390/3390 3389/3389
f 3555/3555 3556/3556 3391/3391 3390/3390
f 3556/3556 3557/3557 3392/3392 3391/3391
f 3557/3557 3558/3558 3393/3393 3392/3392
f 3558/3558 3559/3559 3394/3394 3393/3393
f 3559/3559 3560/3560 3395/3395 3394/3394
f 3560/3560 3561/3561 3396/3396 3395/3395
f 3561/3561 3562/3562 3397/3397 3396/3396
f 3562/3562 3563/3563 3398/3398 3397/3397
f 3563/3563 3564/3564 3399/3399 3398/3398
f 3564/3564 3565/3565 3400/3400 3399/3399
f 3565/3565 3566/3566 3401/3401 3400/3400
f 3566/3566 3567/3567 3402/3402 3401/3401
f 3567/3567 3568/3568 3403/3403 3402/3402
f 3568/3568 3569/3569 3404/3404 3403/3403
f 3569/3569 3570/3570 3405/3405 3404/3404
f 3570/3570 3571/3571 3406/3406 3405/3405
f 3571/3571 3572/3572 3407/3407 3406/3406
f 3572/3572 3573/3573 3408/3408 3407/3407
f 3573/3573 3574/3574 3409/3409 3408/3408
f 3574/3574 3575/3575 3410/3410 3409/3409
f 3575/3575 3576/3576 3411/3411 3410/3410
f 3577/3577 3578/3578 3579/3579
f 3577/3577 3579/3579 3580/3580
f 3581/3581 3582/3582 3583/3583
f 3581/3581 3583/3583 3584/3584
f 3618/3618 3619/3619 3652/3652 3651/3651
f 3619/3619 3620/3620 3653/3653 3652/3652
f 3620/3620 3621/3621 3654/3654 3653/3653
f 3621/3621 3622/3622 3655/3655 3654/3654
f 3622/3622 3623/3623 3656/3656 3655/3655
f 3623/3623 3624/3624 3657/3657 3656/3656
f 3624/3624 3625/3625 3658/3658 3657/3657
f 3625/3625 3626/3626 3659/3659 3658/3658
f 3626/3626 3627/3627 3660/3660 3659/3659
f 3627/3627 3628/3628 3661/3661 3660/3660
f 3628/3628 3629/3629 3662/3662 3661/3661
f 3629/3629 3630/3630 3663/3663 3662/3662
f 3630/3630 3631/3631 3664/3664 3663/3663
f 3631/3631 3632/3632 3665/3665 3664/3664
f 3632/3632 3633/3633 3666/3666 3665/3665
f 3633/3633 3634/3634 3667/3667 3666/3666
f 3634/3634 3635/3635 3668/3668 3667/3667
f 3635/3635 3636/3636 3669/3669 3668/3668
f 3636/3636 3637/3637 3670/3670 3669/3669
f 3637/3637 3638/3638 3671/3671 3670/3670
f 3638/3638 3639/3639 3672/3672 3671/3671
f 3639/3639 3640/3640 3673/3673 3672/3672
f 3640/3640 3641/3641 3674/3674 3673/3673
f 3641/3641 3642/3642 3675/3675 3674/3674
f 3642/3642 3643/3643 3676/3676 3675/3675
f 3643/3643 3644/3644 3677/3677 3676/3676
f 3644/3644 3645/3645 3678/3678 3677/3677
f 3645/3645 3646/3646 3679/3679 3678/3678
f 3646/3646 3647/3647 3680/3680 3679/3679
f 3647/3647 3648/3648 3681/3681 3680/3680
f 3648/3648 3649/3649 3682/3682 3681/3681
f 3649/3649 3650/3650 3683/3683 3682/3682
f 3651/3651 3652/3652 3685/3685 3684/3684
f 3652/3652 3653/3653 3686/3686 3685/3685
f 3653/3653 3654/3654 3687/3687 3686/3686
f 3654/3654 3655/3655 3688/3688 3687/3687
f 3655/3655 3656/3656 3689/3689 3688/3688
f 3656/3656 3657/3657 3690/3690 3689/3689
f 3657/3657 3658/3658 3691/3691 3690/3690
f 3658/3658 3659/3659 3692/3692 3691/3691
f 3659/3659 3660/3660 3693/3693 3692/3692
f 3660/3660 3661/3661 3694/3694 3693/3693
f 3661/3661 3662/3662 3695/3695 3694/3694
f 3662/3662 3663/3663 3696/3696 3695/3695
f 3663/3663 3664/3664 3697/3697 3696/3696
f 3664/3664 3665/3665 3698/3698 3697/3697
f 3665/3665 3666/3666 3699/3699 3698/3698
f 3666/3666 3667/3667 3700/3700 3699/3699
f 3667/3667 3668/3668 3701/3701 3700/3700
f 3668/3668 3669/3669 3702/3702 3701/3701
f 3669/3669 3670/3670 3703/3703 3702/3702
f 3670/3670 3671/3671 3704/3704 3703/3703
f 3671/3671 3672/3672 3705/3705 3704/3704
f 3672/3672 3673/3673 3706/3706 3705/3705
f 3673/3673 3674/3674 3707/3707 3706/3706
f 3674/3674 3675/3675 3708/3708 3707/3707
f 3675/3675 3676/3676 3709/3709 3708/3708
f 3676/3676 3677/3677 3710/3710 3709/3709
f 3677/3677 3678/3678 3711/3711 3710/3710
f 3678/3678 3679/3679 3712/3712 3711/3711
f 3679/3679 3680/3680 3713/3713 3712/3712
f 3680/3680 3681/3681 3714/3714 3713/3713
f 3681/3681 3682/3682 3715/3715 3714/3714
f 3682/3682 3683/3683 3716/3716 3715/3715
f 3717/3717 3718/3718 3751/3751 3750/3750
f 3718/3718 3719/3719 3752/3752 3751/3751
f 3719/3719 3720/3720 3753/3753 3752/3752
f 3720/3720 3721/3721 3754/3754 3753/3753
f 3721/3721 3722/3722 3755/3755 3754/3754
f 3722/3722 3723/3723 3756/3756 3755/3755
f 3723/3723 3724/3724 3757/3757 3756/3756
f 3724/3724 3725/3725 3758/3758 3757/3757
f 3725/3725 3726/3726 3759/3759 3758/3758
f 3726/3726 3727/3727 3760/3760 3759/3759
f 3727/3727 3728/3728 3761/3761 3760/3760
f 3728/3728 3729/3729 3762/3762 3761/3761
f 3729/3729 3730/3730 3763/3763 3762/3762
f 3730/3730 3731/3731 3764/3764 3763/3763
f 3731/3731 3732/3732 3765/3765 3764/3764
f 3732/3732 3733/3733 3766/3766 3765/3765
f 3733/3733 3734/3734 3767/3767 3766/3766
f 3734/3734 3735/3735 3768/3768 3767/3767
f 3735/3735 3736/3736 3769/3769 3768/3768
f 3736/3736 3737/3737 3770/3770 3769/3769
f 3737/3737 3738/3738 3771/3771 3770/3770
f 3738/3738 3739/3739 3772/3772 3771/3771
f 3739/3739 3740/3740 3773/3773 3772/3772
f 3740/3740 3741/3741 3774/3774 3773/3773
f 3741/3741 3742/3742 3775/3775 3774/3774
f 3742/3742 3743/3743 3776/3776 3775/3775
f 3743/3743 3744/3744 3777/3777 3776/3776
f 3744/3744 3745/3745 3778/3778 3777/3777
f 3745/3745 3746/3746 3779/3779 3778/3778
f 3746/3746 3747/3747 3780/3780 3779/3779
f 3747/3747 3748/3748 3781/3781 3780/3780
f 3748/3748 3749/3749 3782/3782 3781/3781
f 3750/3750 3751/3751 3586/3586 3585/3585
f 3751/3751 3752/3752 3587/3587 3586/3586
f 3752/3752 3753/3753 3588/3588 3587/3587
f 3753/3753 3754/3754 3589/3589 3588/3588
f 3754/3754 3755/3755 3590/3590 3589/3589
f 3755/3755 3756/3756 3591/3591 3590/3590
f 3756/3756 3757/3757 3592/3592 3591/3591
f 3757/3757 3758/3758 3593/3593 3592/3592
f 3758/3758 3759/3759 3594/3594 3593/3593
f 3759/3759 3760/3760 3595/3595 3594/3594
f 3760/3760 3761/3761 3596/3596 3595/3595
f 3761/3761 3762/3762 3597/3597 3596/3596
f 3762/3762 3763/3763 3598/3598 3597/3597
f 3763/3763 3764/3764 3599/3599 3598/3598
f 3764/3764 3765/3765 3600/3600 3599/3599
f 3765/3765 3766/3766 3601/3601 3600/3600
f 3766/3766 3767/3767 3602/3602 3601/3601
f 3767/3767 3768/3768 3603/3603 3602/3602
f 3768/3768 3769/3769 3604/3604 3603/3603
f 3769/3769 3770/3770 3605/3605 3604/3604
f 3770/3770 3771/3771 3606/3606 3605/3605
f 3771/3771 3772/3772 3607/3607 3606/3606
f 3772/3772 3773/3773 3608/3608 3607/3607
f 3773/3773 3774/3774 3609/3609 3608/3608
f 3774/3774 3775/3775 3610/3610 3609/3609
f 3775/3775 3776/3776 3611/3611 3610/3610
f 3776/3776 3777/3777 3612/3612 3611/3611
f 3777/3777 3778/3778 3613/3613 3612/3612
f 3778/3778 3779/3779 3614/3614 3613/3613
f 3779/3779 3780/3780 3615/3615 3614/3614
f 3780/3780 3781/3781 3616/3616 3615/3615
f 3781/3781 3782/3782 3617/3617 3616/3616
f 3783/3783 3784/3784 3785/3785
f 3783/3783 3785/3785 3786/3786
f 3787/3787 3788/3788 3789/3789
f 3787/3787 3789/3789 3790/3790
f 3824/3824 3825/3825 3858/3858 3857/3857
f 3825/3825 3826/3826 3859/3859 3858/3858
f 3826/3826 3827/3827 3860/3860 3859/3859
f 3827/3827 3828/3828 3861/3861 3860/3860
f 3828/3828 3829/3829 3862/3862 3861/3861
f 3829/3829 3830/3830 3863/3863 3862/3862
f 3830/3830 3831/3831 3864/3864 3863/3863
f 3831/3831 3832/3832 3865/3865 3864/3864
f 3832/3832 3833/3833 3866/3866 3865/3865
f 3833/3833 3834/3834 3867/3867 3866/3866
f 3834/3834 3835/3835 3868/3868 3867/3867
f 3835/3835 3836/3836 3869/3869 3868/3868
f 3836/3836 3837/3837 3870/3870 3869/3869
f 3837/3837 3838/3838 3871/3871 3870/3870
f 3838/3838 3839/3839 3872/3872 3871/3871
f 3839/3839 3840/3840 3873/3873 3872/3872
f 3840/3840 3841/3841 3874/3874 3873/3873
f 3841/3841 3842/3842 3875/3875 3874/3874
f 3842/3842 3843/3843 3876/3876 3875/3875
f 3843/3843 3844/3844 3877/3877 3876/3876
f 3844/3844 3845/3845 3878/3878 3877/3877
f 3845/3845 3846/3846 3879/3879 3878/3878
f 3846/3846 3847/3847 3880/3880 3879/3879
f 3847/3847 3848/3848 3881/3881 3880/3880
f 3848/3848 3849/3849 3882/3882 3881/3881
f 3849/3849 3850/3850 3883/3883 3882/3882
f 3850/3850 3851/3851 3884/3884 3883/3883
f 3851/3851 3852/3852 3885/3885 3884/3884
f 3852/3852 3853/3853 3886/3886 3885/3885
f 3853/3853 3854/3854 3887/3887 3886/3886
f 3854/3854 3855/3855 3888/3888 3887/3887
f 3855/3855 3856/3856 3889/3889 3888/3888
f 3857/3857 3858/3858 3891/3891 3890/3890
f 3858/3858 3859/3859 3892/3892 3891/3891
f 3859/3859 3860/3860 3893/3893 3892/3892
f 3860/3860 3861/3861 3894/3894 3893/3893
f 3861/3861 3862/3862 3895/3895 3894/3894
f 3862/3862 3863/3863 3896/3896 3895/3895
f 3863/3863 3864/3864 3897/3897 3896/3896
f 3864/3864 3865/3865 3898/3898 3897/3897
f 3865/3865 3866/3866 3899/3899 3898/3898
f 3866/3866 3867/3867 3900/3900 3899/3899
f 3867/3867 3868/3868 3901/3901 3900/3900
f 3868/3868 3869/3869 3902/3902 3901/3901
f 3869/3869 3870/3870 3903/3903 3902/3902
f 3870/3870 3871/3871 3904/3904 3903/3903
f 3871/3871 3872/3872 3905/3905 3904/3904
f 3872/3872 3873/3873 3906/3906 3905/3905
f 3873/3873 3874/3874 3907/3907 3906/3906
f 3874/3874 3875/3875 3908/3908 3907/3907
f 3875/3875 3876/3876 3909/3909 3908/3908
f 3876/3876 3877/3877 3910/3910 3909/3909
f 3877/3877 3878/3878 3911/3911 3910/3910
f 3878/3878 3879/3879 3912/3912 3911/3911
f 3879/3879 3880/3880 3913/3913 3912/3912
f 3880/3880 3881/3881 3914/3914 3913/3913
f 3881/3881 3882/3882 3915/3915 3914/3914
f 3882/3882 3883/3883 3916/3916 3915/3915
f 3883/3883 3884/3884 3917/3917 3916/3916
f 3884/3884 3885/3885 3918/3918 3917/3917
f 3885/3885 3886/3886 3919/3919 3918/3918
f 3886/3886 3887/3887 3920/3920 3919/3919
f 3887/3887 3888/3888 3921/3921 3920/3920
f 3888/3888 3889/3889 3922/3922 3921/3921
f 3923/3923 3924/3924 3957/3957 3956/3956
f 3924/3924 3925/3925 3958/3958 3957/3957
f 3925/3925 3926/3926 3959/3959 3958/3958
f 3926/3926 3927/3927 3960/3960 3959/3959
f 3927/3927 3928/3928 3961/3961 3960/3960
f 3928/3928 3929/3929 3962/3962 3961/3961
f 3929/3929 3930/3930 3963/3963 3962/3962
f 3930/3930 3931/3931 3964/3964 3963/3963
f 3931/3931 3932/3932 3965/3965 3964/3964
f 3932/3932 3933/3933 3966/3966 3965/3965
f 3933/3933 3934/3934 3967/3967 3966/3966
f 3934/3934 3935/3935 3968/3968 3967/3967
f 3935/3935 3936/3936 3969/3969 3968/3968
f 3936/3936 3937/3937 3970/3970 3969/3969
f 3937/3937 3938/3938 3971/3971 3970/3970
f 3938/3938 3939/3939 3972/3972 3971/3971
f 3939/3939 3940/3940 3973/3973 3972/3972
f 3940/3940 3941/3941 3974/3974 3973/3973
f 3941/3941 3942/3942 3975/3975 3974/3974
f 3942/3942 3943/3943 3976/3976 3975/3975
f 3943/3943 3944/3944 3977/3977 3976/3976
f 3944/3944 3945/3945 3978/3978 3977/3977
f 3945/3945 3946/3946 3979/3979 3978/3978
f 3946/3946 3947/3947 3980/3980 3979/3979
f 3947/3947 3948/3948 3981/3981 3980/3980
f 3948/3948 3949/3949 3982/3982 3981/3981
f 3949/3949 3950/3950 3983/3983 3982/3982
f 3950/3950 3951/3951 3984/3984 3983/3983
f 3951/3951 3952/3952 3985/3985 3984/3984
f 3952/3952 3953/3953 3986/3986 3985/3985
f 3953/3953 3954/3954 3987/3987 3986/3986
f 3954/3954 3955/3955 3988/3988 3987/3987
f 3956/3956 3957/3957 3792/3792 3791/3791
f 3957/3957 3958/3958 3793/3793 3792/3792
f 3958/3958 3959/3959 3794/3794 3793/3793
f 3959/3959 3960/3960 3795/3795 3794/3794
f 3960/3960 3961/3961 3796/3796 3795/3795
f 3961/3961 3962/3962 3797/3797 3796/3796
f 3962/3962 3963/3963 3798/3798 3797/3797
f 3963/3963 3964/3964 3799/3799 3798/3798
f 3964/3964 3965/3965 3800/3800 3799/3799
f 3965/3965 3966/3966 3801/3801 3800/3800
f 3966/3966 3967/3967 3802/3802 3801/3801
f 3967/3967 3968/3968 3803/3803 3802/3802
f 3968/3968 3969/3969 3804/3804 3803/3803
f 3969/3969 3970/3970 3805/3805 3804/3804
f 3970/3970 3971/3971 3806/3806 3805/3805
f 3971/3971 3972/3972 3807/3807 3806/3806
f 3972/3972 3973/3973 3808/3808 3807/3807
f 3973/3973 3974/3974 3809/3809 3808/3808
f 3974/3974 3975/3975 3810/3810 3809/3809
f 3975/3975 3976/3976 3811/3811 3810/3810
f 3976/3976 3977/3977 3812/3812 3811/3811
f 3977/3977 3978/3978 3813/3813 3812/3812
f 3978/3978 3979/3979 3814/3814 3813/3813
f 3979/3979 3980/3980 3815/3815 3814/3814
f 3980/3980 3981/3981 3816/3816 3815/3815
f 3981/3981 3982/3982 3817/3817 3816/3816
f 3982/3982 3983/3983 3818/3818 3817/3817
f 3983/3983 3984/3984 3819/3819 3818/3818
f 3984/3984 3985/3985 3820/3820 3819/3819
f 3985/3985 3986/3986 3821/3821 3820/3820
f 3986/3986 3987/3987 3822/3822 3821/3821
f 3987/3987 3988/3988 3823/3823 3822/3822
f 3989/3989 3990/3990 3991/3991
f 3989/3989 3991/3991 3992/3992
f 3993/3993 3994/3994 3995/3995
f 3993/3993 3995/3995 3996/3996
f 4030/4030 4031/4031 4064/4064 4063/4063
f 4031/4031 4032/4032 4065/4065 4064/4064
f 4032/4032 4033/4033 4066/4066 4065/4065
f 4033/4033 4034/4034 4067/4067 4066/4066
f 4034/4034 4035/4035 4068/4068 4067/4067
f 4035/4035 4036/4036 4069/4069 4068/4068
f 4036/4036 4037/4037 4070/4070 4069/4069
f 4037/4037 4038/4038 4071/4071 4070/4070
f 4038/4038 4039/4039 4072/4072 4071/4071
f 4039/4039 4040/4040 4073/4073 4072/4072
f 4040/4040 4041/4041 4074/4074 4073/4073
f 4041/4041 4042/4042 4075/4075 4074/4074
f 4042/4042 4043/4043 4076/4076 4075/4075
f 4043/4043 4044/4044 4077/4077 4076/4076
f 4044/4044 4045/4045 4078/4078 4077/4077
f 4045/4045 4046/4046 4079/4079 4078/4078
f 4046/4046 4047/4047 4080/4080 4079/4079
f 4047/4047 4048/4048 4081/4081 4080/4080
f 4048/4048 4049/4049 4082/4082 4081/4081
f 4049/4049 4050/4050 4083/4083 4082/4082
f 4050/4050 4051/4051 4084/4084 4083/4083
f 4051/4051 4052/4052 4085/4085 4084/4084
f 4052/4052 4053/4053 4086/4086 4085/4085
f 4053/4053 4054/4054 4087/4087 4086/4086
f 4054/4054 4055/4055 4088/4088 4087/4087
f 4055/4055 4056/4056 4089/4089 4088/4088
f 4056/4056 4057/4057 4090/4090 4089/4089
f 4057/4057 4058/4058 4091/4091 4090/4090
f 4058/4058 4059/4059 4092/4092 4091/4091
f 4059/4059 4060/4060 4093/4093 4092/4092
f 4060/4060 4061/4061 4094/4094 4093/4093
f 4061/4061 4062/4062 4095/4095 4094/4094
f 4063/4063 4064/4064 4097/4097 4096/4096
f 4064/4064 4065/4065 4098/4098 4097/4097
f 4065/4065 4066/4066 4099/4099 4098/4098
f 4066/4066 4067/4067 4100/4100 4099/4099
f 4067/4067 4068/4068 4101/4101 4100/4100
f 4068/4068 4069/4069 4102/4102 4101/4101
f 4069/4069 4070/4070 4103/4103 4102/4102
f 4070/4070 4071/4071 4104/4104 4103/4103
f 4071/4071 4072/4072 4105/4105 4104/4104
f 4072/4072 4073/4073 4106/4106 4105/4105
f 4073/4073 4074/4074 4107/4107 4106/4106
f 4074/4074 4075/4075 4108/4108 4107/4107
f 4075/4075 4076/4076 4109/4109 4108/4108
f 4076/4076 4077/4077 4110/4110 4109/4109
f 4077/4077 4078/4078 4111/4111 4110/4110
f 4078/4078 4079/4079 4112/4112 4111/4111
f 4079/4079 4080/4080 4113/4113 4112/4112
f 4080/4080 4081/4081 4114/4114 4113/4113
f 4081/4081 4082/4082 4115/4115 4114/4114
f 4082/4082 4083/4083 4116/4116 4115/4115
f 4083/4083 4084/4084 4117/4117 4116/4116
f 4084/4084 4085/4085 4118/4118 4117/4117
f 4085/4085 4086/4086 4119/4119 4118/4118
f 4086/4086 4087/4087 4120/4120 4119/4119
f 4087/4087 4088/4088 4121/4121 4120/4120
f 4088/4088 4089/4089 4122/4122 4121/4121
f 4089/4089 4090/4090 4123/4123 4122/4122
f 4090/4090 4091/4091 4124/4124 4123/4123
f 4091/4091 4092/4092 4125/4125 4124/4124
f 4092/4092 4093/4093 4126/4126 4125/4125
f 4093/4093 4094/4094 4127/4127 4126/4126
f 4094/4094 4095/4095 4128/4128 4127/4127
f 4129/4129 4130/4130 4163/4163 4162/4162
f 4130/4130 4131/4131 4164/4164 4163/4163
f 4131/4131 4132/4132 4165/4165 4164/4164
f 4132/4132 4133/4133 4166/4166 4165/4165
f 4133/4133 4134/4134 4167/4167 4166/4166
f 4134/4134 4135/4135 4168/4168 4167/4167
f 4135/4135 4136/4136 4169/4169 4168/4168
f 4136/4136 4137/4137 4170/4170 4169/4169
f 4137/4137 4138/4138 4171/4171 4170/4170
f 4138/4138 4139/4139 4172/4172 4171/4171
f 4139/4139 4140/4140 4173/4173 4172/4172
f 4140/4140 4141/4141 4174/4174 4173/4173
f 4141/4141 4142/4142 4175/4175 4174/4174
f 4142/4142 4143/4143 4176/4176 4175/4175
f 4143/4143 4144/4144 4177/4177 4176/4176
f 4144/4144 4145/4145 4178/4178 4177/4177
f 4145/4145 4146/4146 4179/4179 4178/4178
f 4146/4146 4147/4147 4180/4180 4179/4179
f 4147/4147 4148/4148 4181/4181 4180/4180
f 4148/4148 4149/4149 4182/4182 4181/4181
f 4149/4149 4150/4150 4183/4183 4182/4182
f 4150/4150 4151/4151 4184/4184 4183/4183
f 4151/4151 4152/4152 4185/4185 4184/4184
f 4152/4152 4153/4153 4186/4186 4185/4185
f 4153/4153 4154/4154 4187/4187 4186/4186
f 4154/4154 4155/4155 4188/4188 4187/4187
f 4155/4155 4156/4156 4189/4189 4188/4188
f 4156/4156 4157/4157 4190/4190 4189/4189
f 4157/4157 4158/4158 4191/4191 4190/4190
f 4158/4158 4159/4159 4192/4192 4191/4191
f 4159/4159 4160/4160 4193/4193 4192/4192
f 4160/4160 4161/4161 4194/4194 4193/4193
f 4162/4162 4163/4163 3998/3998 3997/3997
f 4163/4163 4164/4164 3999/3999 3998/3998
f 4164/4164 4165/4165 4000/4000 3999/3999
f 4165/4165 4166/4166 4001/4001 4000/4000
f 4166/4166 4167/4167 4002/4002 4001/4001
f 4167/4167 4168/4168 4003/4003 4002/4002
f 4168/4168 4169/4169 4004/4004 4003/4003
f 4169/4169 4170/4170 4005/4005 4004/4004
f 4170/4170 4171/4171 4006/4006 4005/4005
f 4171/4171 4172/4172 4007/4007 4006/4006
f 4172/4172 4173/4173 4008/4008 4007/4007
f 4173/4173 4174/4174 4009/4009 4008/4008
f 4174/4174 4175/4175 4010/4010 4009/4009
f 4175/4175 4176/4176 4011/4011 4010/4010
f 4176/4176 4177/4177 4012/4012 4011/4011
f 4177/4177 4178/4178 4013/4013 4012/4012
f 4178/4178 4179/4179 4014/4014 4013/4013
f 4179/4179 4180/4180 4015/4015 4014/4014
f 4180/4180 4181/4181 4016/4016 4015/4015
f 4181/4181 4182/4182 4017/4017 4016/4016
f 4182/4182 4183/4183 4018/4018 4017/4017
f 4183/4183 4184/4184 4019/4019 4018/4018
f 4184/4184 4185/4185 4020/4020 4019/4019
f 4185/4185 4186/4186 4021/4021 4020/4020
f 4186/4186 4187/4187 4022/4022 4021/4021
f 4187/4187 4188/4188 4023/4023 4022/4022
f 4188/4188 4189/4189 4024/4024 4023/4023
f 4189/4189 4190/4190 4025/4025 4024/4024
f 4190/4190 4191/4191 4026/4026 4025/4025
f 4191/4191 4192/4192 4027/4027 4026/4026
f 4192/4192 4193/4193 4028/4028 4027/4027
f 4193/4193 4194/4194 4029/4029 4028/4028
f 4195/4195 4196/4196 4197/4197
f 4195/4195 4197/4197 4198/4198
f 4199/4199 4200/4200 4201/4201
f 4199/4199 4201/4201 4202/4202
f 4236/4236 4237/4237 4270/4270 4269/4269
f 4237/4237 4238/4238 4271/4271 4270/4270
f 4238/4238 4239/4239 4272/4272 4271/4271
f 4239/4239 4240/4240 4273/4273 4272/4272
f 4240/4240 4241/4241 4274/4274 4273/4273
f 4241/4241 4242/4242 4275/4275 4274/4274
f 4242/4242 4243/4243 4276/4276 4275/4275
f 4243/4243 4244/4244 4277/4277 4276/4276
f 4244/4244 4245/4245 4278/4278 4277/4277
f 4245/4245 4246/4246 4279/4279 4278/4278
f 4246/4246 4247/4247 4280/4280 4279/4279
f 4247/4247 4248/4248 4281/4281 4280/4280
f 4248/4248 4249/4249 4282/4282 4281/4281
f 4249/4249 4250/4250 4283/4283 4282/4282
f 4250/4250 4251/4251 4284/4284 4283/4283
f 4251/4251 4252/4252 4285/4285 4284/4284
f 4252/4252 4253/4253 4286/4286 4285/4285
f 4253/4253 4254/4254 4287/4287 4286/4286
f 4254/4254 4255/4255 4288/4288 4287/4287
f 4255/4255 4256/4256 4289/4289 4288/4288
f 4256/4256 4257/4257 4290/4290 4289/4289
f 4257/4257 4258/4258 4291/4291 4290/4290
f 4258/4258 4259/4259 4292/4292 4291/4291
f 4259/4259 4260/4260 4293/4293 4292/4292
f 4260/4260 4261/4261 4294/4294 4293/4293
f 4261/4261 4262/4262 4295/4295 4294/4294
f 4262/4262 4263/4263 4296/4296 4295/4295
f 4263/4263 4264/4264 4297/4297 4296/4296
f 4264/4264 4265/4265 4298/4298 4297/4297
f 4265/4265 4266/4266 4299/4299 4298/4298
f 4266/4266 4267/4267 4300/4300 4299/4299
f 4267/4267 4268/4268 4301/4301 4300/4300
f 4269/4269 4270/4270 4303/4303 4302/4302
f 4270/4270 4271/4271 4304/4304 4303/4303
f 4271/4271 4272/4272 4305/4305 4304/4304
f 4272/4272 4273/4273 4306/4306 4305/4305
f 4273/4273 4274/4274 4307/4307 4306/4306
f 4274/4274 4275/4275 4308/4308 4307/4307
f 4275/4275 4276/4276 4309/4309 4308/4308
f 4276/4276 4277/4277 4310/4310 4309/4309
f 4277/4277 4278/4278 4311/4311 4310/4310
f 4278/4278 4279/4279 4312/4312 4311/4311
f 4279/4279 4280/4280 4313/4313 4312/4312
f 4280/4280 4281/4281 4314/4314 4313/4313
f 4281/4281 4282/4282 4315/4315 4314/4314
f 4282/4282 4283/4283 4316/4316 4315/4315
f 4283/4283 4284/4284 4317/4317 4316/4316
f 4284/4284 4285/4285 4318/4318 4317/4317
f 4285/4285 4286/4286 4319/4319 4318/4318
f 4286/4286 4287/4287 4320/4320 4319/4319
f 4287/4287 4288/4288 4321/4321 4320/4320
f 4288/4288 4289/4289 4322/4322 4321/4321
f 4289/4289 4290/4290 4323/4323 4322/4322
f 4290/4290 4291/4291 4324/4324 4323/4323
f 4291/4291 4292/4292 4325/4325 4324/4324
f 4292/4292 4293/4293 4326/4326 4325/4325
f 4293/4293 4294/4294 4327/4327 4326/4326
f 4294/4294 4295/4295 4328/4328 4327/4327
f 4295/4295 4296/4296 4329/4329 4328/4328
f 4296/4296 4297/4297 4330/4330 4329/4329
f 4297/4297 4298/4298 4331/4331 4330/4330
f 4298/4298 4299/4299 4332/4332 4331/4331
f 4299/4299 4300/4300 4333/4333 4332/4332
f 4300/4300 4301/4301 4334/4334 4333/4333
f 4335/4335 4336/4336 4369/4369 4368/4368
f 4336/4336 4337/4337 4370/4370 4369/4369
f 4337/4337 4338/4338 4371/4371 4370/4370
f 4338/4338 4339/4339 4372/4372 4371/4371
f 4339/4339 4340/4340 4373/4373 4372/4372
f 4340/4340 4341/4341 4374/4374 4373/4373
f 4341/4341 4342/4342 4375/4375 4374/4374
f 4342/4342 4343/4343 4376/4376 4375/4375
f 4343/4343 4344/4344 4377/4377 4376/4376
f 4344/4344 4345/4345 4378/4378 4377/4377
f 4345/4345 4346/4346 4379/4379 4378/4378
f 4346/4346 4347/4347 4380/4380 4379/4379
f 4347/4347 4348/4348 4381/4381 4380/4380
f 4348/4348 4349/4349 4382/4382 4381/4381
f 4349/4349 4350/4350 4383/4383 4382/4382
f 4350/4350 4351/4351 4384/4384 4383/4383
f 4351/4351 4352/4352 4385/4385 4384/4384
f 4352/4352 4353/4353 4386/4386 4385/4385
f 4353/4353 4354/4354 4387/4387 4386/4386
f 4354/4354 4355/4355 4388/4388 4387/4387
f 4355/4355 4356/4356 4389/4389 4388/4388
f 4356/4356 4357/4357 4390/4390 4389/4389
f 4357/4357 4358/4358 4391/4391 4390/4390
f 4358/4358 4359/4359 4392/4392 4391/4391
f 4359/4359 4360/4360 4393/4393 4392/4392
f 4360/4360 4361/4361 4394/4394 4393/4393
f 4361/4361 4362/4362 4395/4395 4394/4394
f 4362/4362 4363/4363 4396/4396 4395/4395
f 4363/4363 4364/4364 4397/4397 4396/4396
f 4364/4364 4365/4365 4398/4398 4397/4397
f 4365/4365 4366/4366 4399/4399 4398/4398
f 4366/4366 4367/4367 4400/4400 4399/4399
f 4368/4368 4369/4369 4204/4204 4203/4203
f 4369/4369 4370/4370 4205/4205 4204/4204
f 4370/4370 4371/4371 4206/4206 4205/4205
f 4371/4371 4372/4372 4207/4207 4206/4206
f 4372/4372 4373/4373 4208/4208 4207/4207
f 4373/4373 4374/4374 4209/4209 4208/4208
f 4374/4374 4375/4375 4210/4210 4209/4209
f 4375/4375 4376/4376 4211/4211 4210/4210
f 4376/4376 4377/4377 4212/4212 4211/4211
f 4377/4377 4378/4378 4213/4213 4212/4212
f 4378/4378 4379/4379 4214/4214 4213/4213
f 4379/4379 4380/4380 4215/4215 4214/4214
f 4380/4380 4381/4381 4216/4216 4215/4215
f 4381/4381 4382/4382 4217/4217 4216/4216
f 4382/4382 4383/4383 4218/4218 4217/4217
f 4383/4383 4384/4384 4219/4219 4218/4218
f 4384/4384 4385/4385 4220/4220 4219/4219
f 4385/4385 4386/4386 4221/4221 4220/4220
f 4386/4386 4387/4387 4222/4222 4221/4221
f 4387/4387 4388/4388 4223/4223 4222/4222
f 4388/4388 4389/4389 4224/4224 4223/4223
f 4389/4389 4390/4390 4225/4225 4224/4224
f 4390/4390 4391/4391 4226/4226 4225/4225
f 4391/4391 4392/4392 4227/4227 4226/4226
f 4392/4392 4393/4393 4228/4228 4227/4227
f 4393/4393 4394/4394 4229/4229 4228/4228
f 4394/4394 4395/4395 4230/4230 4229/4229
f 4395/4395 4396/4396 4231/4231 4230/4230
f 4396/4396 4397/4397 4232/4232 4231/4231
f 4397/4397 4398/4398 4233/4233 4232/4232
f 4398/4398 4399/4399 4234/4234 4233/4233
f 4399/4399 4400/4400 4235/4235 4234/4234
f 4401/4401 4402/4402 4403/4403
f 4401/4401 4403/4403 4404/4404
f 4405/4405 4406/4406 4407/4407
f 4405/4405 4407/4407 4408/4408
f 4440/4440 4441/4441 4472/4472 4471/4471
f 4441/4441 4442/4442 4473/4473 4472/4472
f 4442/4442 4443/4443 4474/4474 4473/4473
f 4443/4443 4444/4444 4475/4475 4474/4474
f 4444/4444 4445/4445 4476/4476 4475/4475
f 4445/4445 4446/4446 4477/4477 4476/4476
f 4446/4446 4447/4447 4478/4478 4477/4477
f 4447/4447 4448/4448 4479/4479 4478/4478
f 4448/4448 4449/4449 4480/4480 4479/4479
f 4449/4449 4450/4450 4481/4481 4480/4480
f 4450/4450 4451/4451 4482/4482 4481/4481
f 4451/4451 4452/4452 4483/4483 4482/4482
f 4452/4452 4453/4453 4484/4484 4483/4483
f 4453/4453 4454/4454 4485/4485 4484/4484
f 4454/4454 4455/4455 4486/4486 4485/4485
f 4455/4455 4456/4456 4487/4487 4486/4486
f 4456/4456 4457/4457 4488/4488 4487/4487
f 4457/4457 4458/4458 4489/4489 4488/4488
f 4458/4458 4459/4459 4490/4490 4489/4489
f 4459/4459 4460/4460 4491/4491 4490/4490
f 4460/4460 4461/4461 4492/4492 4491/4491
f 4461/4461 4462/4462 4493/4493 4492/4492
f 4462/4462 4463/4463 4494/4494 4493/4493
f 4463/4463 4464/4464 4495/4495 4494/4494
f 4464/4464 4465/4465 4496/4496 4495/4495
f 4465/4465 4466/4466 4497/4497 4496/4496
f 4466/4466 4467/4467 4498/4498 4497/4497
f 4467/4467 4468/4468 4499/4499 4498/4498
f 4468/4468 4469/4469 4500/4500 4499/4499
f 4469/4469 4470/4470 4501/4501 4500/4500
f 4471/4471 4472/4472 4503/4503 4502/4502
f 4472/4472 4473/4473 4504/4504 4503/4503
f 4473/4473 4474/4474 4505/4505 4504/4504
f 4474/4474 4475/4475 4506/4506 4505/4505
f 4475/4475 4476/4476 4507/4507 4506/4506
f 4476/4476 4477/4477 4508/4508 4507/4507
f 4477/4477 4478/4478 4509/4509 4508/4508
f 4478/4478 4479/4479 4510/4510 4509/4509
f 4479/4479 4480/4480 4511/4511 4510/4510
f 4480/4480 4481/4481 4512/4512 4511/4511
f 4481/4481 4482/4482 4513/4513 4512/4512
f 4482/4482 4483/4483 4514/4514 4513/4513
f 4483/4483 4484/4484 4515/4515 4514/4514
f 4484/4484 4485/4485 4516/4516 4515/4515
f 4485/4485 4486/4486 4517/4517 4516/4516
f 4486/4486 4487/4487 4518/4518 4517/4517
f 4487/4487 4488/4488 4519/4519 4518/4518
f 4488/4488 4489/4489 4520/4520 4519/4519
f 4489/4489 4490/4490 4521/4521 4520/4520
f 4490/4490 4491/4491 4522/4522 4521/4521
f 4491/4491 4492/4492 4523/4523 4522/4522
f 4492/4492 4493/4493 4524/4524 4523/4523
f 4493/4493 4494/4494 4525/4525 4524/4524
f 4494/4494 4495/4495 4526/4526 4525/4525
f 4495/4495 4496/4496 4527/4527 4526/4526
f 4496/4496 4497/4497 4528/4528 4527/4527
f 4497/4497 4498/4498 4529/4529 4528/4528
f 4498/4498 4499/4499 4530/4530 4529/4529
f 4499/4499 4500/4500 4531/4531 4530/4530
f 4500/4500 4501/4501 4532/4532 4531/4531
f 4533/4533 4534/4534 4565/4565 4564/4564
f 4534/4534 4535/4535 4566/4566 4565/4565
f 4535/4535 4536/4536 4567/4567 4566/4566
f 4536/4536 4537/4537 4568/4568 4567/4567
f 4537/4537 4538/4538 4569/4569 4568/4568
f 4538/4538 4539/4539 4570/4570 4569/4569
f 4539/4539 4540/4540 4571/4571 4570/4570
f 4540/4540 4541/4541 4572/4572 4571/4571
f 4541/4541 4542/4542 4573/4573 4572/4572
f 4542/4542 4543/4543 4574/4574 4573/4573
f 4543/4543 4544/4544 4575/4575 4574/4574
f 4544/4544 4545/4545 4576/4576 4575/4575
f 4545/4545 4546/4546 4577/4577 4576/4576
f 4546/4546 4547/4547 4578/4578 4577/4577
f 4547/4547 4548/4548 4579/4579 4578/4578
f 4548/4548 4549/4549 4580/4580 4579/4579
f 4549/4549 4550/4550 4581/4581 4580/4580
f 4550/4550 4551/4551 4582/4582 4581/4581
f 4551/4551 4552/4552 4583/4583 4582/4582
f 4552/4552 4553/4553 4584/4584 4583/4583
f 4553/4553 4554/4554 4585/4585 4584/4584
f 4554/4554 4555/4555 4586/4586 4585/4585
f 4555/4555 4556/4556 4587/4587 4586/4586
f 4556/4556 4557/4557 4588/4588 4587/4587
f 4557/4557 4558/4558 4589/4589 4588/4588
f 4558/4558 4559/4559 4590/4590 4589/4589
f 4559/4559 4560/4560 4591/4591 4590/4590
f 4560/4560 4561/4561 4592/4592 4591/4591
f 4561/4561 4562/4562 4593/4593 4592/4592
f 4562/4562 4563/4563 4594/4594 4593/4593
f 4564/4564 4565/4565 4410/4410 4409/4409
f 4565/4565 4566/4566 4411/4411 4410/4410
f 4566/4566 4567/4567 4412/4412 4411/4411
f 4567/4567 4568/4568 4413/4413 4412/4412
f 4568/4568 4569/4569 4414/4414 4413/4413
f 4569/4569 4570/4570 4415/4415 4414/4414
f 4570/4570 4571/4571 4416/4416 4415/4415
f 4571/4571 4572/4572 4417/4417 4416/4416
f 4572/4572 4573/4573 4418/4418 4417/4417
f 4573/4573 4574/4574 4419/4419 4418/4418
f 4574/4574 4575/4575 4420/4420 4419/4419
f 4575/4575 4576/4576 4421/4421 4420/4420
f 4576/4576 4577/4577 4422/4422 4421/4421
f 4577/4577 4578/4578 4423/4423 4422/4422
f 4578/4578 4579/4579 4424/4424 4423/4423
f 4579/4579 4580/4580 4425/4425 4424/4424
f 4580/4580 4581/4581 4426/4426 4425/4425
f 4581/4581 4582/4582 4427/4427 4426/4426
f 4582/4582 4583/4583 4428/4428 4427/4427
f 4583/4583 4584/4584 4429/4429 4428/4428
f 4584/4584 4585/4585 4430/4430 4429/4429
f 4585/4585 4586/4586 4431/4431 4430/4430
f 4586/4586 4587/4587 4432/4432 4431/4431
f 4587/4587 4588/4588 4433/4433 4432/4432
f 4588/4588 4589/4589 4434/4434 4433/4433
f 4589/4589 4590/4590 4435/4435 4434/4434
f 4590/4590 4591/4591 4436/4436 4435/4435
f 4591/4591 4592/4592 4437/4437 4436/4436
f 4592/4592 4593/4593 4438/4438 4437/4437
f 4593/4593 4594/4594 4439/4439 4438/4438
f 4595/4595 4596/4596 4597/4597
f 4595/4595 4597/4597 4598/4598
f 4599/4599 4600/4600 4601/4601
f 4599/4599 4601/4601 4602/4602
f 4634/4634 4635/4635 4666/4666 4665/4665
f 4635/4635 4636/4636 4667/4667 4666/4666
f 4636/4636 4637/4637 4668/4668 4667/4667
f 4637/4637 4638/4638 4669/4669 4668/4668
f 4638/4638 4639/4639 4670/4670 4669/4669
f 4639/4639 4640/4640 4671/4671 4670/4670
f 4640/4640 4641/4641 4672/4672 4671/4671
f 4641/4641 4642/4642 4673/4673 4672/4672
f 4642/4642 4643/4643 4674/4674 4673/4673
f 4643/4643 4644/4644 4675/4675 4674/4674
f 4644/4644 4645/4645 4676/4676 4675/4675
f 4645/4645 4646/4646 4677/4677 4676/4676
f 4646/4646 4647/4647 4678/4678 4677/4677
f 4647/4647 4648/4648 4679/4679 4678/4678
f 4648/4648 4649/4649 4680/4680 4679/4679
f 4649/4649 4650/4650 4681/4681 4680/4680
f 4650/4650 4651/4651 4682/4682 4681/4681
f 4651/4651 4652/4652 4683/4683 4682/4682
f 4652/4652 4653/4653 4684/4684 4683/4683
f 4653/4653 4654/4654 4685/4685 4684/4684
f 4654/4654 4655/4655 4686/4686 4685/4685
f 4655/4655 4656/4656 4687/4687 4686/4686
f 4656/4656 4657/4657 4688/4688 4687/4687
f 4657/4657 4658/4658 4689/4689 4688/4688
f 4658/4658 4659/4659 4690/4690 4689/4689
f 4659/4659 4660/4660 4691/4691 4690/4690
f 4660/4660 4661/4661 4692/4692 4691/4691
f 4661/4661 4662/4662 4693/4693 4692/4692
f 4662/4662 4663/4663 4694/4694 4693/4693
f 4663/4663 4664/4664 4695/4695 4694/4694
f 4665/4665 4666/4666 4697/4697 4696/4696
f 4666/4666 4667/4667 4698/4698 4697/4697
f 4667/4667 4668/4668 4699/4699 4698/4698
f 4668/4668 4669/4669 4700/4700 4699/4699
f 4669/4669 4670/4670 4701/4701 4700/4700
f 4670/4670 4671/4671 4702/4702 4701/4701
f 4671/4671 4672/4672 4703/4703 4702/4702
f 4672/4672 4673/4673 4704/4704 4703/4703
f 4673/4673 4674/4674 4705/4705 4704/4704
f 4674/4674 4675/4675 4706/4706 4705/4705
f 4675/4675 4676/4676 4707/4707 4706/4706
f 4676/4676 4677/4677 4708/4708 4707/4707
f 4677/4677 4678/4678 4709/4709 4708/4708
f 4678/4678 4679/4679 4710/4710 4709/4709
f 4679/4679 4680/4680 4711/4711 4710/4710
f 4680/4680 4681/4681 4712/4712 4711/4711
f 4681/4681 4682/4682 4713/4713 4712/4712
f 4682/4682 4683/4683 4714/4714 4713/4713
f 4683/4683 4684/4684 4715/4715 4714/4714
f 4684/4684 4685/4685 4716/4716 4715/4715
f 4685/4685 4686/4686 4717/4717 4716/4716
f 4686/4686 4687/4687 4718/4718 4717/4717
f 4687/4687 4688/4688 4719/4719 4718/4718
f 4688/4688 4689/4689 4720/4720 4719/4719
f 4689/4689 4690/4690 4721/4721 4720/4720
f 4690/4690 4691/4691 4722/4722 4721/4721
f 4691/4691 4692/4692 4723/4723 4722/4722
f 4692/4692 4693/4693 4724/4724 4723/4723
f 4693/4693 4694/4694 4725/4725 4724/4724
f 4694/4694 4695/4695 4726/4726 4725/4725
f 4727/4727 4728/4728 4759/4759 4758/4758
f 4728/4728 4729/4729 4760/4760 4759/4759
f 4729/4729 4730/4730 4761/4761 4760/4760
f 4730/4730 4731/4731 4762/4762 4761/4761
f 4731/4731 4732/4732 4763/4763 4762/4762
f 4732/4732 4733/4733 4764/4764 4763/4763
f 4733/4733 4734/4734 4765/4765 4764/4764
f 4734/4734 4735/4735 4766/4766 4765/4765
f 4735/4735 4736/4736 4767/4767 4766/4766
f 4736/4736 4737/4737 4768/4768 4767/4767
f 4737/4737 4738/4738 4769/4769 4768/4768
f 4738/4738 4739/4739 4770/4770 4769/4769
f 4739/4739 4740/4740 4771/4771 4770/4770
f 4740/4740 4741/4741 4772/4772 4771/4771
f 4741/4741 4742/4742 4773/4773 4772/4772
f 4742/4742 4743/4743 4774/4774 4773/4773
f 4743/4743 4744/4744 4775/4775 4774/4774
f 4744/4744 4745/4745 4776/4776 4775/4775
f 4745/4745 4746/4746 4777/4777 4776/4776
f 4746/4746 4747/4747 4778/4778 4777/4777
f 4747/4747 4748/4748 4779/4779 4778/4778
f 4748/4748 4749/4749 4780/4780 4779/4779
f 4749/4749 4750/4750 4781/4781 4780/4780
f 4750/4750 4751/4751 4782/4782 4781/4781
f 4751/4751 4752/4752 4783/4783 4782/4782
f 4752/4752 4753/4753 4784/4784 4783/4783
f 4753/4753 4754/4754 4785/4785 4784/4784
f 4754/4754 4755/4755 4786/4786 4785/4785
f 4755/4755 4756/4756 4787/4787 4786/4786
f 4756/4756 4757/4757 4788/4788 4787/4787
f 4758/4758 4759/4759 4604/4604 4603/4603
f 4759/4759 4760/4760 4605/4605 4604/4604
f 4760/4760 4761/4761 4606/4606 4605/4605
f 4761/4761 4762/4762 4607/4607 4606/4606
f 4762/4762 4763/4763 4608/4608 4607/4607
f 4763/4763 4764/4764 4609/4609 4608/4608
f 4764/4764 4765/4765 4610/4610 4609/4609
f 4765/4765 4766/4766 4611/4611 4610/4610
f 4766/4766 4767/4767 4612/4612 4611/4611
f 4767/4767 4768/4768 4613/4613 4612/4612
f 4768/4768 4769/4769 4614/4614 4613/4613
f 4769/4769 4770/4770 4615/4615 4614/4614
f 4770/4770 4771/4771 4616/4616 4615/4615
f 4771/4771 4772/4772 4617/4617 4616/4616
f 4772/4772 4773/4773 4618/4618 4617/4617
f 4773/4773 4774/4774 4619/4619 4618/4618
f 4774/4774 4775/4775 4620/4620 4619/4619
f 4775/4775 4776/4776 4621/4621 4620/4620
f 4776/4776 4777/4777 4622/4622 4621/4621
f 4777/4777 4778/4778 4623/4623 4622/4622
f 4778/4778 4779/4779 4624/4624 4623/4623
f 4779/4779 4780/4780 4625/4625 4624/4624
f 4780/4780 4781/4781 4626/4626 4625/4625
f 4781/4781 4782/4782 4627/4627 4626/4626
f 4782/4782 4783/4783 4628/4628 4627/4627
f 4783/4783 4784/4784 4629/4629 4628/4628
f 4784/4784 4785/4785 4630/4630 4629/4629
f 4785/4785 4786/4786 4631/4631 4630/4630
f 4786/4786 4787/4787 4632/4632 4631/4631
f 4787/4787 4788/4788 4633/4633 4632/4632
f 4789/4789 4790/4790 4791/4791
f 4789/4789 4791/4791 4792/4792
f 4793/4793 4794/4794 4795/4795
f 4793/4793 4795/4795 4796/4796
f 4827/4827 4828/4828 4858/4858 4857/4857
f 4828/4828 4829/4829 4859/4859 4858/4858
f 4829/4829 4830/4830 4860/4860 4859/4859
f 4830/4830 4831/4831 4861/4861 4860/4860
f 4831/4831 4832/4832 4862/4862 4861/4861
f 4832/4832 4833/4833 4863/4863 4862/4862
f 4833/4833 4834/4834 4864/4864 4863/4863
f 4834/4834 4835/4835 4865/4865 4864/4864
f 4835/4835 4836/4836 4866/4866 4865/4865
f 4836/4836 4837/4837 4867/4867 4866/4866
f 4837/4837 4838/4838 4868/4868 4867/4867
f 4838/4838 4839/4839 4869/4869 4868/4868
f 4839/4839 4840/4840 4870/4870 4869/4869
f 4840/4840 4841/4841 4871/4871 4870/4870
f 4841/4841 4842/4842 4872/4872 4871/4871
f 4842/4842 4843/4843 4873/4873 4872/4872
f 4843/4843 4844/4844 4874/4874 4873/4873
f 4844/4844 4845/4845 4875/4875 4874/4874
f 4845/4845 4846/4846 4876/4876 4875/4875
f 4846/4846 4847/4847 4877/4877 4876/4876
f 4847/4847 4848/4848 4878/4878 4877/4877
f 4848/4848 4849/4849 4879/4879 4878/4878
f 4849/4849 4850/4850 4880/4880 4879/4879
f 4850/4850 4851/4851 4881/4881 4880/4880
f 4851/4851 4852/4852 4882/4882 4881/4881
f 4852/4852 4853/4853 4883/4883 4882/4882
f 4853/4853 4854/4854 4884/4884 4883/4883
f 4854/4854 4855/4855 4885/4885 4884/4884
f 4855/4855 4856/4856 4886/4886 4885/4885
f 4857/4857 4858/4858 4888/4888 4887/4887
f 4858/4858 4859/4859 4889/4889 4888/4888
f 4859/4859 4860/4860 4890/4890 4889/4889
f 4860/4860 4861/4861 4891/4891 4890/4890
f 4861/4861 4862/4862 4892/4892 4891/4891
f 4862/4862 4863/4863 4893/4893 4892/4892
f 4863/4863 4864/4864 4894/4894 4893/4893
f 4864/4864 4865/4865 4895/4895 4894/4894
f 4865/4865 4866/4866 4896/4896 4895/4895
f 4866/4866 4867/4867 4897/4897 4896/4896
f 4867/4867 4868/4868 4898/4898 4897/4897
f 4868/4868 4869/4869 4899/4899 4898/4898
f 4869/4869 4870/4870 4900/4900 4899/4899
f 4870/4870 4871/4871 4901/4901 4900/4900
f 4871/4871 4872/4872 4902/4902 4901/4901
f 4872/4872 4873/4873 4903/4903 4902/4902
f 4873/4873 4874/4874 4904/4904 4903/4903
f 4874/4874 4875/4875 4905/4905 4904/4904
f 4875/4875 4876/4876 4906/4906 4905/4905
f 4876/4876 4877/4877 4907/4907 4906/4906
f 4877/4877 4878/4878 4908/4908 4907/4907
f 4878/4878 4879/4879 4909/4909 4908/4908
f 4879/4879 4880/4880 4910/4910 4909/4909
f 4880/4880 4881/4881 4911/4911 4910/4910
f 4881/4881 4882/4882 4912/4912 4911/4911
f 4882/4882 4883/4883 4913/4913 4912/4912
f 4883/4883 4884/4884 4914/4914 4913/4913
f 4884/4884 4885/4885 4915/4915 4914/4914
f 4885/4885 4886/4886 4916/4916 4915/4915
f 4917/4917 4918/4918 4948/4948 4947/4947
f 4918/4918 4919/4919 4949/4949 4948/4948
f 4919/4919 4920/4920 4950/4950 4949/4949
f 4920/4920 4921/4921 4951/4951 4950/4950
f 4921/4921 4922/4922 4952/4952 4951/4951
f 4922/4922 4923/4923 4953/4953 4952/4952
f 4923/4923 4924/4924 4954/4954 4953/4953
f 4924/4924 4925/4925 4955/4955 4954/4954
f 4925/4925 4926/4926 4956/4956 4955/4955
f 4926/4926 4927/4927 4957/4957 4956/4956
f 4927/4927 4928/4928 4958/4958 4957/4957
f 4928/4928 4929/4929 4959/4959 4958/4958
f 4929/4929 4930/4930 4960/4960 4959/4959
f 4930/4930 4931/4931 4961/4961 4960/4960
f 4931/4931 4932/4932 4962/4962 4961/4961
f 4932/4932 4933/4933 4963/4963 4962/4962
f 4933/4933 4934/4934 4964/4964 4963/4963
f 4934/4934 4935/4935 4965/4965 4964/4964
f 4935/4935 4936/4936 4966/4966 4965/4965
f 4936/4936 4937/4937 4967/4967 4966/4966
f 4937/4937 4938/4938 4968/4968 4967/4967
f 4938/4938 4939/4939 4969/4969 4968/4968
f 4939/4939 4940/4940 4970/4970 4969/4969
f 4940/4940 4941/4941 4971/4971 4970/4970
f 4941/4941 4942/4942 4972/4972 4971/4971
f 4942/4942 4943/4943 4973/4973 4972/4972
f 4943/4943 4944/4944 4974/4974 4973/4973
f 4944/4944 4945/4945 4975/4975 4974/4974
f 4945/4945 4946/4946 4976/4976 4975/4975
f 4947/4947 4948/4948 4798/4798 4797/4797
f 4948/4948 4949/4949 4799/4799 4798/4798
f 4949/4949 4950/4950 4800/4800 4799/4799
f 4950/4950 4951/4951 4801/4801 4800/4800
f 4951/4951 4952/4952 4802/4802 4801/4801
f 4952/4952 4953/4953 4803/4803 4802/4802
f 4953/4953 4954/4954 4804/4804 4803/4803
f 4954/4954 4955/4955 4805/4805 4804/4804
f 4955/4955 4956/4956 4806/4806 4805/4805
f 4956/4956 4957/4957 4807/4807 4806/4806
f 4957/4957 4958/4958 4808/4808 4807/4807
f 4958/4958 4959/4959 4809/4809 4808/4808
f 4959/4959 4960/4960 4810/4810 4809/4809
f 4960/4960 4961/4961 4811/4811 4810/4810
f 4961/4961 4962/4962 4812/4812 4811/4811
f 4962/4962 4963/4963 4813/4813 4812/4812
f 4963/4963 4964/4964 4814/4814 4813/4813
f 4964/4964 4965/4965 4815/4815 4814/4814
f 4965/4965 4966/4966 4816/4816 4815/4815
f 4966/4966 4967/4967 4817/4817 4816/4816
f 4967/4967 4968/4968 4818/4818 4817/4817
f 4968/4968 4969/4969 4819/4819 4818/4818
f 4969/4969 4970/4970 4820/4820 4819/4819
f 4970/4970 4971/4971 4821/4821 4820/4820
f 4971/4971 4972/4972 4822/4822 4821/4821
f 4972/4972 4973/4973 4823/4823 4822/4822
f 4973/4973 4974/4974 4824/4824 4823/4823
f 4974/4974 4975/4975 4825/4825 4824/4824
f 4975/4975 4976/4976 4826/4826 4825/4825
f 4977/4977 4978/4978 4979/4979
f 4977/4977 4979/4979 4980/4980
f 4981/4981 4982/4982 4983/4983
f 4981/4981 4983/4983 4984/4984
f 5015/5015 5016/5016 5046/5046 5045/5045
f 5016/5016 5017/5017 5047/5047 5046/5046
f 5017/5017 5018/5018 5048/5048 5047/5047
f 5018/5018 5019/5019 5049/5049 5048/5048
f 5019/5019 5020/5020 5050/5050 5049/5049
f 5020/5020 5021/5021 5051/5051 5050/5050
f 5021/5021 5022/5022 5052/5052 5051/5051
f 5022/5022 5023/5023 5053/5053 5052/5052
f 5023/5023 5024/5024 5054/5054 5053/5053
f 5024/5024 5025/5025 5055/5055 5054/5054
f 5025/5025 5026/5026 5056/5056 5055/5055
f 5026/5026 5027/5027 5057/5057 5056/5056
f 5027/5027 5028/5028 5058/5058 5057/5057
f 5028/5028 5029/5029 5059/5059 5058/5058
f 5029/5029 5030/5030 5060/5060 5059/5059
f 5030/5030 5031/5031 5061/5061 5060/5060
f 5031/5031 5032/5032 5062/5062 5061/5061
f 5032/5032 5033/5033 5063/5063 5062/5062
f 5033/5033 5034/5034 5064/5064 5063/5063
f 5034/5034 5035/5035 5065/5065 5064/5064
f 5035/5035 5036/5036 5066/5066 5065/5065
f 5036/5036 5037/5037 5067/5067 5066/5066
f 5037/5037 5038/5038 5068/5068 5067/5067
f 5038/5038 5039/5039 5069/5069 5068/5068
f 5039/5039 5040/5040 5070/5070 5069/5069
f 5040/5040 5041/5041 5071/5071 5070/5070
f 5041/5041 5042/5042 5072/5072 5071/5071
f 5042/5042 5043/5043 5073/5073 5072/5072
f 5043/5043 5044/5044 5074/5074 5073/5073
f 5045/5045 5046/5046 5076/5076 5075/5075
f 5046/5046 5047/5047 5077/5077 5076/5076
f 5047/5047 5048/5048 5078/5078 5077/5077
f 5048/5048 5049/5049 5079/5079 5078/5078
f 5049/5049 5050/5050 5080/5080 5079/5079
f 5050/5050 5051/5051 5081/5081 5080/5080
f 5051/5051 5052/5052 5082/5082 5081/5081
f 5052/5052 5053/5053 5083/5083 5082/5082
f 5053/5053 5054/5054 5084/5084 5083/5083
f 5054/5054 5055/5055 5085/5085 5084/5084
f 5055/5055 5056/5056 5086/5086 5085/5085
f 5056/5056 5057/5057 5087/5087 5086/5086
f 5057/5057 5058/5058 5088/5088 5087/5087
f 5058/5058 5059/5059 5089/5089 5088/5088
f 5059/5059 5060/5060 5090/5090 5089/5089
f 5060/5060 5061/5061 5091/5091 5090/5090
f 5061/5061 5062/5062 5092/5092 5091/5091
f 5062/5062 5063/5063 5093/5093 5092/5092
f 5063/5063 5064/5064 5094/5094 5093/5093
f 5064/5064 5065/5065 5095/5095 5094/5094
f 5065/5065 5066/5066 5096/5096 5095/5095
f 5066/5066 5067/5067 5097/5097 5096/5096
f 5067/5067 5068/5068 5098/5098 5097/5097
f 5068/5068 5069/5069 5099/5099 5098/5098
f 5069/5069 5070/5070 5100/5100 5099/5099
f 5070/5070 5071/5071 5101/5101 5100/5100
f 5071/5071 5072/5072 5102/5102 5101/5101
f 5072/5072 5073/5073 5103/5103 5102/5102
f 5073/5073 5074/5074 5104/5104 5103/5103
f 5105/5105 5106/5106 5136/5136 5135/5135
f 5106/5106 5107/5107 5137/5137 5136/5136
f 5107/5107 5108/5108 5138/5138 5137/5137
f 5108/5108 5109/5109 5139/5139 5138/5138
f 5109/5109 5110/5110 5140/5140 5139/5139
f 5110/5110 5111/5111 5141/5141 5140/5140
f 5111/5111 5112/5112 5142/5142 5141/5141
f 5112/5112 5113/5113 5143/5143 5142/5142
f 5113/5113 5114/5114 5144/5144 5143/5143
f 5114/5114 5115/5115 5145/5145 5144/5144
f 5115/5115 5116/5116 5146/5146 5145/5145
f 5116/5116 5117/5117 5147/5147 5146/5146
f 5117/5117 5118/5118 5148/5148 5147/5147
f 5118/5118 5119/5119 5149/5149 5148/5148
f 5119/5119 5120/5120 5150/5150 5149/5149
f 5120/5120 5121/5121 5151/5151 5150/5150
f 5121/5121 5122/5122 5152/5152 5151/5151
f 5122/5122 5123/5123 5153/5153 5152/5152
f 5123/5123 5124/5124 5154/5154 5153/5153
f 5124/5124 5125/5125 5155/5155 5154/5154
f 5125/5125 5126/5126 5156/5156 5155/5155
f 5126/5126 5127/5127 5157/5157 5156/5156
f 5127/5127 5128/5128 5158/5158 5157/5157
f 5128/5128 5129/5129 5159/5159 5158/5158
f 5129/5129 5130/5130 5160/5160 5159/5159
f 5130/5130 5131/5131 5161/5161 5160/5160
f 5131/5131 5132/5132 5162/5162 5161/5161
f 5132/5132 5133/5133 5163/5163 5162/5162
f 5133/5133 5134/5134 5164/5164 5163/5163
f 5135/5135 5136/5136 4986/4986 4985/4985
f 5136/5136 5137/5137 4987/4987 4986/4986
f 5137/5137 5138/5138 4988/4988 4987/4987
f 5138/5138 5139/5139 4989/4989 4988/4988
f 5139/5139 5140/5140 4990/4990 4989/4989
f 5140/5140 5141/5141 4991/4991 4990/4990
f 5141/5141 5142/5142 4992/4992 4991/4991
f 5142/5142 5143/5143 4993/4993 4992/4992
f 5143/5143 5144/5144 4994/4994 4993/4993
f 5144/5144 5145/5145 4995/4995 4994/4994
f 5145/5145 5146/5146 4996/4996 4995/4995
f 5146/5146 5147/5147 4997/4997 4996/4996
f 5147/5147 5148/5148 4998/4998 4997/4997
f 5148/5148 5149/5149 4999/4999 4998/4998
f 5149/5149 5150/5150 5000/5000 4999/4999
f 5150/5150 5151/5151 5001/5001 5000/5000
f 5151/5151 5152/5152 5002/5002 5001/5001
f 5152/5152 5153/5153 5003/5003 5002/5002
f 5153/5153 5154/5154 5004/5004 5003/5003
f 5154/5154 5155/5155 5005/5005 5004/5004
f 5155/5155 5156/5156 5006/5006 5005/5005
f 5156/5156 5157/5157 5007/5007 5006/5006
f 5157/5157 5158/5158 5008/5008 5007/5007
f 5158/5158 5159/5159 5009/5009 5008/5008
f 5159/5159 5160/5160 5010/5010 5009/5009
f 5160/5160 5161/5161 5011/5011 5010/5010
f 5161/5161 5162/5162 5012/5012 5011/5011
f 5162/5162 5163/5163 5013/5013 5012/5012
f 5163/5163 5164/5164 5014/5014 5013/5013
f 5165/5165 5166/5166 5167/5167
f 5165/5165 5167/5167 5168/5168
f 5169/5169 5170/5170 5171/5171
f 5169/5169 5171/5171 5172/5172
f 5194/5194 5195/5195 5216/5216 5215/5215
f 5195/5195 5196/5196 5217/5217 5216/5216
f 5196/5196 5197/5197 5218/5218 5217/5217
f 5197/5197 5198/5198 5219/5219 5218/5218
f 5198/5198 5199/5199 5220/5220 5219/5219
f 5199/5199 5200/5200 5221/5221 5220/5220
f 5200/5200 5201/5201 5222/5222 5221/5221
f 5201/5201 5202/5202 5223/5223 5222/5222
f 5202/5202 5203/5203 5224/5224 5223/5223
f 5203/5203 5204/5204 5225/5225 5224/5224
f 5204/5204 5205/5205 5226/5226 5225/5225
f 5205/5205 5206/5206 5227/5227 5226/5226
f 5206/5206 5207/5207 5228/5228 5227/5227
f 5207/5207 5208/5208 5229/5229 5228/5228
f 5208/5208 5209/5209 5230/5230 5229/5229
f 5209/5209 5210/5210 5231/5231 5230/5230
f 5210/5210 5211/5211 5232/5232 5231/5231
f 5211/5211 5212/5212 5233/5233 5232/5232
f 5212/5212 5213/5213 5234/5234 5233/5233
f 5213/5213 5214/5214 5235/5235 5234/5234
f 5215/5215 5216/5216 5237/5237 5236/5236
f 5216/5216 5217/5217 5238/5238 5237/5237
f 5217/5217 5218/5218 5239/5239 5238/5238
f 5218/5218 5219/5219 5240/5240 5239/5239
f 5219/5219 5220/5220 5241/5241 5240/5240
f 5220/5220 5221/5221 5242/5242 5241/5241
f 5221/5221 5222/5222 5243/5243 5242/5242
f 5222/5222 5223/5223 5244/5244 5243/5243
f 5223/5223 5224/5224 5245/5245 5244/5244
f 5224/5224 5225/5225 5246/5246 5245/5245
f 5225/5225 5226/5226 5247/5247 5246/5246
f 5226/5226 5227/5227 5248/5248 5247/5247
f 5227/5227 5228/5228 5249/5249 5248/5248
f 5228/5228 5229/5229 5250/5250 5249/5249
f 5229/5229 5230/5230 5251/5251 5250/5250
f 5230/5230 5231/5231 5252/5252 5251/5251
f 5231/5231 5232/5232 5253/5253 5252/5252
f 5232/5232 5233/5233 5254/5254 5253/5253
f 5233/5233 5234/5234 5255/5255 5254/5254
f 5234/5234 5235/5235 5256/5256 5255/5255
f 5257/5257 5258/5258 5279/5279 5278/5278
f 5258/5258 5259/5259 5280/5280 5279/5279
f 5259/5259 5260/5260 5281/5281 5280/5280
f 5260/5260 5261/5261 5282/5282 5281/5281
f 5261/5261 5262/5262 5283/5283 5282/5282
f 5262/5262 5263/5263 5284/5284 5283/5283
f 5263/5263 5264/5264 5285/5285 5284/5284
f 5264/5264 5265/5265 5286/5286 5285/5285
f 5265/5265 5266/5266 5287/5287 5286/5286
f 5266/5266 5267/5267 5288/5288 5287/5287
f 5267/5267 5268/5268 5289/5289 5288/5288
f 5268/5268 5269/5269 5290/5290 5289/5289
f 5269/5269 5270/5270 5291/5291 5290/5290
f 5270/5270 5271/5271 5292/5292 5291/5291
f 5271/5271 5272/5272 5293/5293 5292/5292
f 5272/5272 5273/5273 5294/5294 5293/5293
f 5273/5273 5274/5274 5295/5295 5294/5294
f 5274/5274 5275/5275 5296/5296 5295/5295
f 5275/5275 5276/5276 5297/5297 5296/5296
f 5276/5276 5277/5277 5298/5298 5297/5297
f 5278/5278 5279/5279 5174/5174 5173/5173
f 5279/5279 5280/5280 5175/5175 5174/5174
f 5280/5280 5281/5281 5176/5176 5175/5175
f 5281/5281 5282/5282 5177/5177 5176/5176
f 5282/5282 5283/5283 5178/5178 5177/5177
f 5283/5283 5284/5284 5179/5179 5178/5178
f 5284/5284 5285/5285 5180/5180 5179/5179
f 5285/5285 5286/5286 5181/5181 5180/5180
f 5286/5286 5287/5287 5182/5182 5181/5181
f 5287/5287 5288/5288 5183/5183 5182/5182
f 5288/5288 5289/5289 5184/5184 5183/5183
f 5289/5289 5290/5290 5185/5185 5184/5184
f 5290/5290 5291/5291 5186/5186 5185/5185
f 5291/5291 5292/5292 5187/5187 5186/5186
f 5292/5292 5293/5293 5188/5188 5187/5187
f 5293/5293 5294/5294 5189/5189 5188/5188
f 5294/5294 5295/5295 5190/5190 5189/5189
f 5295/5295 5296/5296 5191/5191 5190/5190
f 5296/5296 5297/5297 5192/5192 5191/5191
f 5297/5297 5298/5298 5193/5193 5192/5192
f 5299/5299 5300/5300 5301/5301
f 5299/5299 5301/5301 5302/5302
f 5303/5303 5304/5304 5305/5305
f 5303/5303 5305/5305 5306/5306
f 5328/5328 5329/5329 5350/5350 5349/5349
f 5329/5329 5330/5330 5351/5351 5350/5350
f 5330/5330 5331/5331 5352/5352 5351/5351
f 5331/5331 5332/5332 5353/5353 5352/5352
f 5332/5332 5333/5333 5354/5354 5353/5353
f 5333/5333 5334/5334 5355/5355 5354/5354
f 5334/5334 5335/5335 5356/5356 5355/5355
f 5335/5335 5336/5336 5357/5357 5356/5356
f 5336/5336 5337/5337 5358/5358 5357/5357
f 5337/5337 5338/5338 5359/5359 5358/5358
f 5338/5338 5339/5339 5360/5360 5359/5359
f 5339/5339 5340/5340 5361/5361 5360/5360
f 5340/5340 5341/5341 5362/5362 5361/5361
f 5341/5341 5342/5342 5363/5363 5362/5362
f 5342/5342 5343/5343 5364/5364 5363/5363
f 5343/5343 5344/5344 5365/5365 5364/5364
f 5344/5344 5345/5345 5366/5366 5365/5365
f 5345/5345 5346/5346 5367/5367 5366/5366
f 5346/5346 5347/5347 5368/5368 5367/5367
f 5347/5347 5348/5348 5369/5369 5368/5368
f 5349/5349 5350/5350 5371/5371 5370/5370
f 5350/5350 5351/5351 5372/5372 5371/5371
f 5351/5351 5352/5352 5373/5373 5372/5372
f 5352/5352 5353/5353 5374/5374 5373/5373
f 5353/5353 5354/5354 5375/5375 5374/5374
f 5354/5354 5355/5355 5376/5376 5375/5375
f 5355/5355 5356/5356 5377/5377 5376/5376
f 5356/5356 5357/5357 5378/5378 5377/5377
f 5357/5357 5358/5358 5379/5379 5378/5378
f 5358/5358 5359/5359 5380/5380 5379/5379
f 5359/5359 5360/5360 5381/5381 5380/5380
f 5360/5360 5361/5361 5382/5382 5381/5381
f 5361/5361 5362/5362 5383/5383 5382/5382
f 5362/5362 5363/5363 5384/5384 5383/5383
f 5363/5363 5364/5364 5385/5385 5384/5384
f 5364/5364 5365/5365 5386/5386 5385/5385
f 5365/5365 5366/5366 5387/5387 5386/5386
f 5366/5366 5367/5367 5388/5388 5387/5387
f 5367/5367 5368/5368 5389/5389 5388/5388
f 5368/5368 5369/5369 5390/5390 5389/5389
f 5391/5391 5392/5392 5413/5413 5412/5412
f 5392/5392 5393/5393 5414/5414 5413/5413
f 5393/5393 5394/5394 5415/5415 5414/5414
f 5394/5394 5395/5395 5416/5416 5415/5415
f 5395/5395 5396/5396 5417/5417 5416/5416
f 5396/5396 5397/5397 5418/5418 5417/5417
f 5397/5397 5398/5398 5419/5419 5418/5418
f 5398/5398 5399/5399 5420/5420 5419/5419
f 5399/5399 5400/5400 5421/5421 5420/5420
f 5400/5400 5401/5401 5422/5422 5421/5421
f 5401/5401 5402/5402 5423/5423 5422/5422
f 5402/5402 5403/5403 5424/5424 5423/5423
f 5403/5403 5404/5404 5425/5425 5424/5424
f 5404/5404 5405/5405 5426/5426 5425/5425
f 5405/5405 5406/5406 5427/5427 5426/5426
f 5406/5406 5407/5407 5428/5428 5427/5427
f 5407/5407 5408/5408 5429/5429 5428/5428
f 5408/5408 5409/5409 5430/5430 5429/5429
f 5409/5409 5410/5410 5431/5431 5430/5430
f 5410/5410 5411/5411 5432/5432 5431/5431
f 5412/5412 5413/5413 5308/5308 5307/5307
f 5413/5413 5414/5414 5309/5309 5308/5308
f 5414/5414 5415/5415 5310/5310 5309/5309
f 5415/5415 5416/5416 5311/5311 5310/5310
f 5416/5416 5417/5417 5312/5312 5311/5311
f 5417/5417 5418/5418 5313/5313 5312/5312
f 5418/5418 5419/5419 5314/5314 5313/5313
f 5419/5419 5420/5420 5315/5315 5314/5314
f 5420/5420 5421/5421 5316/5316 5315/5315
f 5421/5421 5422/5422 5317/5317 5316/5316
f 5422/5422 5423/5423 5318/5318 5317/5317
f 5423/5423 5424/5424 5319/5319 5318/5318
f 5424/5424 5425/5425 5320/5320 5319/5319
f 5425/5425 5426/5426 5321/5321 5320/5320
f 5426/5426 5427/5427 5322/5322 5321/5321
f 5427/5427 5428/5428 5323/5323 5322/5322
f 5428/5428 5429/5429 5324/5324 5323/5323
f 5429/5429 5430/5430 5325/5325 5324/5324
f 5430/5430 5431/5431 5326/5326 5325/5325
f 5431/5431 5432/5432 5327/5327 5326/5326
f 5433/5433 5434/5434 5435/5435
f 5433/5433 5435/5435 5436/5436
f 5437/5437 5438/5438 5439/5439
f 5437/5437 5439/5439 5440/5440
f 5462/5462 5463/5463 5484/5484 5483/5483
f 5463/5463 5464/5464 5485/5485 5484/5484
f 5464/5464 5465/5465 5486/5486 5485/5485
f 5465/5465 5466/5466 5487/5487 5486/5486
f 5466/5466 5467/5467 5488/5488 5487/5487
f 5467/5467 5468/5468 5489/5489 5488/5488
f 5468/5468 5469/5469 5490/5490 5489/5489
f 5469/5469 5470/5470 5491/5491 5490/5490
f 5470/5470 5471/5471 5492/5492 5491/5491
f 5471/5471 5472/5472 5493/5493 5492/5492
f 5472/5472 5473/5473 5494/5494 5493/5493
f 5473/5473 5474/5474 5495/5495 5494/5494
f 5474/5474 5475/5475 5496/5496 5495/5495
f 5475/5475 5476/5476 5497/5497 5496/5496
f 5476/5476 5477/5477 5498/5498 5497/5497
f 5477/5477 5478/5478 5499/5499 5498/5498
f 5478/5478 5479/5479 5500/5500 5499/5499
f 5479/5479 5480/5480 5501/5501 5500/5500
f 5480/5480 5481/5481 5502/5502 5501/5501
f 5481/5481 5482/5482 5503/5503 5502/5502
f 5483/5483 5484/5484 5505/5505 5504/5504
f 5484/5484 5485/5485 5506/5506 5505/5505
f 5485/5485 5486/5486 5507/5507 5506/5506
f 5486/5486 5487/5487 5508/5508 5507/5507
f 5487/5487 5488/5488 5509/5509 5508/5508
f 5488/5488 5489/5489 5510/5510 5509/5509
f 5489/5489 5490/5490 5511/5511 5510/5510
f 5490/5490 5491/5491 5512/5512 5511/5511
f 5491/5491 5492/5492 5513/5513 5512/5512
f 5492/5492 5493/5493 5514/5514 5513/5513
f 5493/5493 5494/5494 5515/5515 5514/5514
f 5494/5494 5495/5495 5516/5516 5515/5515
f 5495/5495 5496/5496 5517/5517 5516/5516
f 5496/5496 5497/5497 5518/5518 5517/5517
f 5497/5497 5498/5498 5519/5519 5518/5518
f 5498/5498 5499/5499 5520/5520 5519/5519
f 5499/5499 5500/5500 5521/5521 5520/5520
f 5500/5500 5501/5501 5522/5522 5521/5521
f 5501/5501 5502/5502 5523/5523 5522/5522
f 5502/5502 5503/5503 5524/5524 5523/5523
f 5525/5525 5526/5526 5547/5547 5546/5546
f 5526/5526 5527/5527 5548/5548 5547/5547
f 5527/5527 5528/5528 5549/5549 5548/5548
f 5528/5528 5529/5529 5550/5550 5549/5549
f 5529/5529 5530/5530 5551/5551 5550/5550
f 5530/5530 5531/5531 5552/5552 5551/5551
f 5531/5531 5532/5532 5553/5553 5552/5552
f 5532/5532 5533/5533 5554/5554 5553/5553
f 5533/5533 5534/5534 5555/5555 5554/5554
f 5534/5534 5535/5535 5556/5556 5555/5555
f 5535/5535 5536/5536 5557/5557 5556/5556
f 5536/5536 5537/5537 5558/5558 5557/5557
f 5537/5537 5538/5538 5559/5559 5558/5558
f 5538/5538 5539/5539 5560/5560 5559/5559
f 5539/5539 5540/5540 5561/5561 5560/5560
f 5540/5540 5541/5541 5562/5562 5561/5561
f 5541/5541 5542/5542 5563/5563 5562/5562
f 5542/5542 5543/5543 5564/5564 5563/5563
f 5543/5543 5544/5544 5565/5565 5564/5564
f 5544/5544 5545/5545 5566/5566 5565/5565
f 5546/5546 5547/5547 5442/5442 5441/5441
f 5547/5547 5548/5548 5443/5443 5442/5442
f 5548/5548 5549/5549 5444/5444 5443/5443
f 5549/5549 5550/5550 5445/5445 5444/5444
f 5550/5550 5551/5551 5446/5446 5445/5445
f 5551/5551 5552/5552 5447/5447 5446/5446
f 5552/5552 5553/5553 5448/5448 5447/5447
f 5553/5553 5554/5554 5449/5449 5448/5448
f 5554/5554 5555/5555 5450/5450 5449/5449
f 5555/5555 5556/5556 5451/5451 5450/5450
f 5556/5556 5557/5557 5452/5452 5451/5451
f 5557/5557 5558/5558 5453/5453 5452/5452
f 5558/5558 5559/5559 5454/5454 5453/5453
f 5559/5559 5560/5560 5455/5455 5454/5454
f 5560/5560 5561/5561 5456/5456 5455/5455
f 5561/5561 5562/5562 5457/5457 5456/5456
f 5562/5562 5563/5563 5458/5458 5457/5457
f 5563/5563 5564/5564 5459/5459 5458/5458
f 5564/5564 5565/5565 5460/5460 5459/5459
f 5565/5565 5566/5566 5461/5461 5460/5460
f 5567/5567 5568/5568 5569/5569
f 5567/5567 5569/5569 5570/5570
f 5571/5571 5572/5572 5573/5573
f 5571/5571 5573/5573 5574/5574
f 5596/5596 5597/5597 5618/5618 5617/5617
f 5597/5597 5598/5598 5619/5619 5618/5618
f 5598/5598 5599/5599 5620/5620 5619/5619
f 5599/5599 5600/5600 5621/5621 5620/5620
f 5600/5600 5601/5601 5622/5622 5621/5621
f 5601/5601 5602/5602 5623/5623 5622/5622
f 5602/5602 5603/5603 5624/5624 5623/5623
f 5603/5603 5604/5604 5625/5625 5624/5624
f 5604/5604 5605/5605 5626/5626 5625/5625
f 5605/5605 5606/5606 5627/5627 5626/5626
f 5606/5606 5607/5607 5628/5628 5627/5627
f 5607/5607 5608/5608 5629/5629 5628/5628
f 5608/5608 5609/5609 5630/5630 5629/5629
f 5609/5609 5610/5610 5631/5631 5630/5630
f 5610/5610 5611/5611 5632/5632 5631/5631
f 5611/5611 5612/5612 5633/5633 5632/5632
f 5612/5612 5613/5613 5634/5634 5633/5633
f 5613/5613 5614/5614 5635/5635 5634/5634
f 5614/5614 5615/5615 5636/5636 5635/5635
f 5615/5615 5616/5616 5637/5637 5636/5636
f 5617/5617 5618/5618 5639/5639 5638/5638
f 5618/5618 5619/5619 5640/5640 5639/5639
f 5619/5619 5620/5620 5641/5641 5640/5640
f 5620/5620 5621/5621 5642/5642 5641/5641
f 5621/5621 5622/5622 5643/5643 5642/5642
f 5622/5622 5623/5623 5644/5644 5643/5643
f 5623/5623 5624/5624 5645/5645 5644/5644
f 5624/5624 5625/5625 5646/5646 5645/5645
f 5625/5625 5626/5626 5647/5647 5646/5646
f 5626/5626 5627/5627 5648/5648 5647/5647
f 5627/5627 5628/5628 5649/5649 5648/5648
f 5628/5628 5629/5629 5650/5650 5649/5649
f 5629/5629 5630/5630 5651/5651 5650/5650
f 5630/5630 5631/5631 5652/5652 5651/5651
f 5631/5631 5632/5632 5653/5653 5652/5652
f 5632/5632 5633/5633 5654/5654 5653/5653
f 5633/5633 5634/5634 5655/5655 5654/5654
f 5634/5634 5635/5635 5656/5656 5655/5655
f 5635/5635 5636/5636 5657/5657 5656/5656
f 5636/5636 5637/5637 5658/5658 5657/5657
f 5659/5659 5660/5660 5681/5681 5680/5680
f 5660/5660 5661/5661 5682/5682 5681/5681
f 5661/5661 5662/5662 5683/5683 5682/5682
f 5662/5662 5663/5663 5684/5684 5683/5683
f 5663/5663 5664/5664 5685/5685 5684/5684
f 5664/5664 5665/5665 5686/5686 5685/5685
f 5665/5665 5666/5666 5687/5687 5686/5686
f 5666/5666 5667/5667 5688/5688 5687/5687
f 5667/5667 5668/5668 5689/5689 5688/5688
f 5668/5668 5669/5669 5690/5690 5689/5689
f 5669/5669 5670/5670 5691/5691 5690/5690
f 5670/5670 5671/5671 5692/5692 5691/5691
f 5671/5671 5672/5672 5693/5693 5692/5692
f 5672/5672 5673/5673 5694/5694 5693/5693
f 5673/5673 5674/5674 5695/5695 5694/5694
f 5674/5674 5675/5675 5696/5696 5695/5695
f 5675/5675 5676/5676 5697/5697 5696/5696
f 5676/5676 5677/5677 5698/5698 5697/5697
f 5677/5677 5678/5678 5699/5699 5698/5698
f 5678/5678 5679/5679 5700/5700 5699/5699
f 5680/5680 5681/5681 5576/5576 5575/5575
f 5681/5681 5682/5682 5577/5577 5576/5576
f 5682/5682 5683/5683 5578/5578 5577/5577
f 5683/5683 5684/5684 5579/5579 5578/5578
f 5684/5684 5685/5685 5580/5580 5579/5579
f 5685/5685 5686/5686 5581/5581 5580/5580
f 5686/5686 5687/5687 5582/5582 5581/5581
f 5687/5687 5688/5688 5583/5583 5582/5582
f 5688/5688 5689/5689 5584/5584 5583/5583
f 5689/5689 5690/5690 5585/5585 5584/5584
f 5690/5690 5691/5691 5586/5586 5585/5585
f 5691/5691 5692/5692 5587/5587 5586/5586
f 5692/5692 5693/5693 5588/5588 5587/5587
f 5693/5693 5694/5694 5589/5589 5588/5588
f 5694/5694 5695/5695 5590/5590 5589/5589
f 5695/5695 5696/5696 5591/5591 5590/5590
f 5696/5696 5697/5697 5592/5592 5591/5591
f 5697/5697 5698/5698 5593/5593 5592/5592
f 5698/5698 5699/5699 5594/5594 5593/5593
f 5699/5699 5700/5700 5595/5595 5594/5594
f 5701/5701 5702/5702 5703/5703
f 5701/5701 5703/5703 5704/5704
f 5705/5705 5706/5706 5707/5707
f 5705/5705 5707/5707 5708/5708
f 5734/5734 5735/5735 5760/5760 5759/5759
f 5735/5735 5736/5736 5761/5761 5760/5760
f 5736/5736 5737/5737 5762/5762 5761/5761
f 5737/5737 5738/5738 5763/5763 5762/5762
f 5738/5738 5739/5739 5764/5764 5763/5763
f 5739/5739 5740/5740 5765/5765 5764/5764
f 5740/5740 5741/5741 5766/5766 5765/5765
f 5741/5741 5742/5742 5767/5767 5766/5766
f 5742/5742 5743/5743 5768/5768 5767/5767
f 5743/5743 5744/5744 5769/5769 5768/5768
f 5744/5744 5745/5745 5770/5770 5769/5769
f 5745/5745 5746/5746 5771/5771 5770/5770
f 5746/5746 5747/5747 5772/5772 5771/5771
f 5747/5747 5748/5748 5773/5773 5772/5772
f 5748/5748 5749/5749 5774/5774 5773/5773
f 5749/5749 5750/5750 5775/5775 5774/5774
f 5750/5750 5751/5751 5776/5776 5775/5775
f 5751/5751 5752/5752 5777/5777 5776/5776
f 5752/5752 5753/5753 5778/5778 5777/5777
f 5753/5753 5754/5754 5779/5779 5778/5778
f 5754/5754 5755/5755 5780/5780 5779/5779
f 5755/5755 5756/5756 5781/5781 5780/5780
f 5756/5756 5757/5757 5782/5782 5781/5781
f 5757/5757 5758/5758 5783/5783 5782/5782
f 5759/5759 5760/5760 5785/5785 5784/5784
f 5760/5760 5761/5761 5786/5786 5785/5785
f 5761/5761 5762/5762 5787/5787 5786/5786
f 5762/5762 5763/5763 5788/5788 5787/5787
f 5763/5763 5764/5764 5789/5789 5788/5788
f 5764/5764 5765/5765 5790/5790 5789/5789
f 5765/5765 5766/5766 5791/5791 5790/5790
f 5766/5766 5767/5767 5792/5792 5791/5791
f 5767/5767 5768/5768 5793/5793 5792/5792
f 5768/5768 5769/5769 5794/5794 5793/5793
f 5769/5769 5770/5770 5795/5795 5794/5794
f 5770/5770 5771/5771 5796/5796 5795/5795
f 5771/5771 5772/5772 5797/5797 5796/5796
f 5772/5772 5773/5773 5798/5798 5797/5797
f 5773/5773 5774/5774 5799/5799 5798/5798
f 5774/5774 5775/5775 5800/5800 5799/5799
f 5775/5775 5776/5776 5801/5801 5800/5800
f 5776/5776 5777/5777 5802/5802 5801/5801
f 5777/5777 5778/5778 5803/5803 5802/5802
f 5778/5778 5779/5779 5804/5804 5803/5803
f 5779/5779 5780/5780 5805/5805 5804/5804
f 5780/5780 5781/5781 5806/5806 5805/5805
f 5781/5781 5782/5782 5807/5807 5806/5806
f 5782/5782 5783/5783 5808/5808 5807/5807
f 5809/5809 5810/5810 5835/5835 5834/5834
f 5810/5810 5811/5811 5836/5836 5835/5835
f 5811/5811 5812/5812 5837/5837 5836/5836
f 5812/5812 5813/5813 5838/5838 5837/5837
f 5813/5813 5814/5814 5839/5839 5838/5838
f 5814/5814 5815/5815 5840/5840 5839/5839
f 5815/5815 5816/5816 5841/5841 5840/5840
f 5816/5816 5817/5817 5842/5842 5841/5841
f 5817/5817 5818/5818 5843/5843 5842/5842
f 5818/5818 5819/5819 5844/5844 5843/5843
f 5819/5819 5820/5820 5845/5845 5844/5844
f 5820/5820 5821/5821 5846/5846 5845/5845
f 5821/5821 5822/5822 5847/5847 5846/5846
f 5822/5822 5823/5823 5848/5848 5847/5847
f 5823/5823 5824/5824 5849/5849 5848/5848
f 5824/5824 5825/5825 5850/5850 5849/5849
f 5825/5825 5826/5826 5851/5851 5850/5850
f 5826/5826 5827/5827 5852/5852 5851/5851
f 5827/5827 5828/5828 5853/5853 5852/5852
f 5828/5828 5829/5829 5854/5854 5853/5853
f 5829/5829 5830/5830 5855/5855 5854/5854
f 5830/5830 5831/5831 5856/5856 5855/5855
f 5831/5831 5832/5832 5857/5857 5856/5856
f 5832/5832 5833/5833 5858/5858 5857/5857
f 5834/5834 5835/5835 5710/5710 5709/5709
f 5835/5835 5836/5836 5711/5711 5710/5710
f 5836/5836 5837/5837 5712/5712 5711/5711
f 5837/5837 5838/5838 5713/5713 5712/5712
f 5838/5838 5839/5839 5714/5714 5713/5713
f 5839/5839 5840/5840 5715/5715 5714/5714
f 5840/5840 5841/5841 5716/5716 5715/5715
f 5841/5841 5842/5842 5717/5717 5716/5716
f 5842/5842 5843/5843 5718/5718 5717/5717
f 5843/5843 5844/5844 5719/5719 5718/5718
f 5844/5844 5845/5845 5720/5720 5719/5719
f 5845/5845 5846/5846 5721/5721 5720/5720
f 5846/5846 5847/5847 5722/5722 5721/5721
f 5847/5847 5848/5848 5723/5723 5722/5722
f 5848/5848 5849/5849 5724/5724 5723/5723
f 5849/5849 5850/5850 5725/5725 5724/5724
f 5850/5850 5851/5851 5726/5726 5725/5725
f 5851/5851 5852/5852 5727/5727 5726/5726
f 5852/5852 5853/5853 5728/5728 5727/5727
f 5853/5853 5854/5854 5729/5729 5728/5728
f 5854/5854 5855/5855 5730/5730 5729/5729
f 5855/5855 5856/5856 5731/5731 5730/5730
f 5856/5856 5857/5857 5732/5732 5731/5731
f 5857/5857 5858/5858 5733/5733 5732/5732
f 5859/5859 5860/5860 5861/5861
f 5859/5859 5861/5861 5862/5862
f 5863/5863 5864/5864 5865/5865
f 5863/5863 5865/5865 5866/5866
f 5892/5892 5893/5893 5918/5918 5917/5917
f 5893/5893 5894/5894 5919/5919 5918/5918
f 5894/5894 5895/5895 5920/5920 5919/5919
f 5895/5895 5896/5896 5921/5921 5920/5920
f 5896/5896 5897/5897 5922/5922 5921/5921
f 5897/5897 5898/5898 5923/5923 5922/5922
f 5898/5898 5899/5899 5924/5924 5923/5923
f 5899/5899 5900/5900 5925/5925 5924/5924
f 5900/5900 5901/5901 5926/5926 5925/5925
f 5901/5901 5902/5902 5927/5927 5926/5926
f 5902/5902 5903/5903 5928/5928 5927/5927
f 5903/5903 5904/5904 5929/5929 5928/5928
f 5904/5904 5905/5905 5930/5930 5929/5929
f 5905/5905 5906/5906 5931/5931 5930/5930
f 5906/5906 5907/5907 5932/5932 5931/5931
f 5907/5907 5908/5908 5933/5933 5932/5932
f 5908/5908 5909/5909 5934/5934 5933/5933
f 5909/5909 5910/5910 5935/5935 5934/5934
f 5910/5910 5911/5911 5936/5936 5935/5935
f 5911/5911 5912/5912 5937/5937 5936/5936
f 5912/5912 5913/5913 5938/5938 5937/5937
f 5913/5913 5914/5914 5939/5939 5938/5938
f 5914/5914 5915/5915 5940/5940 5939/5939
f 5915/5915 5916/5916 5941/5941 5940/5940
f 5917/5917 5918/5918 5943/5943 5942/5942
f 5918/5918 5919/5919 5944/5944 5943/5943
f 5919/5919 5920/5920 5945/5945 5944/5944
f 5920/5920 5921/5921 5946/5946 5945/5945
f 5921/5921 5922/5922 5947/5947 5946/5946
f 5922/5922 5923/5923 5948/5948 5947/5947
f 5923/5923 5924/5924 5949/5949 5948/5948
f 5924/5924 5925/5925 5950/5950 5949/5949
f 5925/5925 5926/5926 5951/5951 5950/5950
f 5926/5926 5927/5927 5952/5952 5951/5951
f 5927/5927 5928/5928 5953/5953 5952/5952
f 5928/5928 5929/5929 5954/5954 5953/5953
f 5929/5929 5930/5930 5955/5955 5954/5954
f 5930/5930 5931/5931 5956/5956 5955/5955
f 5931/5931 5932/5932 5957/5957 5956/5956
f 5932/5932 5933/5933 5958/5958 5957/5957
f 5933/5933 5934/5934 5959/5959 5958/5958
f 5934/5934 5935/5935 5960/5960 5959/5959
f 5935/5935 5936/5936 5961/5961 5960/5960
f 5936/5936 5937/5937 5962/5962 5961/5961
f 5937/5937 5938/5938 5963/5963 5962/5962
f 5938/5938 5939/5939 5964/5964 5963/5963
f 5939/5939 5940/5940 5965/5965 5964/5964
f 5940/5940 5941/5941 5966/5966 5965/5965
f 5967/5967 5968/5968 5993/5993 5992/5992
f 5968/5968 5969/5969 5994/5994 5993/5993
f 5969/5969 5970/5970 5995/5995 5994/5994
f 5970/5970 5971/5971 5996/5996 5995/5995
f 5971/5971 5972/5972 5997/5997 5996/5996
f 5972/5972 5973/5973 5998/5998 5997/5997
f 5973/5973 5974/5974 5999/5999 5998/5998
f 5974/5974 5975/5975 6000/6000 5999/5999
f 5975/5975 5976/5976 6001/6001 6000/6000
f 5976/5976 5977/5977 6002/6002 6001/6001
f 5977/5977 5978/5978 6003/6003 6002/6002
f 5978/5978 5979/5979 6004/6004 6003/6003
f 5979/5979 5980/5980 6005/6005 6004/6004
f 5980/5980 5981/5981 6006/6006 6005/6005
f 5981/5981 5982/5982 6007/6007 6006/6006
f 5982/5982 5983/5983 6008/6008 6007/6007
f 5983/5983 5984/5984 6009/6009 6008/6008
f 5984/5984 5985/5985 6010/6010 6009/6009
f 5985/5985 5986/5986 6011/6011 6010/6010
f 5986/5986 5987/5987 6012/6012 6011/6011
f 5987/5987 5988/5988 6013/6013 6012/6012
f 5988/5988 5989/5989 6014/6014 6013/6013
f 5989/5989 5990/5990 6015/6015 6014/6014
f 5990/5990 5991/5991 6016/6016 6015/6015
f 5992/5992 5993/5993 5868/5868 5867/5867
f 5993/5993 5994/5994 5869/5869 5868/5868
f 5994/5994 5995/5995 5870/5870 5869/5869
f 5995/5995 5996/5996 5871/5871 5870/5870
f 5996/5996 5997/5997 5872/5872 5871/5871
f 5997/5997 5998/5998 5873/5873 5872/5872
f 5998/5998 5999/5999 5874/5874 5873/5873
f 5999/5999 6000/6000 5875/5875 5874/5874
f 6000/6000 6001/6001 5876/5876 5875/5875
f 6001/6001 6002/6002 5877/5877 5876/5876
f 6002/6002 6003/6003 5878/5878 5877/5877
f 6003/6003 6004/6004 5879/5879 5878/5878
f 6004/6004 6005/6005 5880/5880 5879/5879
f 6005/6005 6006/6006 5881/5881 5880/5880
f 6006/6006 6007/6007 5882/5882 5881/5881
f 6007/6007 6008/6008 5883/5883 5882/5882
f 6008/6008 6009/6009 5884/5884 5883/5883
f 6009/6009 6010/6010 5885/5885 5884/5884
f 6010/6010 6011/6011 5886/5886 5885/5885
f 6011/6011 6012/6012 5887/5887 5886/5886
f 6012/6012 6013/6013 5888/5888 5887/5887
f 6013/6013 6014/6014 5889/5889 5888/5888
f 6014/6014 6015/6015 5890/5890 5889/5889
f 6015/6015 6016/6016 5891/5891 5890/5890
f 6017/6017 6018/6018 6019/6019
f 6017/6017 6019/6019 6020/6020
f 6021/6021 6022/6022 6023/6023
f 6021/6021 6023/6023 6024/6024
f 6034/6034 6035/6035 6044/6044 6043/6043
f 6035/6035 6036/6036 6045/6045 6044/6044
f 6036/6036 6037/6037 6046/6046 6045/6045
f 6037/6037 6038/6038 6047/6047 6046/6046
f 6038/6038 6039/6039 6048/6048 6047/6047
f 6039/6039 6040/6040 6049/6049 6048/6048
f 6040/6040 6041/6041 6050/6050 6049/6049
f 6041/6041 6042/6042 6051/6051 6050/6050
f 6043/6043 6044/6044 6053/6053 6052/6052
f 6044/6044 6045/6045 6054/6054 6053/6053
f 6045/6045 6046/6046 6055/6055 6054/6054
f 6046/6046 6047/6047 6056/6056 6055/6055
f 6047/6047 6048/6048 6057/6057 6056/6056
f 6048/6048 6049/6049 6058/6058 6057/6057
f 6049/6049 6050/6050 6059/6059 6058/6058
f 6050/6050 6051/6051 6060/6060 6059/6059
f 6061/6061 6062/6062 6071/6071 6070/6070
f 6062/6062 6063/6063 6072/6072 6071/6071
f 6063/6063 6064/6064 6073/6073 6072/6072
f 6064/6064 6065/6065 6074/6074 6073/6073
f 6065/6065 6066/6066 6075/6075 6074/6074
f 6066/6066 6067/6067 6076/6076 6075/6075
f 6067/6067 6068/6068 6077/6077 6076/6076
f 6068/6068 6069/6069 6078/6078 6077/6077
f 6070/6070 6071/6071 6026/6026 6025/6025
f 6071/6071 6072/6072 6027/6027 6026/6026
f 6072/6072 6073/6073 6028/6028 6027/6027
f 6073/6073 6074/6074 6029/6029 6028/6028
f 6074/6074 6075/6075 6030/6030 6029/6029
f 6075/6075 6076/6076 6031/6031 6030/6030
f 6076/6076 6077/6077 6032/6032 6031/6031
f 6077/6077 6078/6078 6033/6033 6032/6032
f 6079/6079 6080/6080 6081/6081
f 6079/6079 6081/6081 6082/6082
f 6083/6083 6084/6084 6085/6085
f 6083/6083 6085/6085 6086/6086
f 6154/6154 6155/6155 6222/6222 6221/6221
f 6155/6155 6156/6156 6223/6223 6222/6222
f 6156/6156 6157/6157 6224/6224 6223/6223
f 6157/6157 6158/6158 6225/6225 6224/6224
f 6158/6158 6159/6159 6226/6226 6225/6225
f 6159/6159 6160/6160 6227/6227 6226/6226
f 6160/6160 6161/6161 6228/6228 6227/6227
f 6161/6161 6162/6162 6229/6229 6228/6228
f 6162/6162 6163/6163 6230/6230 6229/6229
f 6163/6163 6164/6164 6231/6231 6230/6230
f 6164/6164 6165/6165 6232/6232 6231/6231
f 6165/6165 6166/6166 6233/6233 6232/6232
f 6166/6166 6167/6167 6234/6234 6233/6233
f 6167/6167 6168/6168 6235/6235 6234/6234
f 6168/6168 6169/6169 6236/6236 6235/6235
f 6169/6169 6170/6170 6237/6237 6236/6236
f 6170/6170 6171/6171 6238/6238 6237/6237
f 6171/6171 6172/6172 6239/6239 6238/6238
f 6172/6172 6173/6173 6240/6240 6239/6239
f 6173/6173 6174/6174 6241/6241 6240/6240
f 6174/6174 6175/6175 6242/6242 6241/6241
f 6175/6175 6176/6176 6243/6243 6242/6242
f 6176/6176 6177/6177 6244/6244 6243/6243
f 6177/6177 6178/6178 6245/6245 6244/6244
f 6178/6178 6179/6179 6246/6246 6245/6245
f 6179/6179 6180/6180 6247/6247 6246/6246
f 6180/6180 6181/6181 6248/6248 6247/6247
f 6181/6181 6182/6182 6249/6249 6248/6248
f 6182/6182 6183/6183 6250/6250 6249/6249
f 6183/6183 6184/6184 6251/6251 6250/6250
f 6184/6184 6185/6185 6252/6252 6251/6251
f 6185/6185 6186/6186 6253/6253 6252/6252
f 6186/6186 6187/6187 6254/6254 6253/6253
f 6187/6187 6188/6188 6255/6255 6254/6254
f 6188/6188 6189/6189 6256/6256 6255/6255
f 6189/6189 6190/6190 6257/6257 6256/6256
f 6190/6190 6191/6191 6258/6258 6257/6257
f 6191/6191 6192/6192 6259/6259 6258/6258
f 6192/6192 6193/6193 6260/6260 6259/6259
f 6193/6193 6194/6194 6261/6261 6260/6260
f 6194/6194 6195/6195 6262/6262 6261/6261
f 6195/6195 6196/6196 6263/6263 6262/6262
f 6196/6196 6197/6197 6264/6264 6263/6263
f 6197/6197 6198/6198 6265/6265 6264/6264
f 6198/6198 6199/6199 6266/6266 6265/6265
f 6199/6199 6200/6200 6267/6267 6266/6266
f 6200/6200 6201/6201 6268/6268 6267/6267
f 6201/6201 6202/6202 6269/6269 6268/6268
f 6202/6202 6203/6203 6270/6270 6269/6269
f 6203/6203 6204/6204 6271/6271 6270/6270
f 6204/6204 6205/6205 6272/6272 6271/6271
f 6205/6205 6206/6206 6273/6273 6272/6272
f 6206/6206 6207/6207 6274/6274 6273/6273
f 6207/6207 6208/6208 6275/6275 6274/6274
f 6208/6208 6209/6209 6276/6276 6275/6275
f 6209/6209 6210/6210 6277/6277 6276/6276
f 6210/6210 6211/6211 6278/6278 6277/6277
f 6211/6211 6212/6212 6279/6279 6278/6278
f 6212/6212 6213/6213 6280/6280 6279/6279
f 6213/6213 6214/6214 6281/6281 6280/6280
f 6214/6214 6215/6215 6282/6282 6281/6281
f 6215/6215 6216/6216 6283/6283 6282/6282
f 6216/6216 6217/6217 6284/6284 6283/6283
f 6217/6217 6218/6218 6285/6285 6284/6284
f 6218/6218 6219/6219 6286/6286 6285/6285
f 6219/6219 6220/6220 6287/6287 6286/6286
f 6221/6221 6222/6222 6289/6289 6288/6288
f 6222/6222 6223/6223 6290/6290 6289/6289
f 6223/6223 6224/6224 6291/6291 6290/6290
f 6224/6224 6225/6225 6292/6292 6291/6291
f 6225/6225 6226/6226 6293/6293 6292/6292
f 6226/6226 6227/6227 6294/6294 6293/6293
f 6227/6227 6228/6228 6295/6295 6294/6294
f 6228/6228 6229/6229 6296/6296 6295/6295
f 6229/6229 6230/6230 6297/6297 6296/6296
f 6230/6230 6231/6231 6298/6298 6297/6297
f 6231/6231 6232/6232 6299/6299 6298/6298
f 6232/6232 6233/6233 6300/6300 6299/6299
f 6233/6233 6234/6234 6301/6301 6300/6300
f 6234/6234 6235/6235 6302/6302 6301/6301
f 6235/6235 6236/6236 6303/6303 6302/6302
f 6236/6236 6237/6237 6304/6304 6303/6303
f 6237/6237 6238/6238 6305/6305 6304/6304
f 6238/6238 6239/6239 6306/6306 6305/6305
f 6239/6239 6240/6240 6307/6307 6306/6306
f 6240/6240 6241/6241 6308/6308 6307/6307
f 6241/6241 6242/6242 6309/6309 6308/6308
f 6242/6242 6243/6243 6310/6310 6309/6309
f 6243/6243 6244/6244 6311/6311 6310/6310
f 6244/6244 6245/6245 6312/6312 6311/6311
f 6245/6245 6246/6246 6313/6313 6312/6312
f 6246/6246 6247/6247 6314/6314 6313/6313
f 6247/6247 6248/6248 6315/6315 6314/6314
f 6248/6248 6249/6249 6316/6316 6315/6315
f 6249/6249 6250/6250 6317/6317 6316/6316
f 6250/6250 6251/6251 6318/6318 6317/6317
f 6251/6251 6252/6252 6319/6319 6318/6318
f 6252/6252 6253/6253 6320/6320 6319/6319
f 6253/6253 6254/6254 6321/6321 6320/6320
f 6254/6254 6255/6255 6322/6322 6321/6321
f 6255/6255 6256/6256 6323/6323 6322/6322
f 6256/6256 6257/6257 6324/6324 6323/6323
f 6257/6257 6258/6258 6325/6325 6324/6324
f 6258/6258 6259/6259 6326/6326 6325/6325
f 6259/6259 6260/6260 6327/6327 6326/6326
f 6260/6260 6261/6261 6328/6328 6327/6327
f 6261/6261 6262/6262 6329/6329 6328/6328
f 6262/6262 6263/6263 6330/6330 6329/6329
f 6263/6263 6264/6264 6331/6331 6330/6330
f 6264/6264 6265/6265 6332/6332 6331/6331
f 6265/6265 6266/6266 6333/6333 6332/6332
f 6266/6266 6267/6267 6334/6334 6333/6333
f 6267/6267 6268/6268 6335/6335 6334/6334
f 6268/6268 6269/6269 6336/6336 6335/6335
f 6269/6269 6270/6270 6337/6337 6336/6336
f 6270/6270 6271/6271 6338/6338 6337/6337
f 6271/6271 6272/6272 6339/6339 6338/6338
f 6272/6272 6273/6273 6340/6340 6339/6339
f 6273/6273 6274/6274 6341/6341 6340/6340
f 6274/6274 6275/6275 6342/6342 6341/6341
f 6275/6275 6276/6276 6343/6343 6342/6342
f 6276/6276 6277/6277 6344/6344 6343/6343
f 6277/6277 6278/6278 6345/6345 6344/6344
f 6278/6278 6279/6279 6346/6346 6345/6345
f 6279/6279 6280/6280 6347/6347 6346/6346
f 6280/6280 6281/6281 6348/6348 6347/6347
f 6281/6281 6282/6282 6349/6349 6348/6348
f 6282/6282 6283/6283 6350/6350 6349/6349
f 6283/6283 6284/6284 6351/6351 6350/6350
f 6284/6284 6285/6285 6352/6352 6351/6351
f 6285/6285 6286/6286 6353/6353 6352/6352
f 6286/6286 6287/6287 6354/6354 6353/6353
f 6355/6355 6356/6356 6423/6423 6422/6422
f 6356/6356 6357/6357 6424/6424 6423/6423
f 6357/6357 6358/6358 6425/6425 6424/6424
f 6358/6358 6359/6359 6426/6426 6425/6425
f 6359/6359 6360/6360 6427/6427 6426/6426
f 6360/6360 6361/6361 6428/6428 6427/6427
f 6361/6361 6362/6362 6429/6429 6428/6428
f 6362/6362 6363/6363 6430/6430 6429/6429
f 6363/6363 6364/6364 6431/6431 6430/6430
f 6364/6364 6365/6365 6432/6432 6431/6431
f 6365/6365 6366/6366 6433/6433 6432/6432
f 6366/6366 6367/6367 6434/6434 6433/6433
f 6367/6367 6368/6368 6435/6435 6434/6434
f 6368/6368 6369/6369 6436/6436 6435/6435
f 6369/6369 6370/6370 6437/6437 6436/6436
f 6370/6370 6371/6371 6438/6438 6437/6437
f 6371/6371 6372/6372 6439/6439 6438/6438
f 6372/6372 6373/6373 6440/6440 6439/6439
f 6373/6373 6374/6374 6441/6441 6440/6440
f 6374/6374 6375/6375 6442/6442 6441/6441
f 6375/6375 6376/6376 6443/6443 6442/6442
f 6376/6376 6377/6377 6444/6444 6443/6443
f 6377/6377 6378/6378 6445/6445 6444/6444
f 6378/6378 6379/6379 6446/6446 6445/6445
f 6379/6379 6380/6380 6447/6447 6446/6446
f 6380/6380 6381/6381 6448/6448 6447/6447
f 6381/6381 6382/6382 6449/6449 6448/6448
f 6382/6382 6383/6383 6450/6450 6449/6449
f 6383/6383 6384/6384 6451/6451 6450/6450
f 6384/6384 6385/6385 6452/6452 6451/6451
f 6385/6385 6386/6386 6453/6453 6452/6452
f 6386/6386 6387/6387 6454/6454 6453/6453
f 6387/6387 6388/6388 6455/6455 6454/6454
f 6388/6388 6389/6389 6456/6456 6455/6455
f 6389/6389 6390/6390 6457/6457 6456/6456
f 6390/6390 6391/6391 6458/6458 6457/6457
f 6391/6391 6392/6392 6459/6459 6458/6458
f 6392/6392 6393/6393 6460/6460 6459/6459
f 6393/6393 6394/6394 6461/6461 6460/6460
f 6394/6394 6395/6395 6462/6462 6461/6461
f 6395/6395 6396/6396 6463/6463 6462/6462
f 6396/6396 6397/6397 6464/6464 6463/6463
f 6397/6397 6398/6398 6465/6465 6464/6464
f 6398/6398 6399/6399 6466/6466 6465/6465
f 6399/6399 6400/6400 6467/6467 6466/6466
f 6400/6400 6401/6401 6468/6468 6467/6467
f 6401/6401 6402/6402 6469/6469 6468/6468
f 6402/6402 6403/6403 6470/6470 6469/6469
f 6403/6403 6404/6404 6471/6471 6470/6470
f 6404/6404 6405/6405 6472/6472 6471/6471
f 6405/6405 6406/6406 6473/6473 6472/6472
f 6406/6406 6407/6407 6474/6474 6473/6473
f 6407/6407 6408/6408 6475/6475 6474/6474
f 6408/6408 6409/6409 6476/6476 6475/6475
f 6409/6409 6410/6410 6477/6477 6476/6476
f 6410/6410 6411/6411 6478/6478 6477/6477
f 6411/6411 6412/6412 6479/6479 6478/6478
f 6412/6412 6413/6413 6480/6480 6479/6479
f 6413/6413 6414/6414 6481/6481 6480/6480
f 6414/6414 6415/6415 6482/6482 6481/6481
f 6415/6415 6416/6416 6483/6483 6482/6482
f 6416/6416 6417/6417 6484/6484 6483/6483
f 6417/6417 6418/6418 6485/6485 6484/6484
f 6418/6418 6419/6419 6486/6486 6485/6485
f 6419/6419 6420/6420 6487/6487 6486/6486
f 6420/6420 6421/6421 6488/6488 6487/6487
f 6422/6422 6423/6423 6088/6088 6087/6087
f 6423/6423 6424/6424 6089/6089 6088/6088
f 6424/6424 6425/6425 6090/6090 6089/6089
f 6425/6425 6426/6426 6091/6091 6090/6090
f 6426/6426 6427/6427 6092/6092 6091/6091
f 6427/6427 6428/6428 6093/6093 6092/6092
f 6428/6428 6429/6429 6094/6094 6093/6093
f 6429/6429 6430/6430 6095/6095 6094/6094
f 6430/6430 6431/6431 6096/6096 6095/6095
f 6431/6431 6432/6432 6097/6097 6096/6096
f 6432/6432 6433/6433 6098/6098 6097/6097
f 6433/6433 6434/6434 6099/6099 6098/6098
f 6434/6434 6435/6435 6100/6100 6099/6099
f 6435/6435 6436/6436 6101/6101 6100/6100
f 6436/6436 6437/6437 6102/6102 6101/6101
f 6437/6437 6438/6438 6103/6103 6102/6102
f 6438/6438 6439/6439 6104/6104 6103/6103
f 6439/6439 6440/6440 6105/6105 6104/6104
f 6440/6440 6441/6441 6106/6106 6105/6105
f 6441/6441 6442/6442 6107/6107 6106/6106
f 6442/6442 6443/6443 6108/6108 6107/6107
f 6443/6443 6444/6444 6109/6109 6108/6108
f 6444/6444 6445/6445 6110/6110 6109/6109
f 6445/6445 6446/6446 6111/6111 6110/6110
f 6446/6446 6447/6447 6112/6112 6111/6111
f 6447/6447 6448/6448 6113/6113 6112/6112
f 6448/6448 6449/6449 6114/6114 6113/6113
f 6449/6449 6450/6450 6115/6115 6114/6114
f 6450/6450 6451/6451 6116/6116 6115/6115
f 6451/6451 6452/6452 6117/6117 6116/6116
f 6452/6452 6453/6453 6118/6118 6117/6117
f 6453/6453 6454/6454 6119/6119 6118/6118
f 6454/6454 6455/6455 6120/6120 6119/6119
f 6455/6455 6456/6456 6121/6121 6120/6120
f 6456/6456 6457/6457 6122/6122 6121/6121
f 6457/6457 6458/6458 6123/6123 6122/6122
f 6458/6458 6459/6459 6124/6124 6123/6123
f 6459/6459 6460/6460 6125/6125 6124/6124
f 6460/6460 6461/6461 6126/6126 6125/6125
f 6461/6461 6462/6462 6127/6127 6126/6126
f 6462/6462 6463/6463 6128/6128 6127/6127
f 6463/6463 6464/6464 6129/6129 6128/6128
f 6464/6464 6465/6465 6130/6130 6129/6129
f 6465/6465 6466/6466 6131/6131 6130/6130
f 6466/6466 6467/6467 6132/6132 6131/6131
f 6467/6467 6468/6468 6133/6133 6132/6132
f 6468/6468 6469/6469 6134/6134 6133/6133
f 6469/6469 6470/6470 6135/6135 6134/6134
f 6470/6470 6471/6471 6136/6136 6135/6135
f 6471/6471 6472/6472 6137/6137 6136/6136
f 6472/6472 6473/6473 6138/6138 6137/6137
f 6473/6473 6474/6474 6139/6139 6138/6138
f 6474/6474 6475/6475 6140/6140 6139/6139
f 6475/6475 6476/6476 6141/6141 6140/6140
f 6476/6476 6477/6477 6142/6142 6141/6141
f 6477/6477 6478/6478 6143/6143 6142/6142
f 6478/6478 6479/6479 6144/6144 6143/6143
f 6479/6479 6480/6480 6145/6145 6144/6144
f 6480/6480 6481/6481 6146/6146 6145/6145
f 6481/6481 6482/6482 6147/6147 6146/6146
f 6482/6482 6483/6483 6148/6148 6147/6147
f 6483/6483 6484/6484 6149/6149 6148/6148
f 6484/6484 6485/6485 6150/6150 6149/6149
f 6485/6485 6486/6486 6151/6151 6150/6150
f 6486/6486 6487/6487 6152/6152 6151/6151
f 6487/6487 6488/6488 6153/6153 6152/6152
f 6489/6489 6490/6490 6491/6491
f 6489/6489 6491/6491 6492/6492
f 6493/6493 6494/6494 6495/6495
f 6493/6493 6495/6495 6496/6496
f 6564/6564 6565/6565 6632/6632 6631/6631
f 6565/6565 6566/6566 6633/6633 6632/6632
f 6566/6566 6567/6567 6634/6634 6633/6633
f 6567/6567 6568/6568 6635/6635 6634/6634
f 6568/6568 6569/6569 6636/6636 6635/6635
f 6569/6569 6570/6570 6637/6637 6636/6636
f 6570/6570 6571/6571 6638/6638 6637/6637
f 6571/6571 6572/6572 6639/6639 6638/6638
f 6572/6572 6573/6573 6640/6640 6639/6639
f 6573/6573 6574/6574 6641/6641 6640/6640
f 6574/6574 6575/6575 6642/6642 6641/6641
f 6575/6575 6576/6576 6643/6643 6642/6642
f 6576/6576 6577/6577 6644/6644 6643/6643
f 6577/6577 6578/6578 6645/6645 6644/6644
f 6578/6578 6579/6579 6646/6646 6645/6645
f 6579/6579 6580/6580 6647/6647 6646/6646
f 6580/6580 6581/6581 6648/6648 6647/6647
f 6581/6581 6582/6582 6649/6649 6648/6648
f 6582/6582 6583/6583 6650/6650 6649/6649
f 6583/6583 6584/6584 6651/6651 6650/6650
f 6584/6584 6585/6585 6652/6652 6651/6651
f 6585/6585 6586/6586 6653/6653 6652/6652
f 6586/6586 6587/6587 6654/6654 6653/6653
f 6587/6587 6588/6588 6655/6655 6654/6654
f 6588/6588 6589/6589 6656/6656 6655/6655
f 6589/6589 6590/6590 6657/6657 6656/6656
f 6590/6590 6591/6591 6658/6658 6657/6657
f 6591/6591 6592/6592 6659/6659 6658/6658
f 6592/6592 6593/6593 6660/6660 6659/6659
f 6593/6593 6594/6594 6661/6661 6660/6660
f 6594/6594 6595/6595 6662/6662 6661/6661
f 6595/6595 6596/6596 6663/6663 6662/6662
f 6596/6596 6597/6597 6664/6664 6663/6663
f 6597/6597 6598/6598 6665/6665 6664/6664
f 6598/6598 6599/6599 6666/6666 6665/6665
f 6599/6599 6600/6600 6667/6667 6666/6666
f 6600/6600 6601/6601 6668/6668 6667/6667
f 6601/6601 6602/6602 6669/6669 6668/6668
f 6602/6602 6603/6603 6670/6670 6669/6669
f 6603/6603 6604/6604 6671/6671 6670/6670
f 6604/6604 6605/6605 6672/6672 6671/6671
f 6605/6605 6606/6606 6673/6673 6672/6672
f 6606/6606 6607/6607 6674/6674 6673/6673
f 6607/6607 6608/6608 6675/6675 6674/6674
f 6608/6608 6609/6609 6676/6676 6675/6675
f 6609/6609 6610/6610 6677/6677 6676/6676
f 6610/6610 6611/6611 6678/6678 6677/6677
f 6611/6611 6612/6612 6679/6679 6678/6678
f 6612/6612 6613/6613 6680/6680 6679/6679
f 6613/6613 6614/6614 6681/6681 6680/6680
f 6614/6614 6615/6615 6682/6682 6681/6681
f 6615/6615 6616/6616 6683/6683 6682/6682
f 6616/6616 6617/6617 6684/6684 6683/6683
f 6617/6617 6618/6618 6685/6685 6684/6684
f 6618/6618 6619/6619 6686/6686 6685/6685
f 6619/6619 6620/6620 6687/6687 6686/6686
f 6620/6620 6621/6621 6688/6688 6687/6687
f 6621/6621 6622/6622 6689/6689 6688/6688
f 6622/6622 6623/6623 6690/6690 6689/6689
f 6623/6623 6624/6624 6691/6691 6690/6690
f 6624/6624 6625/6625 6692/6692 6691/6691
f 6625/6625 6626/6626 6693/6693 6692/6692
f 6626/6626 6627/6627 6694/6694 6693/6693
f 6627/6627 6628/6628 6695/6695 6694/6694
f 6628/6628 6629/6629 6696/6696 6695/6695
f 6629/6629 6630/6630 6697/6697 6696/6696
f 6631/6631 6632/6632 6699/6699 6698/6698
f 6632/6632 6633/6633 6700/6700 6699/6699
f 6633/6633 6634/6634 6701/6701 6700/6700
f 6634/6634 6635/6635 6702/6702 6701/6701
f 6635/6635 6636/6636 6703/6703 6702/6702
f 6636/6636 6637/6637 6704/6704 6703/6703
f 6637/6637 6638/6638 6705/6705 6704/6704
f 6638/6638 6639/6639 6706/6706 6705/6705
f 6639/6639 6640/6640 6707/6707 6706/6706
f 6640/6640 6641/6641 6708/6708 6707/6707
f 6641/6641 6642/6642 6709/6709 6708/6708
f 6642/6642 6643/6643 6710/6710 6709/6709
f 6643/6643 6644/6644 6711/6711 6710/6710
f 6644/6644 6645/6645 6712/6712 6711/6711
f 6645/6645 6646/6646 6713/6713 6712/6712
f 6646/6646 6647/6647 6714/6714 6713/6713
f 6647/6647 6648/6648 6715/6715 6714/6714
f 6648/6648 6649/6649 6716/6716 6715/6715
f 6649/6649 6650/6650 6717/6717 6716/6716
f 6650/6650 6651/6651 6718/6718 6717/6717
f 6651/6651 6652/6652 6719/6719 6718/6718
f 6652/6652 6653/6653 6720/6720 6719/6719
f 6653/6653 6654/6654 6721/6721 6720/6720
f 6654/6654 6655/6655 6722/6722 6721/6721
f 6655/6655 6656/6656 6723/6723 6722/6722
f 6656/6656 6657/6657 6724/6724 6723/6723
f 6657/6657 6658/6658 6725/6725 6724/6724
f 6658/6658 6659/6659 6726/6726 6725/6725
f 6659/6659 6660/6660 6727/6727 6726/6726
f 6660/6660 6661/6661 6728/6728 6727/6727
f 6661/6661 6662/6662 6729/6729 6728/6728
f 6662/6662 6663/6663 6730/6730 6729/6729
f 6663/6663 6664/6664 6731/6731 6730/6730
f 6664/6664 6665/6665 6732/6732 6731/6731
f 6665/6665 6666/6666 6733/6733 6732/6732
f 6666/6666 6667/6667 6734/6734 6733/6733
f 6667/6667 6668/6668 6735/6735 6734/6734
f 6668/6668 6669/6669 6736/6736 6735/6735
f 6669/6669 6670/6670 6737/6737 6736/6736
f 6670/6670 6671/6671 6738/6738 6737/6737
f 6671/6671 6672/6672 6739/6739 6738/6738
f 6672/6672 6673/6673 6740/6740 6739/6739
f 6673/6673 6674/6674 6741/6741 6740/6740
f 6674/6674 6675/6675 6742/6742 6741/6741
f 6675/6675 6676/6676 6743/6743 6742/6742
f 6676/6676 6677/6677 6744/6744 6743/6743
f 6677/6677 6678/6678 6745/6745 6744/6744
f 6678/6678 6679/6679 6746/6746 6745/6745
f 6679/6679 6680/6680 6747/6747 6746/6746
f 6680/6680 6681/6681 6748/6748 6747/6747
f 6681/6681 6682/6682 6749/6749 6748/6748
f 6682/6682 6683/6683 6750/6750 6749/6749
f 6683/6683 6684/6684 6751/6751 6750/6750
f 6684/6684 6685/6685 6752/6752 6751/6751
f 6685/6685 6686/6686 6753/6753 6752/6752
f 6686/6686 6687/6687 6754/6754 6753/6753
f 6687/6687 6688/6688 6755/6755 6754/6754
f 6688/6688 6689/6689 6756/6756 6755/6755
f 6689/6689 6690/6690 6757/6757 6756/6756
f 6690/6690 6691/6691 6758/6758 6757/6757
f 6691/6691 6692/6692 6759/6759 6758/6758
f 6692/6692 6693/6693 6760/6760 6759/6759
f 6693/6693 6694/6694 6761/6761 6760/6760
f 6694/6694 6695/6695 6762/6762 6761/6761
f 6695/6695 6696/6696 6763/6763 6762/6762
f 6696/6696 6697/6697 6764/6764 6763/6763
f 6765/6765 6766/6766 6833/6833 6832/6832
f 6766/6766 6767/6767 6834/6834 6833/6833
f 6767/6767 6768/6768 6835/6835 6834/6834
f 6768/6768 6769/6769 6836/6836 6835/6835
f 6769/6769 6770/6770 6837/6837 6836/6836
f 6770/6770 6771/6771 6838/6838 6837/6837
f 6771/6771 6772/6772 6839/6839 6838/6838
f 6772/6772 6773/6773 6840/6840 6839/6839
f 6773/6773 6774/6774 6841/6841 6840/6840
f 6774/6774 6775/6775 6842/6842 6841/6841
f 6775/6775 6776/6776 6843/6843 6842/6842
f 6776/6776 6777/6777 6844/6844 6843/6843
f 6777/6777 6778/6778 6845/6845 6844/6844
f 6778/6778 6779/6779 6846/6846 6845/6845
f 6779/6779 6780/6780 6847/6847 6846/6846
f 6780/6780 6781/6781 6848/6848 6847/6847
f 6781/6781 6782/6782 6849/6849 6848/6848
f 6782/6782 6783/6783 6850/6850 6849/6849
f 6783/6783 6784/6784 6851/6851 6850/6850
f 6784/6784 6785/6785 6852/6852 6851/6851
f 6785/6785 6786/6786 6853/6853 6852/6852
f 6786/6786 6787/6787 6854/6854 6853/6853
f 6787/6787 6788/6788 6855/6855 6854/6854
f 6788/6788 6789/6789 6856/6856 6855/6855
f 6789/6789 6790/6790 6857/6857 6856/6856
f 6790/6790 6791/6791 6858/6858 6857/6857
f 6791/6791 6792/6792 6859/6859 6858/6858
f 6792/6792 6793/6793 6860/6860 6859/6859
f 6793/6793 6794/6794 6861/6861 6860/6860
f 6794/6794 6795/6795 6862/6862 6861/6861
f 6795/6795 6796/6796 6863/6863 6862/6862
f 6796/6796 6797/6797 6864/6864 6863/6863
f 6797/6797 6798/6798 6865/6865 6864/6864
f 6798/6798 6799/6799 6866/6866 6865/6865
f 6799/6799 6800/6800 6867/6867 6866/6866
f 6800/6800 6801/6801 6868/6868 6867/6867
f 6801/6801 6802/6802 6869/6869 6868/6868
f 6802/6802 6803/6803 6870/6870 6869/6869
f 6803/6803 6804/6804 6871/6871 6870/6870
f 6804/6804 6805/6805 6872/6872 6871/6871
f 6805/6805 6806/6806 6873/6873 6872/6872
f 6806/6806 6807/6807 6874/6874 6873/6873
f 6807/6807 6808/6808 6875/6875 6874/6874
f 6808/6808 6809/6809 6876/6876 6875/6875
f 6809/6809 6810/6810 6877/6877 6876/6876
f 6810/6810 6811/6811 6878/6878 6877/6877
f 6811/6811 6812/6812 6879/6879 6878/6878
f 6812/6812 6813/6813 6880/6880 6879/6879
f 6813/6813 6814/6814 6881/6881 6880/6880
f 6814/6814 6815/6815 6882/6882 6881/6881
f 6815/6815 6816/6816 6883/6883 6882/6882
f 6816/6816 6817/6817 6884/6884 6883/6883
f 6817/6817 6818/6818 6885/6885 6884/6884
f 6818/6818 6819/6819 6886/6886 6885/6885
f 6819/6819 6820/6820 6887/6887 6886/6886
f 6820/6820 6821/6821 6888/6888 6887/6887
f 6821/6821 6822/6822 6889/6889 6888/6888
f 6822/6822 6823/6823 6890/6890 6889/6889
f 6823/6823 6824/6824 6891/6891 6890/6890
f 6824/6824 6825/6825 6892/6892 6891/6891
f 6825/6825 6826/6826 6893/6893 6892/6892
f 6826/6826 6827/6827 6894/6894 6893/6893
f 6827/6827 6828/6828 6895/6895 6894/6894
f 6828/6828 6829/6829 6896/6896 6895/6895
f 6829/6829 6830/6830 6897/6897 6896/6896
f 6830/6830 6831/6831 6898/6898 6897/6897
f 6832/6832 6833/6833 6498/6498 6497/6497
f 6833/6833 6834/6834 6499/6499 6498/6498
f 6834/6834 6835/6835 6500/6500 6499/6499
f 6835/6835 6836/6836 6501/6501 6500/6500
f 6836/6836 6837/6837 6502/6502 6501/6501
f 6837/6837 6838/6838 6503/6503 6502/6502
f 6838/6838 6839/6839 6504/6504 6503/6503
f 6839/6839 6840/6840 6505/6505 6504/6504
f 6840/6840 6841/6841 6506/6506 6505/6505
f 6841/6841 6842/6842 6507/6507 6506/6506
f 6842/6842 6843/6843 6508/6508 6507/6507
f 6843/6843 6844/6844 6509/6509 6508/6508
f 6844/6844 6845/6845 6510/6510 6509/6509
f 6845/6845 6846/6846 6511/6511 6510/6510
f 6846/6846 6847/6847 6512/6512 6511/6511
f 6847/6847 6848/6848 6513/6513 6512/6512
f 6848/6848 6849/6849 6514/6514 6513/6513
f 6849/6849 6850/6850 6515/6515 6514/6514
f 6850/6850 6851/6851 6516/6516 6515/6515
f 6851/6851 6852/6852 6517/6517 6516/6516
f 6852/6852 6853/6853 6518/6518 6517/6517
f 6853/6853 6854/6854 6519/6519 6518/6518
f 6854/6854 6855/6855 6520/6520 6519/6519
f 6855/6855 6856/6856 6521/6521 6520/6520
f 6856/6856 6857/6857 6522/6522 6521/6521
f 6857/6857 6858/6858 6523/6523 6522/6522
f 6858/6858 6859/6859 6524/6524 6523/6523
f 6859/6859 6860/6860 6525/6525 6524/6524
f 6860/6860 6861/6861 6526/6526 6525/6525
f 6861/6861 6862/6862 6527/6527 6526/6526
f 6862/6862 6863/6863 6528/6528 6527/6527
f 6863/6863 6864/6864 6529/6529 6528/6528
f 6864/6864 6865/6865 6530/6530 6529/6529
f 6865/6865 6866/6866 6531/6531 6530/6530
f 6866/6866 6867/6867 6532/6532 6531/6531
f 6867/6867 6868/6868 6533/6533 6532/6532
f 6868/6868 6869/6869 6534/6534 6533/6533
f 6869/6869 6870/6870 6535/6535 6534/6534
f 6870/6870 6871/6871 6536/6536 6535/6535
f 6871/6871 6872/6872 6537/6537 6536/6536
f 6872/6872 6873/6873 6538/6538 6537/6537
f 6873/6873 6874/6874 6539/6539 6538/6538
f 6874/6874 6875/6875 6540/6540 6539/6539
f 6875/6875 6876/6876 6541/6541 6540/6540
f 6876/6876 6877/6877 6542/6542 6541/6541
f 6877/6877 6878/6878 6543/6543 6542/6542
f 6878/6878 6879/6879 6544/6544 6543/6543
f 6879/6879 6880/6880 6545/6545 6544/6544
f 6880/6880 6881/6881 6546/6546 6545/6545
f 6881/6881 6882/6882 6547/6547 6546/6546
f 6882/6882 6883/6883 6548/6548 6547/6547
f 6883/6883 6884/6884 6549/6549 6548/6548
f 6884/6884 6885/6885 6550/6550 6549/6549
f 6885/6885 6886/6886 6551/6551 6550/6550
f 6886/6886 6887/6887 6552/6552 6551/6551
f 6887/6887 6888/6888 6553/6553 6552/6552
f 6888/6888 6889/6889 6554/6554 6553/6553
f 6889/6889 6890/6890 6555/6555 6554/6554
f 6890/6890 6891/6891 6556/6556 6555/6555
f 6891/6891 6892/6892 6557/6557 6556/6556
f 6892/6892 6893/6893 6558/6558 6557/6557
f 6893/6893 6894/6894 6559/6559 6558/6558
f 6894/6894 6895/6895 6560/6560 6559/6559
f 6895/6895 6896/6896 6561/6561 6560/6560
f 6896/6896 6897/6897 6562/6562 6561/6561
f 6897/6897 6898/6898 6563/6563 6562/6562
f 6899/6899 6900/6900 6901/6901
f 6899/6899 6901/6901 6902/6902
f 6903/6903 6904/6904 6905/6905
f 6903/6903 6905/6905 6906/6906
f 6975/6975 6976/6976 7044/7044 7043/7043
f 6976/6976 6977/6977 7045/7045 7044/7044
f 6977/6977 6978/6978 7046/7046 7045/7045
f 6978/6978 6979/6979 7047/7047 7046/7046
f 6979/6979 6980/6980 7048/7048 7047/7047
f 6980/6980 6981/6981 7049/7049 7048/7048
f 6981/6981 6982/6982 7050/7050 7049/7049
f 6982/6982 6983/6983 7051/7051 7050/7050
f 6983/6983 6984/6984 7052/7052 7051/7051
f 6984/6984 6985/6985 7053/7053 7052/7052
f 6985/6985 6986/6986 7054/7054 7053/7053
f 6986/6986 6987/6987 7055/7055 7054/7054
f 6987/6987 6988/6988 7056/7056 7055/7055
f 6988/6988 6989/6989 7057/7057 7056/7056
f 6989/6989 6990/6990 7058/7058 7057/7057
f 6990/6990 6991/6991 7059/7059 7058/7058
f 6991/6991 6992/6992 7060/7060 7059/7059
f 6992/6992 6993/6993 7061/7061 7060/7060
f 6993/6993 6994/6994 7062/7062 7061/7061
f 6994/6994 6995/6995 7063/7063 7062/7062
f 6995/6995 6996/6996 7064/7064 7063/7063
f 6996/6996 6997/6997 7065/7065 7064/7064
f 6997/6997 6998/6998 7066/7066 7065/7065
f 6998/6998 6999/6999 7067/7067 7066/7066
f 6999/6999 7000/7000 7068/7068 7067/7067
f 7000/7000 7001/7001 7069/7069 7068/7068
f 7001/7001 7002/7002 7070/7070 7069/7069
f 7002/7002 7003/7003 7071/7071 7070/7070
f 7003/7003 7004/7004 7072/7072 7071/7071
f 7004/7004 7005/7005 7073/7073 7072/7072
f 7005/7005 7006/7006 7074/7074 7073/7073
f 7006/7006 7007/7007 7075/7075 7074/7074
f 7007/7007 7008/7008 7076/7076 7075/7075
f 7008/7008 7009/7009 7077/7077 7076/7076
f 7009/7009 7010/7010 7078/7078 7077/7077
f 7010/7010 7011/7011 7079/7079 7078/7078
f 7011/7011 7012/7012 7080/7080 7079/7079
f 7012/7012 7013/7013 7081/7081 7080/7080
f 7013/7013 7014/7014 7082/7082 7081/7081
f 7014/7014 7015/7015 7083/7083 7082/7082
f 7015/7015 7016/7016 7084/7084 7083/7083
f 7016/7016 7017/7017 7085/7085 7084/7084
f 7017/7017 7018/7018 7086/7086 7085/7085
f 7018/7018 7019/7019 7087/7087 7086/7086
f 7019/7019 7020/7020 7088/7088 7087/7087
f 7020/7020 7021/7021 7089/7089 7088/7088
f 7021/7021 7022/7022 7090/7090 7089/7089
f 7022/7022 7023/7023 7091/7091 7090/7090
f 7023/7023 7024/7024 7092/7092 7091/7091
f 7024/7024 7025/7025 7093/7093 7092/7092
f 7025/7025 7026/7026 7094/7094 7093/7093
f 7026/7026 7027/7027 7095/7095 7094/7094
f 7027/7027 7028/7028 7096/7096 7095/7095
f 7028/7028 7029/7029 7097/7097 7096/7096
f 7029/7029 7030/7030 7098/7098 7097/7097
f 7030/7030 7031/7031 7099/7099 7098/7098
f 7031/7031 7032/7032 7100/7100 7099/7099
f 7032/7032 7033/7033 7101/7101 7100/7100
f 7033/7033 7034/7034 7102/7102 7101/7101
f 7034/7034 7035/7035 7103/7103 7102/7102
f 7035/7035 7036/7036 7104/7104 7103/7103
f 7036/7036 7037/7037 7105/7105 7104/7104
f 7037/7037 7038/7038 7106/7106 7105/7105
f 7038/7038 7039/7039 7107/7107 7106/7106
f 7039/7039 7040/7040 7108/7108 7107/7107
f 7040/7040 7041/7041 7109/7109 7108/7108
f 7041/7041 7042/7042 7110/7110 7109/7109
f 7043/7043 7044/7044 7112/7112 7111/7111
f 7044/7044 7045/7045 7113/7113 7112/7112
f 7045/7045 7046/7046 7114/7114 7113/7113
f 7046/7046 7047/7047 7115/7115 7114/7114
f 7047/7047 7048/7048 7116/7116 7115/7115
f 7048/7048 7049/7049 7117/7117 7116/7116
f 7049/7049 7050/7050 7118/7118 7117/7117
f 7050/7050 7051/7051 7119/7119 7118/7118
f 7051/7051 7052/7052 7120/7120 7119/7119
f 7052/7052 7053/7053 7121/7121 7120/7120
f 7053/7053 7054/7054 7122/7122 7121/7121
f 7054/7054 7055/7055 7123/7123 7122/7122
f 7055/7055 7056/7056 7124/7124 7123/7123
f 7056/7056 7057/7057 7125/7125 7124/7124
f 7057/7057 7058/7058 7126/7126 7125/7125
f 7058/7058 7059/7059 7127/7127 7126/7126
f 7059/7059 7060/7060 7128/7128 7127/7127
f 7060/7060 7061/7061 7129/7129 7128/7128
f 7061/7061 7062/7062 7130/7130 7129/7129
f 7062/7062 7063/7063 7131/7131 7130/7130
f 7063/7063 7064/7064 7132/7132 7131/7131
f 7064/7064 7065/7065 7133/7133 7132/7132
f 7065/7065 7066/7066 7134/7134 7133/7133
f 7066/7066 7067/7067 7135/7135 7134/7134
f 7067/7067 7068/7068 7136/7136 7135/7135
f 7068/7068 7069/7069 7137/7137 7136/7136
f 7069/7069 7070/7070 7138/7138 7137/7137
f 7070/7070 7071/7071 7139/7139 7138/7138
f 7071/7071 7072/7072 7140/7140 7139/7139
f 7072/7072 7073/7073 7141/7141 7140/7140
f 7073/7073 7074/7074 7142/7142 7141/7141
f 7074/7074 7075/7075 7143/7143 7142/7142
f 7075/7075 7076/7076 7144/7144 7143/7143
f 7076/7076 7077/7077 7145/7145 7144/7144
f 7077/7077 7078/7078 7146/7146 7145/7145
f 7078/7078 7079/7079 7147/7147 7146/7146
f 7079/7079 7080/7080 7148/7148 7147/7147
f 7080/7080 7081/7081 7149/7149 7148/7148
f 7081/7081 7082/7082 7150/7150 7149/7149
f 7082/7082 7083/7083 7151/7151 7150/7150
f 7083/7083 7084/7084 7152/7152 7151/7151
f 7084/7084 7085/7085 7153/7153 7152/7152
f 7085/7085 7086/7086 7154/7154 7153/7153
f 7086/7086 7087/7087 7155/7155 7154/7154
f 7087/7087 7088/7088 7156/7156 7155/7155
f 7088/7088 7089/7089 7157/7157 7156/7156
f 7089/7089 7090/7090 7158/7158 7157/7157
f 7090/7090 7091/7091 7159/7159 7158/7158
f 7091/7091 7092/7092 7160/7160 7159/7159
f 7092/7092 7093/7093 7161/7161 7160/7160
f 7093/7093 7094/7094 7162/7162 7161/7161
f 7094/7094 7095/7095 7163/7163 7162/7162
f 7095/7095 7096/7096 7164/7164 7163/7163
f 7096/7096 7097/7097 7165/7165 7164/7164
f 7097/7097 7098/7098 7166/7166 7165/7165
f 7098/7098 7099/7099 7167/7167 7166/7166
f 7099/7099 7100/7100 7168/7168 7167/7167
f 7100/7100 7101/7101 7169/7169 7168/7168
f 7101/7101 7102/7102 7170/7170 7169/7169
f 7102/7102 7103/7103 7171/7171 7170/7170
f 7103/7103 7104/7104 7172/7172 7171/7171
f 7104/7104 7105/7105 7173/7173 7172/7172
f 7105/7105 7106/7106 7174/7174 7173/7173
f 7106/7106 7107/7107 7175/7175 7174/7174
f 7107/7107 7108/7108 7176/7176 7175/7175
f 7108/7108 7109/7109 7177/7177 7176/7176
f 7109/7109 7110/7110 7178/7178 7177/7177
f 7179/7179 7180/7180 7248/7248 7247/7247
f 7180/7180 7181/7181 7249/7249 7248/7248
f 7181/7181 7182/7182 7250/7250 7249/7249
f 7182/7182 7183/7183 7251/7251 7250/7250
f 7183/7183 7184/7184 7252/7252 7251/7251
f 7184/7184 7185/7185 7253/7253 7252/7252
f 7185/7185 7186/7186 7254/7254 7253/7253
f 7186/7186 7187/7187 7255/7255 7254/7254
f 7187/7187 7188/7188 7256/7256 7255/7255
f 7188/7188 7189/7189 7257/7257 7256/7256
f 7189/7189 7190/7190 7258/7258 7257/7257
f 7190/7190 7191/7191 7259/7259 7258/7258
f 7191/7191 7192/7192 7260/7260 7259/7259
f 7192/7192 7193/7193 7261/7261 7260/7260
f 7193/7193 7194/7194 7262/7262 7261/7261
f 7194/7194 7195/7195 7263/7263 7262/7262
f 7195/7195 7196/7196 7264/7264 7263/7263
f 7196/7196 7197/7197 7265/7265 7264/7264
f 7197/7197 7198/7198 7266/7266 7265/7265
f 7198/7198 7199/7199 7267/7267 7266/7266
f 7199/7199 7200/7200 7268/7268 7267/7267
f 7200/7200 7201/7201 7269/7269 7268/7268
f 7201/7201 7202/7202 7270/7270 7269/7269
f 7202/7202 7203/7203 7271/7271 7270/7270
f 7203/7203 7204/7204 7272/7272 7271/7271
f 7204/7204 7205/7205 7273/7273 7272/7272
f 7205/7205 7206/7206 7274/7274 7273/7273
f 7206/7206 7207/7207 7275/7275 7274/7274
f 7207/7207 7208/7208 7276/7276 7275/7275
f 7208/7208 7209/7209 7277/7277 7276/7276
f 7209/7209 7210/7210 7278/7278 7277/7277
f 7210/7210 7211/7211 7279/7279 7278/7278
f 7211/7211 7212/7212 7280/7280 7279/7279
f 7212/7212 7213/7213 7281/7281 7280/7280
f 7213/7213 7214/7214 7282/7282 7281/7281
f 7214/7214 7215/7215 7283/7283 7282/7282
f 7215/7215 7216/7216 7284/7284 7283/7283
f 7216/7216 7217/7217 7285/7285 7284/7284
f 7217/7217 7218/7218 7286/7286 7285/7285
f 7218/7218 7219/7219 7287/7287 7286/7286
f 7219/7219 7220/7220 7288/7288 7287/7287
f 7220/7220 7221/7221 7289/7289 7288/7288
f 7221/7221 7222/7222 7290/7290 7289/7289
f 7222/7222 7223/7223 7291/7291 7290/7290
f 7223/7223 7224/7224 7292/7292 7291/7291
f 7224/7224 7225/7225 7293/7293 7292/7292
f 7225/7225 7226/7226 7294/7294 7293/7293
f 7226/7226 7227/7227 7295/7295 7294/7294
f 7227/7227 7228/7228 7296/7296 7295/7295
f 7228/7228 7229/7229 7297/7297 7296/7296
f 7229/7229 7230/7230 7298/7298 7297/7297
f 7230/7230 7231/7231 7299/7299 7298/7298
f 7231/7231 7232/7232 7300/7300 7299/7299
f 7232/7232 7233/7233 7301/7301 7300/7300
f 7233/7233 7234/7234 7302/7302 7301/7301
f 7234/7234 7235/7235 7303/7303 7302/7302
f 7235/7235 7236/7236 7304/7304 7303/7303
f 7236/7236 7237/7237 7305/7305 7304/7304
f 7237/7237 7238/7238 7306/7306 7305/7305
f 7238/7238 7239/7239 7307/7307 7306/7306
f 7239/7239 7240/7240 7308/7308 7307/7307
f 7240/7240 7241/7241 7309/7309 7308/7308
f 7241/7241 7242/7242 7310/7310 7309/7309
f 7242/7242 7243/7243 7311/7311 7310/7310
f 7243/7243 7244/7244 7312/7312 7311/7311
f 7244/7244 7245/7245 7313/7313 7312/7312
f 7245/7245 7246/7246 7314/7314 7313/7313
f 7247/7247 7248/7248 6908/6908 6907/6907
f 7248/7248 7249/7249 6909/6909 6908/6908
f 7249/7249 7250/7250 6910/6910 6909/6909
f 7250/7250 7251/7251 6911/6911 6910/6910
f 7251/7251 7252/7252 6912/6912 6911/6911
f 7252/7252 7253/7253 6913/6913 6912/6912
f 7253/7253 7254/7254 6914/6914 6913/6913
f 7254/7254 7255/7255 6915/6915 6914/6914
f 7255/7255 7256/7256 6916/6916 6915/6915
f 7256/7256 7257/7257 6917/6917 6916/6916
f 7257/7257 7258/7258 6918/6918 6917/6917
f 7258/7258 7259/7259 6919/6919 6918/6918
f 7259/7259 7260/7260 6920/6920 6919/6919
f 7260/7260 7261/7261 6921/6921 6920/6920
f 7261/7261 7262/7262 6922/6922 6921/6921
f 7262/7262 7263/7263 6923/6923 6922/6922
f 7263/7263 7264/7264 6924/6924 6923/6923
f 7264/7264 7265/7265 6925/6925 6924/6924
f 7265/7265 7266/7266 6926/6926 6925/6925
f 7266/7266 7267/7267 6927/6927 6926/6926
f 7267/7267 7268/7268 6928/6928 6927/6927
f 7268/7268 7269/7269 6929/6929 6928/6928
f 7269/7269 7270/7270 6930/6930 6929/6929
f 7270/7270 7271/7271 6931/6931 6930/6930
f 7271/7271 7272/7272 6932/6932 6931/6931
f 7272/7272 7273/7273 6933/6933 6932/6932
f 7273/7273 7274/7274 6934/6934 6933/6933
f 7274/7274 7275/7275 6935/6935 6934/6934
f 7275/7275 7276/7276 6936/6936 6935/6935
f 7276/7276 7277/7277 6937/6937 6936/6936
f 7277/7277 7278/7278 6938/6938 6937/6937
f 7278/7278 7279/7279 6939/6939 6938/6938
f 7279/7279 7280/7280 6940/6940 6939/6939
f 7280/7280 7281/7281 6941/6941 6940/6940
f 7281/7281 7282/7282 6942/6942 6941/6941
f 7282/7282 7283/7283 6943/6943 6942/6942
f 7283/7283 7284/7284 6944/6944 6943/6943
f 7284/7284 7285/7285 6945/6945 6944/6944
f 7285/7285 7286/7286 6946/6946 6945/6945
f 7286/7286 7287/7287 6947/6947 6946/6946
f 7287/7287 7288/7288 6948/6948 6947/6947
f 7288/7288 7289/7289 6949/6949 6948/6948
f 7289/7289 7290/7290 6950/6950 6949/6949
f 7290/7290 7291/7291 6951/6951 6950/6950
f 7291/7291 7292/7292 6952/6952 6951/6951
f 7292/7292 7293/7293 6953/6953 6952/6952
f 7293/7293 7294/7294 6954/6954 6953/6953
f 7294/7294 7295/7295 6955/6955 6954/6954
f 7295/7295 7296/7296 6956/6956 6955/6955
f 7296/7296 7297/7297 6957/6957 6956/6956
f 7297/7297 7298/7298 6958/6958 6957/6957
f 7298/7298 7299/7299 6959/6959 6958/6958
f 7299/7299 7300/7300 6960/6960 6959/6959
f 7300/7300 7301/7301 6961/6961 6960/6960
f 7301/7301 7302/7302 6962/6962 6961/6961
f 7302/7302 7303/7303 6963/6963 6962/6962
f 7303/7303 7304/7304 6964/6964 6963/6963
f 7304/7304 7305/7305 6965/6965 6964/6964
f 7305/7305 7306/7306 6966/6966 6965/6965
f 7306/7306 7307/7307 6967/6967 6966/6966
f 7307/7307 7308/7308 6968/6968 6967/6967
f 7308/7308 7309/7309 6969/6969 6968/6968
f 7309/7309 7310/7310 6970/6970 6969/6969
f 7310/7310 7311/7311 6971/6971 6970/6970
f 7311/7311 7312/7312 6972/6972 6971/6971
f 7312/7312 7313/7313 6973/6973 6972/6972
f 7313/7313 7314/7314 6974/6974 6973/6973
f 7315/7315 7316/7316 7317/7317
f 7315/7315 7317/7317 7318/7318
f 7319/7319 7320/7320 7321/7321
f 7319/7319 7321/7321 7322/7322
f 7391/7391 7392/7392 7460/7460 7459/7459
f 7392/7392 7393/7393 7461/7461 7460/7460
f 7393/7393 7394/7394 7462/7462 7461/7461
f 7394/7394 7395/7395 7463/7463 7462/7462
f 7395/7395 7396/7396 7464/7464 7463/7463
f 7396/7396 7397/7397 7465/7465 7464/7464
f 7397/7397 7398/7398 7466/7466 7465/7465
f 7398/7398 7399/7399 7467/7467 7466/7466
f 7399/7399 7400/7400 7468/7468 7467/7467
f 7400/7400 7401/7401 7469/7469 7468/7468
f 7401/7401 7402/7402 7470/7470 7469/7469
f 7402/7402 7403/7403 7471/7471 7470/7470
f 7403/7403 7404/7404 7472/7472 7471/7471
f 7404/7404 7405/7405 7473/7473 7472/7472
f 7405/7405 7406/7406 7474/7474 7473/7473
f 7406/7406 7407/7407 7475/7475 7474/7474
f 7407/7407 7408/7408 7476/7476 7475/7475
f 7408/7408 7409/7409 7477/7477 7476/7476
f 7409/7409 7410/7410 7478/7478 7477/7477
f 7410/7410 7411/7411 7479/7479 7478/7478
f 7411/7411 7412/7412 7480/7480 7479/7479
f 7412/7412 7413/7413 7481/7481 7480/7480
f 7413/7413 7414/7414 7482/7482 7481/7481
f 7414/7414 7415/7415 7483/7483 7482/7482
f 7415/7415 7416/7416 7484/7484 7483/7483
f 7416/7416 7417/7417 7485/7485 7484/7484
f 7417/7417 7418/7418 7486/7486 7485/7485
f 7418/7418 7419/7419 7487/7487 7486/7486
f 7419/7419 7420/7420 7488/7488 7487/7487
f 7420/7420 7421/7421 7489/7489 7488/7488
f 7421/7421 7422/7422 7490/7490 7489/7489
f 7422/7422 7423/7423 7491/7491 7490/7490
f 7423/7423 7424/7424 7492/7492 7491/7491
f 7424/7424 7425/7425 7493/7493 7492/7492
f 7425/7425 7426/7426 7494/7494 7493/7493
f 7426/7426 7427/7427 7495/7495 7494/7494
f 7427/7427 7428/7428 7496/7496 7495/7495
f 7428/7428 7429/7429 7497/7497 7496/7496
f 7429/7429 7430/7430 7498/7498 7497/7497
f 7430/7430 7431/7431 7499/7499 7498/7498
f 7431/7431 7432/7432 7500/7500 7499/7499
f 7432/7432 7433/7433 7501/7501 7500/7500
f 7433/7433 7434/7434 7502/7502 7501/7501
f 7434/7434 7435/7435 7503/7503 7502/7502
f 7435/7435 7436/7436 7504/7504 7503/7503
f 7436/7436 7437/7437 7505/7505 7504/7504
f 7437/7437 7438/7438 7506/7506 7505/7505
f 7438/7438 7439/7439 7507/7507 7506/7506
f 7439/7439 7440/7440 7508/7508 7507/7507
f 7440/7440 7441/7441 7509/7509 7508/7508
f 7441/7441 7442/7442 7510/7510 7509/7509
f 7442/7442 7443/7443 7511/7511 7510/7510
f 7443/7443 7444/7444 7512/7512 7511/7511
f 7444/7444 7445/7445 7513/7513 7512/7512
f 7445/7445 7446/7446 7514/7514 7513/7513
f 7446/7446 7447/7447 7515/7515 7514/7514
f 7447/7447 7448/7448 7516/7516 7515/7515
f 7448/7448 7449/7449 7517/7517 7516/7516
f 7449/7449 7450/7450 7518/7518 7517/7517
f 7450/7450 7451/7451 7519/7519 7518/7518
f 7451/7451 7452/7452 7520/7520 7519/7519
f 7452/7452 7453/7453 7521/7521 7520/7520
f 7453/7453 7454/7454 7522/7522 7521/7521
f 7454/7454 7455/7455 7523/7523 7522/7522
f 7455/7455 7456/7456 7524/7524 7523/7523
f 7456/7456 7457/7457 7525/7525 7524/7524
f 7457/7457 7458/7458 7526/7526 7525/7525
f 7459/7459 7460/7460 7528/7528 7527/7527
f 7460/7460 7461/7461 7529/7529 7528/7528
f 7461/7461 7462/7462 7530/7530 7529/7529
f 7462/7462 7463/7463 7531/7531 7530/7530
f 7463/7463 7464/7464 7532/7532 7531/7531
f 7464/7464 7465/7465 7533/7533 7532/7532
f 7465/7465 7466/7466 7534/7534 7533/7533
f 7466/7466 7467/7467 7535/7535 7534/7534
f 7467/7467 7468/7468 7536/7536 7535/7535
f 7468/7468 7469/7469 7537/7537 7536/7536
f 7469/7469 7470/7470 7538/7538 7537/7537
f 7470/7470 7471/7471 7539/7539 7538/7538
f 7471/7471 7472/7472 7540/7540 7539/7539
f 7472/7472 7473/7473 7541/7541 7540/7540
f 7473/7473 7474/7474 7542/7542 7541/7541
f 7474/7474 7475/7475 7543/7543 7542/7542
f 7475/7475 7476/7476 7544/7544 7543/7543
f 7476/7476 7477/7477 7545/7545 7544/7544
f 7477/7477 7478/7478 7546/7546 7545/7545
f 7478/7478 7479/7479 7547/7547 7546/7546
f 7479/7479 7480/7480 7548/7548 7547/7547
f 7480/7480 7481/7481 7549/7549 7548/7548
f 7481/7481 7482/7482 7550/7550 7549/7549
f 7482/7482 7483/7483 7551/7551 7550/7550
f 7483/7483 7484/7484 7552/7552 7551/7551
f 7484/7484 7485/7485 7553/7553 7552/7552
f 7485/7485 7486/7486 7554/7554 7553/7553
f 7486/7486 7487/7487 7555/7555 7554/7554
f 7487/7487 7488/7488 7556/7556 7555/7555
f 7488/7488 7489/7489 7557/7557 7556/7556
f 7489/7489 7490/7490 7558/7558 7557/7557
f 7490/7490 7491/7491 7559/7559 7558/7558
f 7491/7491 7492/7492 7560/7560 7559/7559
f 7492/7492 7493/7493 7561/7561 7560/7560
f 7493/7493 7494/7494 7562/7562 7561/7561
f 7494/7494 7495/7495 7563/7563 7562/7562
f 7495/7495 7496/7496 7564/7564 7563/7563
f 7496/7496 7497/7497 7565/7565 7564/7564
f 7497/7497 7498/7498 7566/7566 7565/7565
f 7498/7498 7499/7499 7567/7567 7566/7566
f 7499/7499 7500/7500 7568/7568 7567/7567
f 7500/7500 7501/7501 7569/7569 7568/7568
f 7501/7501 7502/7502 7570/7570 7569/7569
f 7502/7502 7503/7503 7571/7571 7570/7570
f 7503/7503 7504/7504 7572/7572 7571/7571
f 7504/7504 7505/7505 7573/7573 7572/7572
f 7505/7505 7506/7506 7574/7574 7573/7573
f 7506/7506 7507/7507 7575/7575 7574/7574
f 7507/7507 7508/7508 7576/7576 7575/7575
f 7508/7508 7509/7509 7577/7577 7576/7576
f 7509/7509 7510/7510 7578/7578 7577/7577
f 7510/7510 7511/7511 7579/7579 7578/7578
f 7511/7511 7512/7512 7580/7580 7579/7579
f 7512/7512 7513/7513 7581/7581 7580/7580
f 7513/7513 7514/7514 7582/7582 7581/7581
f 7514/7514 7515/7515 7583/7583 7582/7582
f 7515/7515 7516/7516 7584/7584 7583/7583
f 7516/7516 7517/7517 7585/7585 7584/7584
f 7517/7517 7518/7518 7586/7586 7585/7585
f 7518/7518 7519/7519 7587/7587 7586/7586
f 7519/7519 7520/7520 7588/7588 7587/7587
f 7520/7520 7521/7521 7589/7589 7588/7588
f 7521/7521 7522/7522 7590/7590 7589/7589
f 7522/7522 7523/7523 7591/7591 7590/7590
f 7523/7523 7524/7524 7592/7592 7591/7591
f 7524/7524 7525/7525 7593/7593 7592/7592
f 7525/7525 7526/7526 7594/7594 7593/7593
f 7595/7595 7596/7596 7664/7664 7663/7663
f 7596/7596 7597/7597 7665/7665 7664/7664
f 7597/7597 7598/7598 7666/7666 7665/7665
f 7598/7598 7599/7599 7667/7667 7666/7666
f 7599/7599 7600/7600 7668/7668 7667/7667
f 7600/7600 7601/7601 7669/7669 7668/7668
f 7601/7601 7602/7602 7670/7670 7669/7669
f 7602/7602 7603/7603 7671/7671 7670/7670
f 7603/7603 7604/7604 7672/7672 7671/7671
f 7604/7604 7605/7605 7673/7673 7672/7672
f 7605/7605 7606/7606 7674/7674 7673/7673
f 7606/7606 7607/7607 7675/7675 7674/7674
f 7607/7607 7608/7608 7676/7676 7675/7675
f 7608/7608 7609/7609 7677/7677 7676/7676
f 7609/7609 7610/7610 7678/7678 7677/7677
f 7610/7610 7611/7611 7679/7679 7678/7678
f 7611/7611 7612/7612 7680/7680 7679/7679
f 7612/7612 7613/7613 7681/7681 7680/7680
f 7613/7613 7614/7614 7682/7682 7681/7681
f 7614/7614 7615/7615 7683/7683 7682/7682
f 7615/7615 7616/7616 7684/7684 7683/7683
f 7616/7616 7617/7617 7685/7685 7684/7684
f 7617/7617 7618/7618 7686/7686 7685/7685
f 7618/7618 7619/7619 7687/7687 7686/7686
f 7619/7619 7620/7620 7688/7688 7687/7687
f 7620/7620 7621/7621 7689/7689 7688/7688
f 7621/7621 7622/7622 7690/7690 7689/7689
f 7622/7622 7623/7623 7691/7691 7690/7690
f 7623/7623 7624/7624 7692/7692 7691/7691
f 7624/7624 7625/7625 7693/7693 7692/7692
f 7625/7625 7626/7626 7694/7694 7693/7693
f 7626/7626 7627/7627 7695/7695 7694/7694
f 7627/7627 7628/7628 7696/7696 7695/7695
f 7628/7628 7629/7629 7697/7697 7696/7696
f 7629/7629 7630/7630 7698/7698 7697/7697
f 7630/7630 7631/7631 7699/7699 7698/7698
f 7631/7631 7632/7632 7700/7700 7699/7699
f 7632/7632 7633/7633 7701/7701 7700/7700
f 7633/7633 7634/7634 7702/7702 7701/7701
f 7634/7634 7635/7635 7703/7703 7702/7702
f 7635/7635 7636/7636 7704/7704 7703/7703
f 7636/7636 7637/7637 7705/7705 7704/7704
f 7637/7637 7638/7638 7706/7706 7705/7705
f 7638/7638 7639/7639 7707/7707 7706/7706
f 7639/7639 7640/7640 7708/7708 7707/7707
f 7640/7640 7641/7641 7709/7709 7708/7708
f 7641/7641 7642/7642 7710/7710 7709/7709
f 7642/7642 7643/7643 7711/7711 7710/7710
f 7643/7643 7644/7644 7712/7712 7711/7711
f 7644/7644 7645/7645 7713/7713 7712/7712
f 7645/7645 7646/7646 7714/7714 7713/7713
f 7646/7646 7647/7647 7715/7715 7714/7714
f 7647/7647 7648/7648 7716/7716 7715/7715
f 7648/7648 7649/7649 7717/7717 7716/7716
f 7649/7649 7650/7650 7718/7718 7717/7717
f 7650/7650 7651/7651 7719/7719 7718/7718
f 7651/7651 7652/7652 7720/7720 7719/7719
f 7652/7652 7653/7653 7721/7721 7720/7720
f 7653/7653 7654/7654 7722/7722 7721/7721
f 7654/7654 7655/7655 7723/7723 7722/7722
f 7655/7655 7656/7656 7724/7724 7723/7723
f 7656/7656 7657/7657 7725/7725 7724/7724
f 7657/7657 7658/7658 7726/7726 7725/7725
f 7658/7658 7659/7659 7727/7727 7726/7726
f 7659/7659 7660/7660 7728/7728 7727/7727
f 7660/7660 7661/7661 7729/7729 7728/7728
f 7661/7661 7662/7662 7730/7730 7729/7729
f 7663/7663 7664/7664 7324/7324 7323/7323
f 7664/7664 7665/7665 7325/7325 7324/7324
f 7665/7665 7666/7666 7326/7326 7325/7325
f 7666/7666 7667/7667 7327/7327 7326/7326
f 7667/7667 7668/7668 7328/7328 7327/7327
f 7668/7668 7669/7669 7329/7329 7328/7328
f 7669/7669 7670/7670 7330/7330 7329/7329
f 7670/7670 7671/7671 7331/7331 7330/7330
f 7671/7671 7672/7672 7332/7332 7331/7331
f 7672/7672 7673/7673 7333/7333 7332/7332
f 7673/7673 7674/7674 7334/7334 7333/7333
f 7674/7674 7675/7675 7335/7335 7334/7334
f 7675/7675 7676/7676 7336/7336 7335/7335
f 7676/7676 7677/7677 7337/7337 7336/7336
f 7677/7677 7678/7678 7338/7338 7337/7337
f 7678/7678 7679/7679 7339/7339 7338/7338
f 7679/7679 7680/7680 7340/7340 7339/7339
f 7680/7680 7681/7681 7341/7341 7340/7340
f 7681/7681 7682/7682 7342/7342 7341/7341
f 7682/7682 7683/7683 7343/7343 7342/7342
f 7683/7683 7684/7684 7344/7344 7343/7343
f 7684/7684 7685/7685 7345/7345 7344/7344
f 7685/7685 7686/7686 7346/7346 7345/7345
f 7686/7686 7687/7687 7347/7347 7346/7346
f 7687/7687 7688/7688 7348/7348 7347/7347
f 7688/7688 7689/7689 7349/7349 7348/7348
f 7689/7689 7690/7690 7350/7350 7349/7349
f 7690/7690 7691/7691 7351/7351 7350/7350
f 7691/7691 7692/7692 7352/7352 7351/7351
f 7692/7692 7693/7693 7353/7353 7352/7352
f 7693/7693 7694/7694 7354/7354 7353/7353
f 7694/7694 7695/7695 7355/7355 7354/7354
f 7695/7695 7696/7696 7356/7356 7355/7355
f 7696/7696 7697/7697 7357/7357 7356/7356
f 7697/7697 7698/7698 7358/7358 7357/7357
f 7698/7698 7699/7699 7359/7359 7358/7358
f 7699/7699 7700/7700 7360/7360 7359/7359
f 7700/7700 7701/7701 7361/7361 7360/7360
f 7701/7701 7702/7702 7362/7362 7361/7361
f 7702/7702 7703/7703 7363/7363 7362/7362
f 7703/7703 7704/7704 7364/7364 7363/7363
f 7704/7704 7705/7705 7365/7365 7364/7364
f 7705/7705 7706/7706 7366/7366 7365/7365
f 7706/7706 7707/7707 7367/7367 7366/7366
f 7707/7707 7708/7708 7368/7368 7367/7367
f 7708/7708 7709/7709 7369/7369 7368/7368
f 7709/7709 7710/7710 7370/7370 7369/7369
f 7710/7710 7711/7711 7371/7371 7370/7370
f 7711/7711 7712/7712 7372/7372 7371/7371
f 7712/7712 7713/7713 7373/7373 7372/7372
f 7713/7713 7714/7714 7374/7374 7373/7373
f 7714/7714 7715/7715 7375/7375 7374/7374
f 7715/7715 7716/7716 7376/7376 7375/7375
f 7716/7716 7717/7717 7377/7377 7376/7376
f 7717/7717 7718/7718 7378/7378 7377/7377
f 7718/7718 7719/7719 7379/7379 7378/7378
f 7719/7719 7720/7720 7380/7380 7379/7379
f 7720/7720 7721/7721 7381/7381 7380/7380
f 7721/7721 7722/7722 7382/7382 7381/7381
f 7722/7722 7723/7723 7383/7383 7382/7382
f 7723/7723 7724/7724 7384/7384 7383/7383
f 7724/7724 7725/7725 7385/7385 7384/7384
f 7725/7725 7726/7726 7386/7386 7385/7385
f 7726/7726 7727/7727 7387/7387 7386/7386
f 7727/7727 7728/7728 7388/7388 7387/7387
f 7728/7728 7729/7729 7389/7389 7388/7388
f 7729/7729 7730/7730 7390/7390 7389/7389
f 7731/7731 7732/7732 7733/7733
f 7731/7731 7733/7733 7734/7734
f 7735/7735 7736/7736 7737/7737
f 7735/7735 7737/7737 7738/7738
f 7804/7804 7805/7805 7870/7870 7869/7869
f 7805/7805 7806/7806 7871/7871 7870/7870
f 7806/7806 7807/7807 7872/7872 7871/7871
f 7807/7807 7808/7808 7873/7873 7872/7872
f 7808/7808 7809/7809 7874/7874 7873/7873
f 7809/7809 7810/7810 7875/7875 7874/7874
f 7810/7810 7811/7811 7876/7876 7875/7875
f 7811/7811 7812/7812 7877/7877 7876/7876
f 7812/7812 7813/7813 7878/7878 7877/7877
f 7813/7813 7814/7814 7879/7879 7878/7878
f 7814/7814 7815/7815 7880/7880 7879/7879
f 7815/7815 7816/7816 7881/7881 7880/7880
f 7816/7816 7817/7817 7882/7882 7881/7881
f 7817/7817 7818/7818 7883/7883 7882/7882
f 7818/7818 7819/7819 7884/7884 7883/7883
f 7819/7819 7820/7820 7885/7885 7884/7884
f 7820/7820 7821/7821 7886/7886 7885/7885
f 7821/7821 7822/7822 7887/7887 7886/7886
f 7822/7822 7823/7823 7888/7888 7887/7887
f 7823/7823 7824/7824 7889/7889 7888/7888
f 7824/7824 7825/7825 7890/7890 7889/7889
f 7825/7825 7826/7826 7891/7891 7890/7890
f 7826/7826 7827/7827 7892/7892 7891/7891
f 7827/7827 7828/7828 7893/7893 7892/7892
f 7828/7828 7829/7829 7894/7894 7893/7893
f 7829/7829 7830/7830 7895/7895 7894/7894
f 7830/7830 7831/7831 7896/7896 7895/7895
f 7831/7831 7832/7832 7897/7897 7896/7896
f 7832/7832 7833/7833 7898/7898 7897/7897
f 7833/7833 7834/7834 7899/7899 7898/7898
f 7834/7834 7835/7835 7900/7900 7899/7899
f 7835/7835 7836/7836 7901/7901 7900/7900
f 7836/7836 7837/7837 7902/7902 7901/7901
f 7837/7837 7838/7838 7903/7903 7902/7902
f 7838/7838 7839/7839 7904/7904 7903/7903
f 7839/7839 7840/7840 7905/7905 7904/7904
f 7840/7840 7841/7841 7906/7906 7905/7905
f 7841/7841 7842/7842 7907/7907 7906/7906
f 7842/7842 7843/7843 7908/7908 7907/7907
f 7843/7843 7844/7844 7909/7909 7908/7908
f 7844/7844 7845/7845 7910/7910 7909/7909
f 7845/7845 7846/7846 7911/7911 7910/7910
f 7846/7846 7847/7847 7912/7912 7911/7911
f 7847/7847 7848/7848 7913/7913 7912/7912
f 7848/7848 7849/7849 7914/7914 7913/7913
f 7849/7849 7850/7850 7915/7915 7914/7914
f 7850/7850 7851/7851 7916/7916 7915/7915
f 7851/7851 7852/7852 7917/7917 7916/7916
f 7852/7852 7853/7853 7918/7918 7917/7917
f 7853/7853 7854/7854 7919/7919 7918/7918
f 7854/7854 7855/7855 7920/7920 7919/7919
f 7855/7855 7856/7856 7921/7921 7920/7920
f 7856/7856 7857/7857 7922/7922 7921/7921
f 7857/7857 7858/7858 7923/7923 7922/7922
f 7858/7858 7859/7859 7924/7924 7923/7923
f 7859/7859 7860/7860 7925/7925 7924/7924
f 7860/7860 7861/7861 7926/7926 7925/7925
f 7861/7861 7862/7862 7927/7927 7926/7926
f 7862/7862 7863/7863 7928/7928 7927/7927
f 7863/7863 7864/7864 7929/7929 7928/7928
f 7864/7864 7865/7865 7930/7930 7929/7929
f 7865/7865 7866/7866 7931/7931 7930/7930
f 7866/7866 7867/7867 7932/7932 7931/7931
f 7867/7867 7868/7868 7933/7933 7932/7932
f 7869/7869 7870/7870 7935/7935 7934/7934
f 7870/7870 7871/7871 7936/7936 7935/7935
f 7871/7871 7872/7872 7937/7937 7936/7936
f 7872/7872 7873/7873 7938/7938 7937/7937
f 7873/7873 7874/7874 7939/7939 7938/7938
f 7874/7874 7875/7875 7940/7940 7939/7939
f 7875/7875 7876/7876 7941/7941 7940/7940
f 7876/7876 7877/7877 7942/7942 7941/7941
f 7877/7877 7878/7878 7943/7943 7942/7942
f 7878/7878 7879/7879 7944/7944 7943/7943
f 7879/7879 7880/7880 7945/7945 7944/7944
f 7880/7880 7881/7881 7946/7946 7945/7945
f 7881/7881 7882/7882 7947/7947 7946/7946
f 7882/7882 7883/7883 7948/7948 7947/7947
f 7883/7883 7884/7884 7949/7949 7948/7948
f 7884/7884 7885/7885 7950/7950 7949/7949
f 7885/7885 7886/7886 7951/7951 7950/7950
f 7886/7886 7887/7887 7952/7952 7951/7951
f 7887/7887 7888/7888 7953/7953 7952/7952
f 7888/7888 7889/7889 7954/7954 7953/7953
f 7889/7889 7890/7890 7955/7955 7954/7954
f 7890/7890 7891/7891 7956/7956 7955/7955
f 7891/7891 7892/7892 7957/7957 7956/7956
f 7892/7892 7893/7893 7958/7958 7957/7957
f 7893/7893 7894/7894 7959/7959 7958/7958
f 7894/7894 7895/7895 7960/7960 7959/7959
f 7895/7895 7896/7896 7961/7961 7960/7960
f 7896/7896 7897/7897 7962/7962 7961/7961
f 7897/7897 7898/7898 7963/7963 7962/7962
f 7898/7898 7899/7899 7964/7964 7963/7963
f 7899/7899 7900/7900 7965/7965 7964/7964
f 7900/7900 7901/7901 7966/7966 7965/7965
f 7901/7901 7902/7902 7967/7967 7966/7966
f 7902/7902 7903/7903 7968/7968 7967/7967
f 7903/7903 7904/7904 7969/7969 7968/7968
f 7904/7904 7905/7905 7970/7970 7969/7969
f 7905/7905 7906/7906 7971/7971 7970/7970
f 7906/7906 7907/7907 7972/7972 7971/7971
f 7907/7907 7908/7908 7973/7973 7972/7972
f 7908/7908 7909/7909 7974/7974 7973/7973
f 7909/7909 7910/7910 7975/7975 7974/7974
f 7910/7910 7911/7911 7976/7976 7975/7975
f 7911/7911 7912/7912 7977/7977 7976/7976
f 7912/7912 7913/7913 7978/7978 7977/7977
f 7913/7913 7914/7914 7979/7979 7978/7978
f 7914/7914 7915/7915 7980/7980 7979/7979
f 7915/7915 7916/7916 7981/7981 7980/7980
f 7916/7916 7917/7917 7982/7982 7981/7981
f 7917/7917 7918/7918 7983/7983 7982/7982
f 7918/7918 7919/7919 7984/7984 7983/7983
f 7919/7919 7920/7920 7985/7985 7984/7984
f 7920/7920 7921/7921 7986/7986 7985/7985
f 7921/7921 7922/7922 7987/7987 7986/7986
f 7922/7922 7923/7923 7988/7988 7987/7987
f 7923/7923 7924/7924 7989/7989 7988/7988
f 7924/7924 7925/7925 7990/7990 7989/7989
f 7925/7925 7926/7926 7991/7991 7990/7990
f 7926/7926 7927/7927 7992/7992 7991/7991
f 7927/7927 7928/7928 7993/7993 7992/7992
f 7928/7928 7929/7929 7994/7994 7993/7993
f 7929/7929 7930/7930 7995/7995 7994/7994
f 7930/7930 7931/7931 7996/7996 7995/7995
f 7931/7931 7932/7932 7997/7997 7996/7996
f 7932/7932 7933/7933 7998/7998 7997/7997
f 7999/7999 8000/8000 8065/8065 8064/8064
f 8000/8000 8001/8001 8066/8066 8065/8065
f 8001/8001 8002/8002 8067/8067 8066/8066
f 8002/8002 8003/8003 8068/8068 8067/8067
f 8003/8003 8004/8004 8069/8069 8068/8068
f 8004/8004 8005/8005 8070/8070 8069/8069
f 8005/8005 8006/8006 8071/8071 8070/8070
f 8006/8006 8007/8007 8072/8072 8071/8071
f 8007/8007 8008/8008 8073/8073 8072/8072
f 8008/8008 8009/8009 8074/8074 8073/8073
f 8009/8009 8010/8010 8075/8075 8074/8074
f 8010/8010 8011/8011 8076/8076 8075/8075
f 8011/8011 8012/8012 8077/8077 8076/8076
f 8012/8012 8013/8013 8078/8078 8077/8077
f 8013/8013 8014/8014 8079/8079 8078/8078
f 8014/8014 8015/8015 8080/8080 8079/8079
f 8015/8015 8016/8016 8081/8081 8080/8080
f 8016/8016 8017/8017 8082/8082 8081/8081
f 8017/8017 8018/8018 8083/8083 8082/8082
f 8018/8018 8019/8019 8084/8084 8083/8083
f 8019/8019 8020/8020 8085/8085 8084/8084
f 8020/8020 8021/8021 8086/8086 8085/8085
f 8021/8021 8022/8022 8087/8087 8086/8086
f 8022/8022 8023/8023 8088/8088 8087/8087
f 8023/8023 8024/8024 8089/8089 8088/8088
f 8024/8024 8025/8025 8090/8090 8089/8089
f 8025/8025 8026/8026 8091/8091 8090/8090
f 8026/8026 8027/8027 8092/8092 8091/8091
f 8027/8027 8028/8028 8093/8093 8092/8092
f 8028/8028 8029/8029 8094/8094 8093/8093
f 8029/8029 8030/8030 8095/8095 8094/8094
f 8030/8030 8031/8031 8096/8096 8095/8095
f 8031/8031 8032/8032 8097/8097 8096/8096
f 8032/8032 8033/8033 8098/8098 8097/8097
f 8033/8033 8034/8034 8099/8099 8098/8098
f 8034/8034 8035/8035 8100/8100 8099/8099
f 8035/8035 8036/8036 8101/8101 8100/8100
f 8036/8036 8037/8037 8102/8102 8101/8101
f 8037/8037 8038/8038 8103/8103 8102/8102
f 8038/8038 8039/8039 8104/8104 8103/8103
f 8039/8039 8040/8040 8105/8105 8104/8104
f 8040/8040 8041/8041 8106/8106 8105/8105
f 8041/8041 8042/8042 8107/8107 8106/8106
f 8042/8042 8043/8043 8108/8108 8107/8107
f 8043/8043 8044/8044 8109/8109 8108/8108
f 8044/8044 8045/8045 8110/8110 8109/8109
f 8045/8045 8046/8046 8111/8111 8110/8110
f 8046/8046 8047/8047 8112/8112 8111/8111
f 8047/8047 8048/8048 8113/8113 8112/8112
f 8048/8048 8049/8049 8114/8114 8113/8113
f 8049/8049 8050/8050 8115/8115 8114/8114
f 8050/8050 8051/8051 8116/8116 8115/8115
f 8051/8051 8052/8052 8117/8117 8116/8116
f 8052/8052 8053/8053 8118/8118 8117/8117
f 8053/8053 8054/8054 8119/8119 8118/8118
f 8054/8054 8055/8055 8120/8120 8119/8119
f 8055/8055 8056/8056 8121/8121 8120/8120
f 8056/8056 8057/8057 8122/8122 8121/8121
f 8057/8057 8058/8058 8123/8123 8122/8122
f 8058/8058 8059/8059 8124/8124 8123/8123
f 8059/8059 8060/8060 8125/8125 8124/8124
f 8060/8060 8061/8061 8126/8126 8125/8125
f 8061/8061 8062/8062 8127/8127 8126/8126
f 8062/8062 8063/8063 8128/8128 8127/8127
f 8064/8064 8065/8065 7740/7740 7739/7739
f 8065/8065 8066/8066 7741/7741 7740/7740
f 8066/8066 8067/8067 7742/7742 7741/7741
f 8067/8067 8068/8068 7743/7743 7742/7742
f 8068/8068 8069/8069 7744/7744 7743/7743
f 8069/8069 8070/8070 7745/7745 7744/7744
f 8070/8070 8071/8071 7746/7746 7745/7745
f 8071/8071 8072/8072 7747/7747 7746/7746
f 8072/8072 8073/8073 7748/7748 7747/7747
f 8073/8073 8074/8074 7749/7749 7748/7748
f 8074/8074 8075/8075 7750/7750 7749/7749
f 8075/8075 8076/8076 7751/7751 7750/7750
f 8076/8076 8077/8077 7752/7752 7751/7751
f 8077/8077 8078/8078 7753/7753 7752/7752
f 8078/8078 8079/8079 7754/7754 7753/7753
f 8079/8079 8080/8080 7755/7755 7754/7754
f 8080/8080 8081/8081 7756/7756 7755/7755
f 8081/8081 8082/8082 7757/7757 7756/7756
f 8082/8082 8083/8083 7758/7758 7757/7757
f 8083/8083 8084/8084 7759/7759 7758/7758
f 8084/8084 8085/8085 7760/7760 7759/7759
f 8085/8085 8086/8086 7761/7761 7760/7760
f 8086/8086 8087/8087 7762/7762 7761/7761
f 8087/8087 8088/8088 7763/7763 7762/7762
f 8088/8088 8089/8089 7764/7764 7763/7763
f 8089/8089 8090/8090 7765/7765 7764/7764
f 8090/8090 8091/8091 7766/7766 7765/7765
f 8091/8091 8092/8092 7767/7767 7766/7766
f 8092/8092 8093/8093 7768/7768 7767/7767
f 8093/8093 8094/8094 7769/7769 7768/7768
f 8094/8094 8095/8095 7770/7770 7769/7769
f 8095/8095 8096/8096 7771/7771 7770/7770
f 8096/8096 8097/8097 7772/7772 7771/7771
f 8097/8097 8098/8098 7773/7773 7772/7772
f 8098/8098 8099/8099 7774/7774 7773/7773
f 8099/8099 8100/8100 7775/7775 7774/7774
f 8100/8100 8101/8101 7776/7776 7775/7775
f 8101/8101 8102/8102 7777/7777 7776/7776
f 8102/8102 8103/8103 7778/7778 7777/7777
f 8103/8103 8104/8104 7779/7779 7778/7778
f 8104/8104 8105/8105 7780/7780 7779/7779
f 8105/8105 8106/8106 7781/7781 7780/7780
f 8106/8106 8107/8107 7782/7782 7781/7781
f 8107/8107 8108/8108 7783/7783 7782/7782
f 8108/8108 8109/8109 7784/7784 7783/7783
f 8109/8109 8110/8110 7785/7785 7784/7784
f 8110/8110 8111/8111 7786/7786 7785/7785
f 8111/8111 8112/8112 7787/7787 7786/7786
f 8112/8112 8113/8113 7788/7788 7787/7787
f 8113/8113 8114/8114 7789/7789 7788/7788
f 8114/8114 8115/8115 7790/7790 7789/7789
f 8115/8115 8116/8116 7791/7791 7790/7790
f 8116/8116 8117/8117 7792/7792 7791/7791
f 8117/8117 8118/8118 7793/7793 7792/7792
f 8118/8118 8119/8119 7794/7794 7793/7793
f 8119/8119 8120/8120 7795/7795 7794/7794
f 8120/8120 8121/8121 7796/7796 7795/7795
f 8121/8121 8122/8122 7797/7797 7796/7796
f 8122/8122 8123/8123 7798/7798 7797/7797
f 8123/8123 8124/8124 7799/7799 7798/7798
f 8124/8124 8125/8125 7800/7800 7799/7799
f 8125/8125 8126/8126 7801/7801 7800/7800
f 8126/8126 8127/8127 7802/7802 7801/7801
f 8127/8127 8128/8128 7803/7803 7802/7802
f 8129/8129 8130/8130 8131/8131
f 8129/8129 8131/8131 8132/8132
f 8133/8133 8134/8134 8135/8135
f 8133/8133 8135/8135 8136/8136
f 8202/8202 8203/8203 8268/8268 8267/8267
f 8203/8203 8204/8204 8269/8269 8268/8268
f 8204/8204 8205/8205 8270/8270 8269/8269
f 8205/8205 8206/8206 8271/8271 8270/8270
f 8206/8206 8207/8207 8272/8272 8271/8271
f 8207/8207 8208/8208 8273/8273 8272/8272
f 8208/8208 8209/8209 8274/8274 8273/8273
f 8209/8209 8210/8210 8275/8275 8274/8274
f 8210/8210 8211/8211 8276/8276 8275/8275
f 8211/8211 8212/8212 8277/8277 8276/8276
f 8212/8212 8213/8213 8278/8278 8277/8277
f 8213/8213 8214/8214 8279/8279 8278/8278
f 8214/8214 8215/8215 8280/8280 8279/8279
f 8215/8215 8216/8216 8281/8281 8280/8280
f 8216/8216 8217/8217 8282/8282 8281/8281
f 8217/8217 8218/8218 8283/8283 8282/8282
f 8218/8218 8219/8219 8284/8284 8283/8283
f 8219/8219 8220/8220 8285/8285 8284/8284
f 8220/8220 8221/8221 8286/8286 8285/8285
f 8221/8221 8222/8222 8287/8287 8286/8286
f 8222/8222 8223/8223 8288/8288 8287/8287
f 8223/8223 8224/8224 8289/8289 8288/8288
f 8224/8224 8225/8225 8290/8290 8289/8289
f 8225/8225 8226/8226 8291/8291 8290/8290
f 8226/8226 8227/8227 8292/8292 8291/8291
f 8227/8227 8228/8228 8293/8293 8292/8292
f 8228/8228 8229/8229 8294/8294 8293/8293
f 8229/8229 8230/8230 8295/8295 8294/8294
f 8230/8230 8231/8231 8296/8296 8295/8295
f 8231/8231 8232/8232 8297/8297 8296/8296
f 8232/8232 8233/8233 8298/8298 8297/8297
f 8233/8233 8234/8234 8299/8299 8298/8298
f 8234/8234 8235/8235 8300/8300 8299/8299
f 8235/8235 8236/8236 8301/8301 8300/8300
f 8236/8236 8237/8237 8302/8302 8301/8301
f 8237/8237 8238/8238 8303/8303 8302/8302
f 8238/8238 8239/8239 8304/8304 8303/8303
f 8239/8239 8240/8240 8305/8305 8304/8304
f 8240/8240 8241/8241 8306/8306 8305/8305
f 8241/8241 8242/8242 8307/8307 8306/8306
f 8242/8242 8243/8243 8308/8308 8307/8307
f 8243/8243 8244/8244 8309/8309 8308/8308
f 8244/8244 8245/8245 8310/8310 8309/8309
f 8245/8245 8246/8246 8311/8311 8310/8310
f 8246/8246 8247/8247 8312/8312 8311/8311
f 8247/8247 8248/8248 8313/8313 8312/8312
f 8248/8248 8249/8249 8314/8314 8313/8313
f 8249/8249 8250/8250 8315/8315 8314/8314
f 8250/8250 8251/8251 8316/8316 8315/8315
f 8251/8251 8252/8252 8317/8317 8316/8316
f 8252/8252 8253/8253 8318/8318 8317/8317
f 8253/8253 8254/8254 8319/8319 8318/8318
f 8254/8254 8255/8255 8320/8320 8319/8319
f 8255/8255 8256/8256 8321/8321 8320/8320
f 8256/8256 8257/8257 8322/8322 8321/8321
f 8257/8257 8258/8258 8323/8323 8322/8322
f 8258/8258 8259/8259 8324/8324 8323/8323
f 8259/8259 8260/8260 8325/8325 8324/8324
f 8260/8260 8261/8261 8326/8326 8325/8325
f 8261/8261 8262/8262 8327/8327 8326/8326
f 8262/8262 8263/8263 8328/8328 8327/8327
f 8263/8263 8264/8264 8329/8329 8328/8328
f 8264/8264 8265/8265 8330/8330 8329/8329
f 8265/8265 8266/8266 8331/8331 8330/8330
f 8267/8267 8268/8268 8333/8333 8332/8332
f 8268/8268 8269/8269 8334/8334 8333/8333
f 8269/8269 8270/8270 8335/8335 8334/8334
f 8270/8270 8271/8271 8336/8336 8335/8335
f 8271/8271 8272/8272 8337/8337 8336/8336
f 8272/8272 8273/8273 8338/8338 8337/8337
f 8273/8273 8274/8274 8339/8339 8338/8338
f 8274/8274 8275/8275 8340/8340 8339/8339
f 8275/8275 8276/8276 8341/8341 8340/8340
f 8276/8276 8277/8277 8342/8342 8341/8341
f 8277/8277 8278/8278 8343/8343 8342/8342
f 8278/8278 8279/8279 8344/8344 8343/8343
f 8279/8279 8280/8280 8345/8345 8344/8344
f 8280/8280 8281/8281 8346/8346 8345/8345
f 8281/8281 8282/8282 8347/8347 8346/8346
f 8282/8282 8283/8283 8348/8348 8347/8347
f 8283/8283 8284/8284 8349/8349 8348/8348
f 8284/8284 8285/8285 8350/8350 8349/8349
f 8285/8285 8286/8286 8351/8351 8350/8350
f 8286/8286 8287/8287 8352/8352 8351/8351
f 8287/8287 8288/8288 8353/8353 8352/8352
f 8288/8288 8289/8289 8354/8354 8353/8353
f 8289/8289 8290/8290 8355/8355 8354/8354
f 8290/8290 8291/8291 8356/8356 8355/8355
f 8291/8291 8292/8292 8357/8357 8356/8356
f 8292/8292 8293/8293 8358/8358 8357/8357
f 8293/8293 8294/8294 8359/8359 8358/8358
f 8294/8294 8295/8295 8360/8360 8359/8359
f 8295/8295 8296/8296 8361/8361 8360/8360
f 8296/8296 8297/8297 8362/8362 8361/8361
f 8297/8297 8298/8298 8363/8363 8362/8362
f 8298/8298 8299/8299 8364/8364 8363/8363
f 8299/8299 8300/8300 8365/8365 8364/8364
f 8300/8300 8301/8301 8366/8366 8365/8365
f 8301/8301 8302/8302 8367/8367 8366/8366
f 8302/8302 8303/8303 8368/8368 8367/8367
f 8303/8303 8304/8304 8369/8369 8368/8368
f 8304/8304 8305/8305 8370/8370 8369/8369
f 8305/8305 8306/8306 8371/8371 8370/8370
f 8306/8306 8307/8307 8372/8372 8371/8371
f 8307/8307 8308/8308 8373/8373 8372/8372
f 8308/8308 8309/8309 8374/8374 8373/8373
f 8309/8309 8310/8310 8375/8375 8374/8374
f 8310/8310 8311/8311 8376/8376 8375/8375
f 8311/8311 8312/8312 8377/8377 8376/8376
f 8312/8312 8313/8313 8378/8378 8377/8377
f 8313/8313 8314/8314 8379/8379 8378/8378
f 8314/8314 8315/8315 8380/8380 8379/8379
f 8315/8315 8316/8316 8381/8381 8380/8380
f 8316/8316 8317/8317 8382/8382 8381/8381
f 8317/8317 8318/8318 8383/8383 8382/8382
f 8318/8318 8319/8319 8384/8384 8383/8383
f 8319/8319 8320/8320 8385/8385 8384/8384
f 8320/8320 8321/8321 8386/8386 8385/8385
f 8321/8321 8322/8322 8387/8387 8386/8386
f 8322/8322 8323/8323 8388/8388 8387/8387
f 8323/8323 8324/8324 8389/8389 8388/8388
f 8324/8324 8325/8325 8390/8390 8389/8389
f 8325/8325 8326/8326 8391/8391 8390/8390
f 8326/8326 8327/8327 8392/8392 8391/8391
f 8327/8327 8328/8328 8393/8393 8392/8392
f 8328/8328 8329/8329 8394/8394 8393/8393
f 8329/8329 8330/8330 8395/8395 8394/8394
f 8330/8330 8331/8331 8396/8396 8395/8395
f 8397/8397 8398/8398 8463/8463 8462/8462
f 8398/8398 8399/8399 8464/8464 8463/8463
f 8399/8399 8400/8400 8465/8465 8464/8464
f 8400/8400 8401/8401 8466/8466 8465/8465
f 8401/8401 8402/8402 8467/8467 8466/8466
f 8402/8402 8403/8403 8468/8468 8467/8467
f 8403/8403 8404/8404 8469/8469 8468/8468
f 8404/8404 8405/8405 8470/8470 8469/8469
f 8405/8405 8406/8406 8471/8471 8470/8470
f 8406/8406 8407/8407 8472/8472 8471/8471
f 8407/8407 8408/8408 8473/8473 8472/8472
f 8408/8408 8409/8409 8474/8474 8473/8473
f 8409/8409 8410/8410 8475/8475 8474/8474
f 8410/8410 8411/8411 8476/8476 8475/8475
f 8411/8411 8412/8412 8477/8477 8476/8476
f 8412/8412 8413/8413 8478/8478 8477/8477
f 8413/8413 8414/8414 8479/8479 8478/8478
f 8414/8414 8415/8415 8480/8480 8479/8479
f 8415/8415 8416/8416 8481/8481 8480/8480
f 8416/8416 8417/8417 8482/8482 8481/8481
f 8417/8417 8418/8418 8483/8483 8482/8482
f 8418/8418 8419/8419 8484/8484 8483/8483
f 8419/8419 8420/8420 8485/8485 8484/8484
f 8420/8420 8421/8421 8486/8486 8485/8485
f 8421/8421 8422/8422 8487/8487 8486/8486
f 8422/8422 8423/8423 8488/8488 8487/8487
f 8423/8423 8424/8424 8489/8489 8488/8488
f 8424/8424 8425/8425 8490/8490 8489/8489
f 8425/8425 8426/8426 8491/8491 8490/8490
f 8426/8426 8427/8427 8492/8492 8491/8491
f 8427/8427 8428/8428 8493/8493 8492/8492
f 8428/8428 8429/8429 8494/8494 8493/8493
f 8429/8429 8430/8430 8495/8495 8494/8494
f 8430/8430 8431/8431 8496/8496 8495/8495
f 8431/8431 8432/8432 8497/8497 8496/8496
f 8432/8432 8433/8433 8498/8498 8497/8497
f 8433/8433 8434/8434 8499/8499 8498/8498
f 8434/8434 8435/8435 8500/8500 8499/8499
f 8435/8435 8436/8436 8501/8501 8500/8500
f 8436/8436 8437/8437 8502/8502 8501/8501
f 8437/8437 8438/8438 8503/8503 8502/8502
f 8438/8438 8439/8439 8504/8504 8503/8503
f 8439/8439 8440/8440 8505/8505 8504/8504
f 8440/8440 8441/8441 8506/8506 8505/8505
f 8441/8441 8442/8442 8507/8507 8506/8506
f 8442/8442 8443/8443 8508/8508 8507/8507
f 8443/8443 8444/8444 8509/8509 8508/8508
f 8444/8444 8445/8445 8510/8510 8509/8509
f 8445/8445 8446/8446 8511/8511 8510/8510
f 8446/8446 8447/8447 8512/8512 8511/8511
f 8447/8447 8448/8448 8513/8513 8512/8512
f 8448/8448 8449/8449 8514/8514 8513/8513
f 8449/8449 8450/8450 8515/8515 8514/8514
f 8450/8450 8451/8451 8516/8516 8515/8515
f 8451/8451 8452/8452 8517/8517 8516/8516
f 8452/8452 8453/8453 8518/8518 8517/8517
f 8453/8453 8454/8454 8519/8519 8518/8518
f 8454/8454 8455/8455 8520/8520 8519/8519
f 8455/8455 8456/8456 8521/8521 8520/8520
f 8456/8456 8457/8457 8522/8522 8521/8521
f 8457/8457 8458/8458 8523/8523 8522/8522
f 8458/8458 8459/8459 8524/8524 8523/8523
f 8459/8459 8460/8460 8525/8525 8524/8524
f 8460/8460 8461/8461 8526/8526 8525/8525
f 8462/8462 8463/8463 8138/8138 8137/8137
f 8463/8463 8464/8464 8139/8139 8138/8138
f 8464/8464 8465/8465 8140/8140 8139/8139
f 8465/8465 8466/8466 8141/8141 8140/8140
f 8466/8466 8467/8467 8142/8142 8141/8141
f 8467/8467 8468/8468 8143/8143 8142/8142
f 8468/8468 8469/8469 8144/8144 8143/8143
f 8469/8469 8470/8470 8145/8145 8144/8144
f 8470/8470 8471/8471 8146/8146 8145/8145
f 8471/8471 8472/8472 8147/8147 8146/8146
f 8472/8472 8473/8473 8148/8148 8147/8147
f 8473/8473 8474/8474 8149/8149 8148/8148
f 8474/8474 8475/8475 8150/8150 8149/8149
f 8475/8475 8476/8476 8151/8151 8150/8150
f 8476/8476 8477/8477 8152/8152 8151/8151
f 8477/8477 8478/8478 8153/8153 8152/8152
f 8478/8478 8479/8479 8154/8154 8153/8153
f 8479/8479 8480/8480 8155/8155 8154/8154
f 8480/8480 8481/8481 8156/8156 8155/8155
f 8481/8481 8482/8482 8157/8157 8156/8156
f 8482/8482 8483/8483 8158/8158 8157/8157
f 8483/8483 8484/8484 8159/8159 8158/8158
f 8484/8484 8485/8485 8160/8160 8159/8159
f 8485/8485 8486/8486 8161/8161 8160/8160
f 8486/8486 8487/8487 8162/8162 8161/8161
f 8487/8487 8488/8488 8163/8163 8162/8162
f 8488/8488 8489/8489 8164/8164 8163/8163
f 8489/8489 8490/8490 8165/8165 8164/8164
f 8490/8490 8491/8491 8166/8166 8165/8165
f 8491/8491 8492/8492 8167/8167 8166/8166
f 8492/8492 8493/8493 8168/8168 8167/8167
f 8493/8493 8494/8494 8169/8169 8168/8168
f 8494/8494 8495/8495 8170/8170 8169/8169
f 8495/8495 8496/8496 8171/8171 8170/8170
f 8496/8496 8497/8497 8172/8172 8171/8171
f 8497/8497 8498/8498 8173/8173 8172/8172
f 8498/8498 8499/8499 8174/8174 8173/8173
f 8499/8499 8500/8500 8175/8175 8174/8174
f 8500/8500 8501/8501 8176/8176 8175/8175
f 8501/8501 8502/8502 8177/8177 8176/8176
f 8502/8502 8503/8503 8178/8178 8177/8177
f 8503/8503 8504/8504 8179/8179 8178/8178
f 8504/8504 8505/8505 8180/8180 8179/8179
f 8505/8505 8506/8506 8181/8181 8180/8180
f 8506/8506 8507/8507 8182/8182 8181/8181
f 8507/8507 8508/8508 8183/8183 8182/8182
f 8508/8508 8509/8509 8184/8184 8183/8183
f 8509/8509 8510/8510 8185/8185 8184/8184
f 8510/8510 8511/8511 8186/8186 8185/8185
f 8511/8511 8512/8512 8187/8187 8186/8186
f 8512/8512 8513/8513 8188/8188 8187/8187
f 8513/8513 8514/8514 8189/8189 8188/8188
f 8514/8514 8515/8515 8190/8190 8189/8189
f 8515/8515 8516/8516 8191/8191 8190/8190
f 8516/8516 8517/8517 8192/8192 8191/8191
f 8517/8517 8518/8518 8193/8193 8192/8192
f 8518/8518 8519/8519 8194/8194 8193/8193
f 8519/8519 8520/8520 8195/8195 8194/8194
f 8520/8520 8521/8521 8196/8196 8195/8195
f 8521/8521 8522/8522 8197/8197 8196/8196
f 8522/8522 8523/8523 8198/8198 8197/8197
f 8523/8523 8524/8524 8199/8199 8198/8198
f 8524/8524 8525/8525 8200/8200 8199/8199
f 8525/8525 8526/8526 8201/8201 8200/8200
f 8527/8527 8528/8528 8529/8529
f 8527/8527 8529/8529 8530/8530
f 8531/8531 8532/8532 8533/8533
f 8531/8531 8533/8533 8534/8534
